basis,series_id,days,exact,carried,missing,max_staleness,note,pct_exact,pct_carried,pct_missing
RBI,BRENT,3436,3355,79,2,5,"as-of join, cap 5 calendar days",97.64260768335274,2.29918509895227,0.05820721769499418
RBI,GOLD_USD,3436,3351,85,0,4,"as-of join, cap 5 calendar days",97.52619324796274,2.4738067520372526,0.0
RBI,NIFTY50,3315,3314,1,0,1,"as-of join, cap 5 calendar days",99.96983408748115,0.030165912518853696,0.0
RBI,DXY_BROAD,3436,3285,151,0,4,"as-of join, cap 5 calendar days",95.60535506402795,4.39464493597206,0.0
RBI,VIX,3436,3361,75,0,4,"as-of join, cap 5 calendar days",97.81722933643772,2.1827706635622817,0.0
RBI,UST10Y,3436,3307,129,0,3,"as-of join, cap 5 calendar days",96.24563445867288,3.7543655413271244,0.0
RBI,FFR_UPPER,3436,3436,0,0,0,step series (no staleness cap),100.0,0.0,0.0
RBI,IN_REPO,3296,32,3264,0,729,step series (no staleness cap),0.9708737864077669,99.02912621359224,0.0
FRED,BRENT,3559,3504,55,0,5,"as-of join, cap 5 calendar days",98.45462208485529,1.5453779151447036,0.0
FRED,GOLD_USD,3559,3483,76,0,4,"as-of join, cap 5 calendar days",97.86456869907278,2.1354313009272268,0.0
FRED,NIFTY50,3434,3251,183,0,5,"as-of join, cap 5 calendar days",94.6709376820035,5.329062317996505,0.0
FRED,DXY_BROAD,3559,3543,16,0,5,"as-of join, cap 5 calendar days",99.55043551559427,0.449564484405732,0.0
FRED,VIX,3559,3543,16,0,4,"as-of join, cap 5 calendar days",99.55043551559427,0.449564484405732,0.0
FRED,UST10Y,3559,3548,11,0,1,"as-of join, cap 5 calendar days",99.69092441697106,0.3090755830289407,0.0
FRED,FFR_UPPER,3559,3559,0,0,0,step series (no staleness cap),100.0,0.0,0.0
FRED,IN_REPO,3416,32,3384,0,729,step series (no staleness cap),0.936768149882904,99.06323185011709,0.0
