series_id,first_date,last_date,n_obs,expected_frequency,max_gap_calendar_days,gaps_over_5d,days_behind_build_date,status
BRENT,2013-01-02,2026-09-22,3481,D (business),6,1.0,8,OK
DXY_BROAD,2013-01-02,2026-09-25,3421,D (business),6,1.0,5,OK
FFR_EFFECTIVE,2013-01-01,2026-09-28,5019,D (7-day),1,0.0,2,OK
FFR_UPPER,2013-01-01,2026-09-29,5020,D (7-day),1,0.0,1,OK
GOLD_USD,2013-01-02,2026-09-29,3473,D (business),5,0.0,1,OK
IN_CPI_MOSPI,2013-01-01,2026-08-01,164,M,31,,60,OK
IN_CPI_OECD,2013-01-01,2025-03-01,147,M,31,,578,STALE / ENDS EARLY
IN_FX_RESERVES,2013-01-01,2026-07-01,163,M,31,,91,OK
IN_RBI_FWD_BOOK,2013-01-01,2026-07-01,163,M,31,,91,OK
IN_RBI_FX_NET,2013-01-01,2026-07-01,163,M,31,,91,OK
IN_RBI_FX_PURCHASE,2013-01-01,2026-07-01,163,M,31,,91,OK
IN_RBI_FX_SALE,2013-01-01,2026-07-01,163,M,31,,91,OK
IN_REPO,2013-01-29,2025-12-05,32,event,730,,299,OK
NIFTY50,2013-01-01,2026-09-29,3404,D (business),6,1.0,1,OK
USDINR_FRED,2013-01-02,2026-09-25,3434,D (business),5,0.0,5,OK
USDINR_RBI,2013-01-01,2026-09-29,3315,D (business),6,4.0,1,OK
USDINR_RBI_CLOSE,2013-01-01,2026-06-30,3208,D (business),7,8.0,92,STALE / ENDS EARLY
USDINR_RBI_IBTABLE,2013-01-01,2026-06-30,3248,D (business),6,3.0,92,STALE / ENDS EARLY
USDINR_RBI_INRSTRONG,2013-01-01,2026-06-30,3209,D (business),7,8.0,92,STALE / ENDS EARLY
USDINR_RBI_INRWEAK,2013-01-01,2026-06-30,3209,D (business),7,8.0,92,STALE / ENDS EARLY
USDINR_RBI_OPEN,2013-01-01,2026-06-30,3206,D (business),7,8.0,92,STALE / ENDS EARLY
UST10Y,2013-01-02,2026-09-28,3436,D (business),4,0.0,2,OK
US_CPI,2013-01-01,2026-08-01,163,M,61,,60,OK
VIX,2013-01-02,2026-09-28,3488,D (business),4,0.0,2,OK
