date_key,series_id,period_start,frequency,value,yoy_pct,mom_change,series_version
20130101,US_CPI,2013-01-01,M,231.679,1.684061762098299,,
20130201,US_CPI,2013-02-01,M,232.937,2.0181404902574807,,
20130301,US_CPI,2013-03-01,M,232.282,1.5187472411246183,,
20130401,US_CPI,2013-04-01,M,231.797,1.138808047576867,,
20130501,US_CPI,2013-05-01,M,231.893,1.3903888279197083,,
20130601,US_CPI,2013-06-01,M,232.445,1.7157935271568725,,
20130701,US_CPI,2013-07-01,M,232.9,1.885471805415806,,
20130801,US_CPI,2013-08-01,M,233.456,1.538809488600279,,
20130901,US_CPI,2013-09-01,M,233.544,1.0947341081747997,,
20131001,US_CPI,2013-10-01,M,233.669,0.8767991434911471,,
20131101,US_CPI,2013-11-01,M,234.1,1.2328701961954458,,
20131201,US_CPI,2013-12-01,M,234.719,1.5128383667573295,,
20140101,US_CPI,2014-01-01,M,235.288,1.557758795574915,,
20140201,US_CPI,2014-02-01,M,235.547,1.1204746347724948,,
20140301,US_CPI,2014-03-01,M,236.028,1.6126949139408042,,
20140401,US_CPI,2014-04-01,M,236.468,2.015125303606169,,
20140501,US_CPI,2014-05-01,M,236.918,2.166947687079812,,
20140601,US_CPI,2014-06-01,M,237.231,2.0589816945944195,,
20140701,US_CPI,2014-07-01,M,237.498,1.9742378703305972,,
20140801,US_CPI,2014-08-01,M,237.46,1.7150983482969062,,
20140901,US_CPI,2014-09-01,M,237.477,1.6840509711232077,,
20141001,US_CPI,2014-10-01,M,237.43,1.6095417021513292,,
20141101,US_CPI,2014-11-01,M,236.983,1.231524989320798,,
20141201,US_CPI,2014-12-01,M,236.252,0.6531213919623191,,
20150101,US_CPI,2015-01-01,M,234.747,-0.2299309782054281,,
20150201,US_CPI,2015-02-01,M,235.342,-0.0870314629352053,,
20150301,US_CPI,2015-03-01,M,235.976,-0.0220312844238734,,
20150401,US_CPI,2015-04-01,M,236.222,-0.1040309893939106,,
20150501,US_CPI,2015-05-01,M,237.001,0.0350332182442958,,
20150601,US_CPI,2015-06-01,M,237.657,0.1795718097550525,,
20150701,US_CPI,2015-07-01,M,238.034,0.2256861110409458,,
20150801,US_CPI,2015-08-01,M,238.033,0.2413037985344868,,
20150901,US_CPI,2015-09-01,M,237.498,0.00884296163417,,
20151001,US_CPI,2015-10-01,M,237.733,0.127616560670507,,
20151101,US_CPI,2015-11-01,M,238.017,0.4363182169185187,,
20151201,US_CPI,2015-12-01,M,237.761,0.6387247515364791,,
20160101,US_CPI,2016-01-01,M,237.652,1.2375025026943876,,
20160201,US_CPI,2016-02-01,M,237.336,0.8472775790126619,,
20160301,US_CPI,2016-03-01,M,238.08,0.8916160965521946,,
20160401,US_CPI,2016-04-01,M,238.992,1.1726257503534845,,
20160501,US_CPI,2016-05-01,M,239.557,1.0784764621246223,,
20160601,US_CPI,2016-06-01,M,240.222,1.0792865347959424,,
20160701,US_CPI,2016-07-01,M,240.101,0.8683633430518256,,
20160801,US_CPI,2016-08-01,M,240.545,1.0553158595656864,,
20160901,US_CPI,2016-09-01,M,241.176,1.5486446201652182,,
20161001,US_CPI,2016-10-01,M,241.741,1.685924966243646,,
20161101,US_CPI,2016-11-01,M,242.026,1.6843334719788938,,
20161201,US_CPI,2016-12-01,M,242.637,2.0507989115119862,,
20170101,US_CPI,2017-01-01,M,243.618,2.510393348257112,,
20170201,US_CPI,2017-02-01,M,244.006,2.8103616813294208,,
20170301,US_CPI,2017-03-01,M,243.892,2.44119623655914,,
20170401,US_CPI,2017-04-01,M,244.193,2.176223471915395,,
20170501,US_CPI,2017-05-01,M,244.004,1.856343166761976,,
20170601,US_CPI,2017-06-01,M,244.163,1.640565809959127,,
20170701,US_CPI,2017-07-01,M,244.243,1.7251073506566073,,
20170801,US_CPI,2017-08-01,M,245.183,1.92812155729698,,
20170901,US_CPI,2017-09-01,M,246.435,2.1805652303711787,,
20171001,US_CPI,2017-10-01,M,246.626,2.020757753132485,,
20171101,US_CPI,2017-11-01,M,247.284,2.172493864295566,,
20171201,US_CPI,2017-12-01,M,247.805,2.129930719552253,,
20180101,US_CPI,2018-01-01,M,248.859,2.151318868063945,,
20180201,US_CPI,2018-02-01,M,249.529,2.263468931091861,,
20180301,US_CPI,2018-03-01,M,249.577,2.3309497646499366,,
20180401,US_CPI,2018-04-01,M,250.227,2.4709963021052994,,
20180501,US_CPI,2018-05-01,M,250.792,2.781921607842497,,
20180601,US_CPI,2018-06-01,M,251.018,2.8075506935940187,,
20180701,US_CPI,2018-07-01,M,251.214,2.854124785561929,,
20180801,US_CPI,2018-08-01,M,251.663,2.642923856874257,,
20180901,US_CPI,2018-09-01,M,252.182,2.332055105808828,,
20181001,US_CPI,2018-10-01,M,252.772,2.492032470218053,,
20181101,US_CPI,2018-11-01,M,252.594,2.147328577667773,,
20181201,US_CPI,2018-12-01,M,252.767,2.0023809043401064,,
20190101,US_CPI,2019-01-01,M,252.561,1.4875893578291333,,
20190201,US_CPI,2019-02-01,M,253.319,1.5188615351321877,,
20190301,US_CPI,2019-03-01,M,254.277,1.8831863513063984,,
20190401,US_CPI,2019-04-01,M,255.233,2.000583470209061,,
20190501,US_CPI,2019-05-01,M,255.296,1.7959105553606136,,
20190601,US_CPI,2019-06-01,M,255.213,1.671194894390049,,
20190701,US_CPI,2019-07-01,M,255.802,1.826331335037068,,
20190801,US_CPI,2019-08-01,M,256.036,1.7376412106666406,,
20190901,US_CPI,2019-09-01,M,256.43,1.6844977040391562,,
20191001,US_CPI,2019-10-01,M,257.155,1.7339736996186297,,
20191101,US_CPI,2019-11-01,M,257.879,2.092290394862917,,
20191201,US_CPI,2019-12-01,M,258.63,2.3195274699624457,,
20200101,US_CPI,2020-01-01,M,259.127,2.599767976845202,,
20200201,US_CPI,2020-02-01,M,259.25,2.34131667975952,,
20200301,US_CPI,2020-03-01,M,258.076,1.4940399642909163,,
20200401,US_CPI,2020-04-01,M,256.032,0.3130472940411133,,
20200501,US_CPI,2020-05-01,M,255.802,0.1982013035848551,,
20200601,US_CPI,2020-06-01,M,257.042,0.7166562831830481,,
20200701,US_CPI,2020-07-01,M,258.352,0.9968647625897996,,
20200801,US_CPI,2020-08-01,M,259.316,1.2810698495523851,,
20200901,US_CPI,2020-09-01,M,259.997,1.3910228912373812,,
20201001,US_CPI,2020-10-01,M,260.319,1.2303863428671624,,
20201101,US_CPI,2020-11-01,M,260.911,1.1757452138405844,,
20201201,US_CPI,2020-12-01,M,262.045,1.3204191315779434,,
20210101,US_CPI,2021-01-01,M,262.687,1.3738437137002402,,
20210201,US_CPI,2021-02-01,M,263.579,1.6698167791706853,,
20210301,US_CPI,2021-03-01,M,264.961,2.6678187820641908,,
20210401,US_CPI,2021-04-01,M,266.614,4.133077115360573,,
20210501,US_CPI,2021-05-01,M,268.383,4.918257089467626,,
20210601,US_CPI,2021-06-01,M,270.654,5.295632620349999,,
20210701,US_CPI,2021-07-01,M,271.903,5.245169381309234,,
20210801,US_CPI,2021-08-01,M,272.676,5.152015301793966,,
20210901,US_CPI,2021-09-01,M,273.91,5.351215590949132,,
20211001,US_CPI,2021-10-01,M,276.55,6.235042390298062,,
20211101,US_CPI,2021-11-01,M,278.919,6.901970403700863,,
20211201,US_CPI,2021-12-01,M,280.845,7.174340285065539,,
20220101,US_CPI,2022-01-01,M,282.543,7.558805726967832,,
20220201,US_CPI,2022-02-01,M,284.5,7.937278766517819,,
20220301,US_CPI,2022-03-01,M,287.674,8.572204966013853,,
20220401,US_CPI,2022-04-01,M,288.561,8.231750770777225,,
20220501,US_CPI,2022-05-01,M,291.298,8.538171195642065,,
20220601,US_CPI,2022-06-01,M,294.957,8.979361103105798,,
20220701,US_CPI,2022-07-01,M,294.913,8.462576727730099,,
20220801,US_CPI,2022-08-01,M,295.097,8.222579178218826,,
20220901,US_CPI,2022-09-01,M,296.349,8.192106896425821,,
20221001,US_CPI,2022-10-01,M,298.007,7.758813957693,,
20221101,US_CPI,2022-11-01,M,298.786,7.122856456533988,,
20221201,US_CPI,2022-12-01,M,298.832,6.404600402357152,,
20230101,US_CPI,2023-01-01,M,300.42,6.327178517960097,,
20230201,US_CPI,2023-02-01,M,301.45,5.957820738137087,,
20230301,US_CPI,2023-03-01,M,301.821,4.917719362889961,,
20230401,US_CPI,2023-04-01,M,302.845,4.950079879124369,,
20230501,US_CPI,2023-05-01,M,303.334,4.131851231385042,,
20230601,US_CPI,2023-06-01,M,304.014,3.070617072997095,,
20230701,US_CPI,2023-07-01,M,304.609,3.287749268428297,,
20230801,US_CPI,2023-08-01,M,306.082,3.722504803505289,,
20230901,US_CPI,2023-09-01,M,307.276,3.687206638119256,,
20231001,US_CPI,2023-10-01,M,307.696,3.2512659098611785,,
20231101,US_CPI,2023-11-01,M,308.148,3.133346274591186,,
20231201,US_CPI,2023-12-01,M,308.741,3.3159099427102934,,
20240101,US_CPI,2024-01-01,M,309.698,3.0883429864855705,,
20240201,US_CPI,2024-02-01,M,310.967,3.157074141648697,,
20240301,US_CPI,2024-03-01,M,312.345,3.4868349120836584,,
20240401,US_CPI,2024-04-01,M,313.023,3.3607951262196734,,
20240501,US_CPI,2024-05-01,M,313.175,3.244278584003113,,
20240601,US_CPI,2024-06-01,M,313.044,2.9702579486470926,,
20240701,US_CPI,2024-07-01,M,313.569,2.9414757935583014,,
20240801,US_CPI,2024-08-01,M,314.062,2.607144490692037,,
20240901,US_CPI,2024-09-01,M,314.732,2.4264830315416708,,
20241001,US_CPI,2024-10-01,M,315.631,2.578844053871343,,
20241101,US_CPI,2024-11-01,M,316.528,2.719472461284833,,
20241201,US_CPI,2024-12-01,M,317.604,2.870690967509981,,
20250101,US_CPI,2025-01-01,M,318.961,2.9909783078999608,,
20250201,US_CPI,2025-02-01,M,319.679,2.8015834477613355,,
20250301,US_CPI,2025-03-01,M,319.785,2.381981462805549,,
20250401,US_CPI,2025-04-01,M,320.302,2.32538823025783,,
20250501,US_CPI,2025-05-01,M,320.62,2.3772651073680877,,
20250601,US_CPI,2025-06-01,M,321.435,2.680453865910226,,
20250701,US_CPI,2025-07-01,M,322.169,2.742618052167134,,
20250801,US_CPI,2025-08-01,M,323.291,2.9385917430316155,,
20250901,US_CPI,2025-09-01,M,324.245,3.022571584713329,,
20251101,US_CPI,2025-11-01,M,325.063,2.6964439164939518,,
20251201,US_CPI,2025-12-01,M,326.031,2.653304114557753,,
20260101,US_CPI,2026-01-01,M,326.588,2.391201432150014,,
20260201,US_CPI,2026-02-01,M,327.46,2.4340041103732224,,
20260301,US_CPI,2026-03-01,M,330.293,3.2859577528651984,,
20260401,US_CPI,2026-04-01,M,332.407,3.7792458367415622,,
20260501,US_CPI,2026-05-01,M,333.979,4.166614684049641,,
20260601,US_CPI,2026-06-01,M,332.568,3.463530729385411,,
20260701,US_CPI,2026-07-01,M,332.813,3.303856050706311,,
20260801,US_CPI,2026-08-01,M,334.131,3.353016322755642,,
20130101,IN_CPI_OECD,2013-01-01,M,84.53936999999999,11.616154281238922,,
20130201,IN_CPI_OECD,2013-02-01,M,85.30443000000001,12.06029292589472,,
20130301,IN_CPI_OECD,2013-03-01,M,85.68696,11.442779340280596,,
20130401,IN_CPI_OECD,2013-04-01,M,86.45203000000002,10.243911956395223,,
20130501,IN_CPI_OECD,2013-05-01,M,87.21709,10.679619905230098,,
20130601,IN_CPI_OECD,2013-06-01,M,88.36468,11.057685479825906,,
20130701,IN_CPI_OECD,2013-07-01,M,89.89480999999996,10.84906282742586,,
20130801,IN_CPI_OECD,2013-08-01,M,90.65987,10.747670001765195,,
20130901,IN_CPI_OECD,2013-09-01,M,91.0424,10.69768097876349,,
20131001,IN_CPI_OECD,2013-10-01,M,92.18999,11.059899950909102,,
20131101,IN_CPI_OECD,2013-11-01,M,92.95506,11.46789287865062,,
20131201,IN_CPI_OECD,2013-12-01,M,91.42493,9.13241780206844,,
20140101,IN_CPI_OECD,2014-01-01,M,90.65987,7.239822108918026,,
20140201,IN_CPI_OECD,2014-02-01,M,91.0424,6.72646191997297,,
20140301,IN_CPI_OECD,2014-03-01,M,91.42493,6.696433156223547,,
20140401,IN_CPI_OECD,2014-04-01,M,92.57253,7.079648679157646,,
20140501,IN_CPI_OECD,2014-05-01,M,93.33759,7.017546675771924,,
20140601,IN_CPI_OECD,2014-06-01,M,94.10265,6.493510755654852,,
20140701,IN_CPI_OECD,2014-07-01,M,96.39783,7.234032754505004,,
20140801,IN_CPI_OECD,2014-08-01,M,96.78036,6.751046521465343,,
20140901,IN_CPI_OECD,2014-09-01,M,96.78036,6.302513993479963,,
20141001,IN_CPI_OECD,2014-10-01,M,96.78036,4.9792499163954895,,
20141101,IN_CPI_OECD,2014-11-01,M,96.78036,4.1152143842411615,,
20141201,IN_CPI_OECD,2014-12-01,M,96.78036,5.85773486509642,,
20150101,IN_CPI_OECD,2015-01-01,M,97.1629,7.172997269905634,,
20150201,IN_CPI_OECD,2015-02-01,M,96.78036,6.302513993479963,,
20150301,IN_CPI_OECD,2015-03-01,M,97.1629,6.27615465497211,,
20150401,IN_CPI_OECD,2015-04-01,M,97.92796,5.785117896205283,,
20150501,IN_CPI_OECD,2015-05-01,M,98.69302,5.737699034226185,,
20150601,IN_CPI_OECD,2015-06-01,M,99.84061,6.09755410713726,,
20150701,IN_CPI_OECD,2015-07-01,M,100.6057,4.365108633669457,,
20150801,IN_CPI_OECD,2015-08-01,M,100.9882,4.347824289969582,,
20150901,IN_CPI_OECD,2015-09-01,M,101.7533,5.138377249268333,,
20151001,IN_CPI_OECD,2015-10-01,M,102.9009,6.324155024841804,,
20151101,IN_CPI_OECD,2015-11-01,M,103.2834,6.719379841116524,,
20151201,IN_CPI_OECD,2015-12-01,M,102.9009,6.324155024841804,,
20160101,IN_CPI_OECD,2016-01-01,M,102.9009,5.905546252736382,,
20160201,IN_CPI_OECD,2016-02-01,M,102.1358,5.533602065543053,,
20160301,IN_CPI_OECD,2016-03-01,M,102.5183,5.511774555926174,,
20160401,IN_CPI_OECD,2016-04-01,M,103.6659,5.859348035024925,,
20160501,IN_CPI_OECD,2016-05-01,M,105.196,6.58909819559681,,
20160601,IN_CPI_OECD,2016-06-01,M,105.9611,6.130261023044636,,
20160701,IN_CPI_OECD,2016-07-01,M,107.1087,6.463848469818312,,
20160801,IN_CPI_OECD,2016-08-01,M,106.3436,5.302995795548382,,
20160901,IN_CPI_OECD,2016-09-01,M,105.9611,4.135295857726495,,
20161001,IN_CPI_OECD,2016-10-01,M,106.3436,3.3456461508111213,,
20161101,IN_CPI_OECD,2016-11-01,M,105.9611,2.592575379973927,,
20161201,IN_CPI_OECD,2016-12-01,M,105.196,2.230398373580811,,
20170101,IN_CPI_OECD,2017-01-01,M,104.8135,1.858681508130644,,
20170201,IN_CPI_OECD,2017-02-01,M,104.8135,2.6217056115485526,,
20170301,IN_CPI_OECD,2017-03-01,M,105.196,2.6119239199245525,,
20170401,IN_CPI_OECD,2017-04-01,M,105.9611,2.2140356665017125,,
20170501,IN_CPI_OECD,2017-05-01,M,106.3436,1.0909160044108024,,
20170601,IN_CPI_OECD,2017-06-01,M,107.1087,1.0830389642991545,,
20170701,IN_CPI_OECD,2017-07-01,M,109.0214,1.785755965668523,,
20170801,IN_CPI_OECD,2017-08-01,M,109.0214,2.518064086602312,,
20170901,IN_CPI_OECD,2017-09-01,M,109.0214,2.8881353628831707,,
20171001,IN_CPI_OECD,2017-10-01,M,109.7864,3.2374303672247478,,
20171101,IN_CPI_OECD,2017-11-01,M,110.169,3.971174327182325,,
20171201,IN_CPI_OECD,2017-12-01,M,109.4039,4.000057036389215,,
20180101,IN_CPI_OECD,2018-01-01,M,110.169,5.109551727592332,,
20180201,IN_CPI_OECD,2018-02-01,M,109.7864,4.744522413620378,,
20180301,IN_CPI_OECD,2018-03-01,M,109.7864,4.363664017643254,,
20180401,IN_CPI_OECD,2018-04-01,M,110.169,3.971174327182325,,
20180501,IN_CPI_OECD,2018-05-01,M,110.5515,3.956890682655101,,
20180601,IN_CPI_OECD,2018-06-01,M,111.3165,3.928532416134267,,
20180701,IN_CPI_OECD,2018-07-01,M,115.1419,5.614035409561802,,
20180801,IN_CPI_OECD,2018-08-01,M,115.1419,5.614035409561802,,
20180901,IN_CPI_OECD,2018-09-01,M,115.1419,5.614035409561802,,
20181001,IN_CPI_OECD,2018-10-01,M,115.5244,5.22651257350637,,
20181101,IN_CPI_OECD,2018-11-01,M,115.5244,4.8610770724977215,,
20181201,IN_CPI_OECD,2018-12-01,M,115.1419,5.244785606363234,,
20190101,IN_CPI_OECD,2019-01-01,M,117.437,6.597137125688724,,
20190201,IN_CPI_OECD,2019-02-01,M,117.437,6.968622707366312,,
20190301,IN_CPI_OECD,2019-03-01,M,118.2021,7.665521412488241,,
20190401,IN_CPI_OECD,2019-04-01,M,119.3497,8.333287948515466,,
20190501,IN_CPI_OECD,2019-05-01,M,120.1148,8.650538436837119,,
20190601,IN_CPI_OECD,2019-06-01,M,120.8798,8.591089371297155,,
20190701,IN_CPI_OECD,2019-07-01,M,122.0274,5.980012488937558,,
20190801,IN_CPI_OECD,2019-08-01,M,122.4099,6.3122112801681896,,
20190901,IN_CPI_OECD,2019-09-01,M,123.175,6.976695711986669,,
20191001,IN_CPI_OECD,2019-10-01,M,124.3226,7.61588028156821,,
20191101,IN_CPI_OECD,2019-11-01,M,125.4702,8.609263497581466,,
20191201,IN_CPI_OECD,2019-12-01,M,126.2353,9.634546589903415,,
20200101,IN_CPI_OECD,2020-01-01,M,126.2353,7.491931844308008,,
20200201,IN_CPI_OECD,2020-02-01,M,125.4702,6.840433594182427,,
20200301,IN_CPI_OECD,2020-03-01,M,124.7051,5.501594303316093,,
20200401,IN_CPI_OECD,2020-04-01,M,125.8527,5.448694047827529,,
20200501,IN_CPI_OECD,2020-05-01,M,126.2353,5.09554193155215,,
20200601,IN_CPI_OECD,2020-06-01,M,127.0003,5.063294280764863,,
20200701,IN_CPI_OECD,2020-07-01,M,128.5304,5.329130998447873,,
20200801,IN_CPI_OECD,2020-08-01,M,129.2955,5.625035229993669,,
20200901,IN_CPI_OECD,2020-09-01,M,130.1179,5.636614572762322,,
20201001,IN_CPI_OECD,2020-10-01,M,131.6603,5.902144903661943,,
20201101,IN_CPI_OECD,2020-11-01,M,132.101,5.28476084361067,,
20201201,IN_CPI_OECD,2020-12-01,M,130.8891,3.686607470335179,,
20210101,IN_CPI_OECD,2021-01-01,M,130.22799999999998,3.162902928103306,,
20210201,IN_CPI_OECD,2021-02-01,M,131.1094,4.494453663100861,,
20210301,IN_CPI_OECD,2021-03-01,M,131.7705,5.66568648756145,,
20210401,IN_CPI_OECD,2021-04-01,M,132.3214,5.139897674026872,,
20210501,IN_CPI_OECD,2021-05-01,M,132.8723,5.257641879886221,,
20210601,IN_CPI_OECD,2021-06-01,M,134.0842,5.577860839698823,,
20210701,IN_CPI_OECD,2021-07-01,M,135.2961,5.263890877177713,,
20210801,IN_CPI_OECD,2021-08-01,M,135.5165,4.811459022162423,,
20210901,IN_CPI_OECD,2021-09-01,M,135.847,4.403006811514798,,
20211001,IN_CPI_OECD,2021-10-01,M,137.6098,4.518826100198758,,
20211101,IN_CPI_OECD,2021-11-01,M,138.4912,4.837359293268029,,
20211201,IN_CPI_OECD,2021-12-01,M,138.1607,5.555542822129556,,
20220101,IN_CPI_OECD,2022-01-01,M,137.8302,5.837607887704643,,
20220201,IN_CPI_OECD,2022-02-01,M,137.72,5.042048853857928,,
20220301,IN_CPI_OECD,2022-03-01,M,138.8218,5.351197726349977,,
20220401,IN_CPI_OECD,2022-04-01,M,140.6947,6.328001366370062,,
20220501,IN_CPI_OECD,2022-05-01,M,142.127,6.965108604276438,,
20220601,IN_CPI_OECD,2022-06-01,M,142.3474,6.162694784322076,,
20220701,IN_CPI_OECD,2022-07-01,M,143.1186,5.7817631106883205,,
20220801,IN_CPI_OECD,2022-08-01,M,143.4492,5.853678334372559,,
20220901,IN_CPI_OECD,2022-09-01,M,144.6611,6.488255169418533,,
20221001,IN_CPI_OECD,2022-10-01,M,145.9832,6.084886396172373,,
20221101,IN_CPI_OECD,2022-11-01,M,145.9832,5.409730004505708,,
20221201,IN_CPI_OECD,2022-12-01,M,145.7628,5.5023606568293415,,
20230101,IN_CPI_OECD,2023-01-01,M,146.3137,6.155037139901132,,
20230201,IN_CPI_OECD,2023-02-01,M,146.2036,6.160034853325591,,
20230301,IN_CPI_OECD,2023-03-01,M,146.8646,5.793614547571058,,
20230401,IN_CPI_OECD,2023-04-01,M,147.8562,5.090099342761301,,
20230501,IN_CPI_OECD,2023-05-01,M,148.4071,4.418653739261358,,
20230601,IN_CPI_OECD,2023-06-01,M,150.2801,5.572774774951994,,
20230701,IN_CPI_OECD,2023-07-01,M,153.9159,7.54430241771511,,
20230801,IN_CPI_OECD,2023-08-01,M,153.365,6.912412198882967,,
20230901,IN_CPI_OECD,2023-09-01,M,151.492,4.722001975652046,,
20231001,IN_CPI_OECD,2023-10-01,M,152.4836,4.452841148844522,,
20231101,IN_CPI_OECD,2023-11-01,M,153.2548,4.981121115306397,,
20231201,IN_CPI_OECD,2023-12-01,M,152.9243,4.913119122300058,,
20240101,IN_CPI_OECD,2024-01-01,M,153.0345,4.59341811463998,,
20240201,IN_CPI_OECD,2024-02-01,M,153.365,4.898237799890026,,
20240301,IN_CPI_OECD,2024-03-01,M,153.0345,4.201080450973227,,
20240401,IN_CPI_OECD,2024-04-01,M,153.5853,3.8747783319197815,,
20240501,IN_CPI_OECD,2024-05-01,M,154.1362,3.860394819385316,,
20240601,IN_CPI_OECD,2024-06-01,M,155.7889,3.665688271434475,,
20240701,IN_CPI_OECD,2024-07-01,M,157.2212,2.1474714438209475,,
20240801,IN_CPI_OECD,2024-08-01,M,157.111,2.442539040850256,,
20240901,IN_CPI_OECD,2024-09-01,M,157.8822,4.218176537374929,,
20241001,IN_CPI_OECD,2024-10-01,M,159.2043,4.407490379293244,,
20241101,IN_CPI_OECD,2024-11-01,M,159.2043,3.882097004465757,,
20241201,IN_CPI_OECD,2024-12-01,M,158.3229,3.530243394934618,,
20250101,IN_CPI_OECD,2025-01-01,M,157.772,3.095707177139784,,
20250201,IN_CPI_OECD,2025-02-01,M,157.3313,2.5861832882339453,,
20250301,IN_CPI_OECD,2025-03-01,M,157.5517,2.951752709356392,,
20130101,IN_FX_RESERVES,2013-01-01,M,270765.0327519005,,178.52583471586695,
20130201,IN_FX_RESERVES,2013-02-01,M,266795.0405032266,,-3969.992248673865,
20130301,IN_FX_RESERVES,2013-03-01,M,268506.7833584399,,1711.7428552132917,
20130401,IN_FX_RESERVES,2013-04-01,M,272057.7115785939,,3550.928220153961,
20130501,IN_FX_RESERVES,2013-05-01,M,267186.3985828406,,-4871.312995753309,
20130601,IN_FX_RESERVES,2013-06-01,M,263126.4412126116,,-4059.957370228949,
20130701,IN_FX_RESERVES,2013-07-01,M,259061.2931137395,,-4065.1480988721305,
20130801,IN_FX_RESERVES,2013-08-01,M,256039.5298162577,,-3021.7632974817825,
20130901,IN_FX_RESERVES,2013-09-01,M,257753.2810602818,,1713.7512440240826,
20131001,IN_FX_RESERVES,2013-10-01,M,262567.8217465063,,4814.540686224529,
20131101,IN_FX_RESERVES,2013-11-01,M,272378.0091624218,,9810.187415915483,
20131201,IN_FX_RESERVES,2013-12-01,M,276493.2670923738,,4115.257929952,
20140101,IN_FX_RESERVES,2014-01-01,M,273388.1592724818,,-3105.1078198920004,
20140201,IN_FX_RESERVES,2014-02-01,M,275731.104855813,,2342.945583331224,
20140301,IN_FX_RESERVES,2014-03-01,M,285031.6676485117,,9300.562792698678,
20140401,IN_FX_RESERVES,2014-04-01,M,292401.9494356026,,7370.281787090877,
20140501,IN_FX_RESERVES,2014-05-01,M,293860.5460018609,,1458.5965662582894,
20140601,IN_FX_RESERVES,2014-06-01,M,298024.4460089414,,4163.90000708052,
20140701,IN_FX_RESERVES,2014-07-01,M,301131.7971170087,,3107.35110806732,
20140801,IN_FX_RESERVES,2014-08-01,M,299915.889183565,,-1215.9079334437265,
20140901,IN_FX_RESERVES,2014-09-01,M,296204.4844455284,,-3711.4047380365664,
20141001,IN_FX_RESERVES,2014-10-01,M,298472.8806980663,,2268.396252537903,
20141101,IN_FX_RESERVES,2014-11-01,M,298852.1735298734,,379.2928318071063,
20141201,IN_FX_RESERVES,2014-12-01,M,303454.87492727,,4602.701397396566,
20150101,IN_FX_RESERVES,2015-01-01,M,310606.5163301843,,7151.641402914305,
20150201,IN_FX_RESERVES,2015-02-01,M,319300.4885468092,,8693.972216624883,
20150301,IN_FX_RESERVES,2015-03-01,M,323824.8291685807,,4524.340621771524,
20150401,IN_FX_RESERVES,2015-04-01,M,333725.5036945151,,9900.674525934388,
20150501,IN_FX_RESERVES,2015-05-01,M,334317.6921386608,,592.1884441457223,
20150601,IN_FX_RESERVES,2015-06-01,M,338106.6663673441,,3788.974228683277,
20150701,IN_FX_RESERVES,2015-07-01,M,336336.7366987448,,-1769.929668599274,
20150801,IN_FX_RESERVES,2015-08-01,M,334620.8091691186,,-1715.927529626235,
20150901,IN_FX_RESERVES,2015-09-01,M,333344.7986545899,,-1276.0105145286652,
20151001,IN_FX_RESERVES,2015-10-01,M,336654.2461370837,,3309.4474824937643,
20151101,IN_FX_RESERVES,2015-11-01,M,333851.9540050084,,-2802.292132075294,
20151201,IN_FX_RESERVES,2015-12-01,M,334310.9930251884,,459.0390201800037,
20160101,IN_FX_RESERVES,2016-01-01,M,333077.5921737024,,-1233.400851486018,
20160201,IN_FX_RESERVES,2016-02-01,M,330199.4053241946,,-2878.1868495077942,
20160301,IN_FX_RESERVES,2016-03-01,M,341189.2700798519,,10989.864755657329,
20160401,IN_FX_RESERVES,2016-04-01,M,344140.7161690705,,2951.4460892186034,
20160501,IN_FX_RESERVES,2016-05-01,M,342399.0705308493,,-1741.6456382212343,
20160601,IN_FX_RESERVES,2016-06-01,M,344029.5470949927,,1630.476564143435,
20160701,IN_FX_RESERVES,2016-07-01,M,346011.7643496187,,1982.2172546259824,
20160801,IN_FX_RESERVES,2016-08-01,M,346250.4561215532,,238.6917719345074,
20160901,IN_FX_RESERVES,2016-09-01,M,351667.2923203448,,5416.8361987915705,
20161001,IN_FX_RESERVES,2016-10-01,M,346822.9983555302,,-4844.293964814569,
20161101,IN_FX_RESERVES,2016-11-01,M,341975.7173939801,,-4847.280961550074,
20161201,IN_FX_RESERVES,2016-12-01,M,341145.1946923631,,-830.5227016170393,
20170101,IN_FX_RESERVES,2017-01-01,M,344544.9247719886,,3399.7300796255004,
20170201,IN_FX_RESERVES,2017-02-01,M,345181.1758998174,,636.2511278287857,
20170301,IN_FX_RESERVES,2017-03-01,M,350923.6076402506,,5742.4317404332105,
20170401,IN_FX_RESERVES,2017-04-01,M,353698.2653010083,,2774.657660757716,
20170501,IN_FX_RESERVES,2017-05-01,M,360819.6896978859,,7121.4243968775845,
20170601,IN_FX_RESERVES,2017-06-01,M,366986.7619843135,,6167.072286427603,
20170701,IN_FX_RESERVES,2017-07-01,M,374514.7350025762,,7527.97301826271,
20170801,IN_FX_RESERVES,2017-08-01,M,377934.6603293904,,3419.9253268141765,
20170901,IN_FX_RESERVES,2017-09-01,M,379771.135767886,,1836.4754384956325,
20171001,IN_FX_RESERVES,2017-10-01,M,379329.7434796033,,-441.3922882826882,
20171101,IN_FX_RESERVES,2017-11-01,M,382005.6833289219,,2675.939849318587,
20171201,IN_FX_RESERVES,2017-12-01,M,389350.1479121338,,7344.464583211869,
20180101,IN_FX_RESERVES,2018-01-01,M,401550.0659680832,,12199.918055949442,
20180201,IN_FX_RESERVES,2018-02-01,M,400132.9039010464,,-1417.162067036843,
20180301,IN_FX_RESERVES,2018-03-01,M,403750.6607822373,,3617.7568811909296,
20180401,IN_FX_RESERVES,2018-04-01,M,399532.82321407,,-4217.837568167306,
20180501,IN_FX_RESERVES,2018-05-01,M,391849.9983583844,,-7682.824855685583,
20180601,IN_FX_RESERVES,2018-06-01,M,385400.0775111541,,-6449.9208472303,
20180701,IN_FX_RESERVES,2018-07-01,M,383776.8959723016,,-1623.1815388525138,
20180801,IN_FX_RESERVES,2018-08-01,M,380573.7399033883,,-3203.1560689132893,
20180901,IN_FX_RESERVES,2018-09-01,M,380813.0694537453,,239.3295503570116,
20181001,IN_FX_RESERVES,2018-10-01,M,371888.8060877125,,-8924.2633660328,
20181101,IN_FX_RESERVES,2018-11-01,M,373187.9689807842,,1299.1628930716545,
20181201,IN_FX_RESERVES,2018-12-01,M,374425.187183508,,1237.2182027238305,
20190101,IN_FX_RESERVES,2019-01-01,M,378006.4287110781,,3581.2415275700623,
20190201,IN_FX_RESERVES,2019-02-01,M,379583.8342397808,,1577.405528702715,
20190301,IN_FX_RESERVES,2019-03-01,M,390267.6777629451,,10683.843523164338,
20190401,IN_FX_RESERVES,2019-04-01,M,396238.1766839887,,5970.498921043589,
20190501,IN_FX_RESERVES,2019-05-01,M,399309.6083261927,,3071.431642203999,
20190601,IN_FX_RESERVES,2019-06-01,M,405936.7702127024,,6627.1618865096825,
20190701,IN_FX_RESERVES,2019-07-01,M,403714.7365460517,,-2222.0336666507064,
20190801,IN_FX_RESERVES,2019-08-01,M,401408.3857197943,,-2306.350826257374,
20190901,IN_FX_RESERVES,2019-09-01,M,407452.4531192852,,6044.0673994908575,
20191001,IN_FX_RESERVES,2019-10-01,M,418505.1218817366,,11052.668762451443,
20191101,IN_FX_RESERVES,2019-11-01,M,424853.3076903011,,6348.185808564478,
20191201,IN_FX_RESERVES,2019-12-01,M,432378.3845239692,,7525.076833668107,
20200101,IN_FX_RESERVES,2020-01-01,M,442647.713931224,,10269.329407254816,
20200201,IN_FX_RESERVES,2020-02-01,M,451702.9054675404,,9055.191536316355,
20200301,IN_FX_RESERVES,2020-03-01,M,447527.444119671,,-4175.4613478693645,
20200401,IN_FX_RESERVES,2020-04-01,M,449107.9959661214,,1580.551846450369,
20200501,IN_FX_RESERVES,2020-05-01,M,460963.5369406314,,11855.54097451002,
20200601,IN_FX_RESERVES,2020-06-01,M,472094.3074183697,,11130.77047773829,
20200701,IN_FX_RESERVES,2020-07-01,M,497249.2625508705,,25154.955132500792,
20200801,IN_FX_RESERVES,2020-08-01,M,505303.5654792023,,8054.302928331832,
20200901,IN_FX_RESERVES,2020-09-01,M,508526.9454232154,,3223.3799440130824,
20201001,IN_FX_RESERVES,2020-10-01,M,523969.5585234248,,15442.61310020939,
20201101,IN_FX_RESERVES,2020-11-01,M,539921.508599295,,15951.950075870263,
20201201,IN_FX_RESERVES,2020-12-01,M,549086.8680748652,,9165.359475570149,
20210101,IN_FX_RESERVES,2021-01-01,M,554103.7987820038,,5016.930707138614,
20210201,IN_FX_RESERVES,2021-02-01,M,549399.4096628075,,-4704.389119196334,
20210301,IN_FX_RESERVES,2021-03-01,M,543284.1055792198,,-6115.304083587718,
20210401,IN_FX_RESERVES,2021-04-01,M,552737.3451469374,,9453.239567717654,
20210501,IN_FX_RESERVES,2021-05-01,M,560787.7258979689,,8050.380751031451,
20210601,IN_FX_RESERVES,2021-06-01,M,575510.57922103,,14722.853323061136,
20210701,IN_FX_RESERVES,2021-07-01,M,582672.086473192,,7161.507252161973,
20210801,IN_FX_RESERVES,2021-08-01,M,603136.2428272762,,20464.15635408426,
20210901,IN_FX_RESERVES,2021-09-01,M,598057.1210068922,,-5079.121820384054,
20211001,IN_FX_RESERVES,2021-10-01,M,602272.9253405688,,4215.804333676584,
20211101,IN_FX_RESERVES,2021-11-01,M,599403.7303765339,,-2869.194964034832,
20211201,IN_FX_RESERVES,2021-12-01,M,594356.4840085487,,-5047.246367985266,
20220101,IN_FX_RESERVES,2022-01-01,M,591020.1800199442,,-3336.303988604457,
20220201,IN_FX_RESERVES,2022-02-01,M,590657.7179543489,,-362.46206559531856,
20220301,IN_FX_RESERVES,2022-03-01,M,564868.3496422351,,-25789.3683121138,
20220401,IN_FX_RESERVES,2022-04-01,M,554647.5255724041,,-10220.824069830938,
20220501,IN_FX_RESERVES,2022-05-01,M,562226.718595029,,7579.193022624822,
20220601,IN_FX_RESERVES,2022-06-01,M,548773.9848661596,,-13452.733728869352,
20220701,IN_FX_RESERVES,2022-07-01,M,534690.4129986393,,-14083.57186752034,
20220801,IN_FX_RESERVES,2022-08-01,M,520844.7558656284,,-13845.657133010856,
20220901,IN_FX_RESERVES,2022-09-01,M,495189.2496051697,,-25655.50626045873,
20221001,IN_FX_RESERVES,2022-10-01,M,496564.0139463198,,1374.7643411501194,
20221101,IN_FX_RESERVES,2022-11-01,M,513369.4160423274,,16805.4020960076,
20221201,IN_FX_RESERVES,2022-12-01,M,521419.38395761,,8049.967915282585,
20230101,IN_FX_RESERVES,2023-01-01,M,530592.7187835735,,9173.33482596348,
20230201,IN_FX_RESERVES,2023-02-01,M,521182.6282926304,,-9410.090490943054,
20230301,IN_FX_RESERVES,2023-03-01,M,533279.8183173318,,12097.190024701413,
20230401,IN_FX_RESERVES,2023-04-01,M,544545.9525229732,,11266.13420564134,
20230501,IN_FX_RESERVES,2023-05-01,M,545704.7296607002,,1158.777137727011,
20230601,IN_FX_RESERVES,2023-06-01,M,551201.1058225575,,5496.376161857275,
20230701,IN_FX_RESERVES,2023-07-01,M,560733.7501759918,,9532.644353434329,
20230801,IN_FX_RESERVES,2023-08-01,M,553212.330477409,,-7521.419698582846,
20230901,IN_FX_RESERVES,2023-09-01,M,544405.4482623904,,-8806.8822150185,
20231001,IN_FX_RESERVES,2023-10-01,M,542079.54407151,,-2325.9041908804797,
20231101,IN_FX_RESERVES,2023-11-01,M,556543.0689485712,,14463.524877061252,
20231201,IN_FX_RESERVES,2023-12-01,M,574508.789079883,,17965.7201313118,
20240101,IN_FX_RESERVES,2024-01-01,M,572003.9131293512,,-2504.875950531801,
20240201,IN_FX_RESERVES,2024-02-01,M,577133.1148335566,,5129.201704205363,
20240301,IN_FX_RESERVES,2024-03-01,M,593744.0118690542,,16610.89703549759,
20240401,IN_FX_RESERVES,2024-04-01,M,584311.1562429786,,-9432.855626075529,
20240501,IN_FX_RESERVES,2024-05-01,M,595021.5549090067,,10710.39866602805,
20240601,IN_FX_RESERVES,2024-06-01,M,595473.4339699339,,451.8790609271964,
20240701,IN_FX_RESERVES,2024-07-01,M,612132.4834865757,,16659.049516641768,
20240801,IN_FX_RESERVES,2024-08-01,M,620488.4630147265,,8355.97952815087,
20240901,IN_FX_RESERVES,2024-09-01,M,640051.704087684,,19563.24107295752,
20241001,IN_FX_RESERVES,2024-10-01,M,612406.9933615507,,-27644.710726133315,
20241101,IN_FX_RESERVES,2024-11-01,M,592220.8181869639,,-20186.175174586824,
20241201,IN_FX_RESERVES,2024-12-01,M,569544.2795053157,,-22676.53868164821,
20250101,IN_FX_RESERVES,2025-01-01,M,559693.6301498095,,-9850.649355506175,
20250201,IN_FX_RESERVES,2025-02-01,M,565369.2043951096,,5675.574245300028,
20250301,IN_FX_RESERVES,2025-03-01,M,590192.6469987696,,24823.44260366005,
20250401,IN_FX_RESERVES,2025-04-01,M,604297.1721817167,,14104.52518294705,
20250501,IN_FX_RESERVES,2025-05-01,M,607890.834996649,,3593.6628149322933,
20250601,IN_FX_RESERVES,2025-06-01,M,614818.1658092883,,6927.330812639324,
20250701,IN_FX_RESERVES,2025-07-01,M,605883.8946697812,,-8934.271139507066,
20250801,IN_FX_RESERVES,2025-08-01,M,608042.1458108865,,2158.251141105313,
20250901,IN_FX_RESERVES,2025-09-01,M,602643.6848127457,,-5398.460998140858,
20251001,IN_FX_RESERVES,2025-10-01,M,587985.1497333471,,-14658.535079398542,
20251101,IN_FX_RESERVES,2025-11-01,M,581189.4126638076,,-6795.737069539493,
20251201,IN_FX_RESERVES,2025-12-01,M,576448.951366709,,-4740.461297098664,
20260101,IN_FX_RESERVES,2026-01-01,M,584638.9998012318,,8190.048434522818,
20260201,IN_FX_RESERVES,2026-02-01,M,596852.3033294611,,12213.303528229357,
20260301,IN_FX_RESERVES,2026-03-01,M,575692.8475779619,,-21159.45575149928,
20260401,IN_FX_RESERVES,2026-04-01,M,575504.3959861646,,-188.45159179728944,
20260501,IN_FX_RESERVES,2026-05-01,M,570524.1366495116,,-4980.259336652933,
20260601,IN_FX_RESERVES,2026-06-01,M,566002.4051291485,,-4521.73152036313,
20260701,IN_FX_RESERVES,2026-07-01,M,588163.2609846845,,22160.85585553595,
20130101,IN_RBI_FX_NET,2013-01-01,M,-18.0,,,
20130201,IN_RBI_FX_NET,2013-02-01,M,-280.0,,,
20130301,IN_RBI_FX_NET,2013-03-01,M,820.0,,,
20130401,IN_RBI_FX_NET,2013-04-01,M,518.0,,,
20130501,IN_RBI_FX_NET,2013-05-01,M,-107.0,,,
20130601,IN_RBI_FX_NET,2013-06-01,M,-2252.0,,,
20130701,IN_RBI_FX_NET,2013-07-01,M,-5976.0,,,
20130801,IN_RBI_FX_NET,2013-08-01,M,-2464.0,,,
20130901,IN_RBI_FX_NET,2013-09-01,M,-3548.0,,,
20131001,IN_RBI_FX_NET,2013-10-01,M,3928.0,,,
20131101,IN_RBI_FX_NET,2013-11-01,M,10087.0,,,
20131201,IN_RBI_FX_NET,2013-12-01,M,3483.0,,,
20140101,IN_RBI_FX_NET,2014-01-01,M,-1929.0,,,
20140201,IN_RBI_FX_NET,2014-02-01,M,-530.0,,,
20140301,IN_RBI_FX_NET,2014-03-01,M,7782.0,,,
20140401,IN_RBI_FX_NET,2014-04-01,M,5870.0,,,
20140501,IN_RBI_FX_NET,2014-05-01,M,1786.0,,,
20140601,IN_RBI_FX_NET,2014-06-01,M,597.0,,,
20140701,IN_RBI_FX_NET,2014-07-01,M,5453.0,,,
20140801,IN_RBI_FX_NET,2014-08-01,M,-511.0,,,
20140901,IN_RBI_FX_NET,2014-09-01,M,1437.0,,,
20141001,IN_RBI_FX_NET,2014-10-01,M,2703.0,,,
20141101,IN_RBI_FX_NET,2014-11-01,M,3081.0,,,
20141201,IN_RBI_FX_NET,2014-12-01,M,6739.0,,,
20150101,IN_RBI_FX_NET,2015-01-01,M,12137.0,,,
20150201,IN_RBI_FX_NET,2015-02-01,M,7874.0,,,
20150301,IN_RBI_FX_NET,2015-03-01,M,7671.0,,,
20150401,IN_RBI_FX_NET,2015-04-01,M,5431.0,,,
20150501,IN_RBI_FX_NET,2015-05-01,M,2578.0,,,
20150601,IN_RBI_FX_NET,2015-06-01,M,565.0,,,
20150701,IN_RBI_FX_NET,2015-07-01,M,169.0,,,
20150801,IN_RBI_FX_NET,2015-08-01,M,-1559.0,,,
20150901,IN_RBI_FX_NET,2015-09-01,M,-60.0,,,
20151001,IN_RBI_FX_NET,2015-10-01,M,1934.0,,,
20151101,IN_RBI_FX_NET,2015-11-01,M,15.0,,,
20151201,IN_RBI_FX_NET,2015-12-01,M,-179.0,,,
20160101,IN_RBI_FX_NET,2016-01-01,M,-30.0,,,
20160201,IN_RBI_FX_NET,2016-02-01,M,-3341.0,,,
20160301,IN_RBI_FX_NET,2016-03-01,M,4686.0,,,
20160401,IN_RBI_FX_NET,2016-04-01,M,1339.0,,,
20160501,IN_RBI_FX_NET,2016-05-01,M,554.0,,,
20160601,IN_RBI_FX_NET,2016-06-01,M,1918.0,,,
20160701,IN_RBI_FX_NET,2016-07-01,M,1400.0,,,
20160801,IN_RBI_FX_NET,2016-08-01,M,850.0,,,
20160901,IN_RBI_FX_NET,2016-09-01,M,4649.0,,,
20161001,IN_RBI_FX_NET,2016-10-01,M,-418.0,,,
20161101,IN_RBI_FX_NET,2016-11-01,M,-2718.0,,,
20161201,IN_RBI_FX_NET,2016-12-01,M,463.0,,,
20170101,IN_RBI_FX_NET,2017-01-01,M,-414.0,,,
20170201,IN_RBI_FX_NET,2017-02-01,M,1190.0,,,
20170301,IN_RBI_FX_NET,2017-03-01,M,3538.0,,,
20170401,IN_RBI_FX_NET,2017-04-01,M,566.0,,,
20170501,IN_RBI_FX_NET,2017-05-01,M,5006.0,,,
20170601,IN_RBI_FX_NET,2017-06-01,M,3291.0,,,
20170701,IN_RBI_FX_NET,2017-07-01,M,2953.0,,,
20170801,IN_RBI_FX_NET,2017-08-01,M,3226.0,,,
20170901,IN_RBI_FX_NET,2017-09-01,M,1259.0,,,
20171001,IN_RBI_FX_NET,2017-10-01,M,852.0,,,
20171101,IN_RBI_FX_NET,2017-11-01,M,864.0,,,
20171201,IN_RBI_FX_NET,2017-12-01,M,5647.0,,,
20180101,IN_RBI_FX_NET,2018-01-01,M,7364.0,,,
20180201,IN_RBI_FX_NET,2018-02-01,M,1665.0,,,
20180301,IN_RBI_FX_NET,2018-03-01,M,996.0,,,
20180401,IN_RBI_FX_NET,2018-04-01,M,-2483.0,,,
20180501,IN_RBI_FX_NET,2018-05-01,M,-5767.0,,,
20180601,IN_RBI_FX_NET,2018-06-01,M,-6184.0,,,
20180701,IN_RBI_FX_NET,2018-07-01,M,-1874.0,,,
20180801,IN_RBI_FX_NET,2018-08-01,M,-2323.0,,,
20180901,IN_RBI_FX_NET,2018-09-01,M,-31.0,,,
20181001,IN_RBI_FX_NET,2018-10-01,M,-7204.0,,,
20181101,IN_RBI_FX_NET,2018-11-01,M,-644.0,,,
20181201,IN_RBI_FX_NET,2018-12-01,M,607.0,,,
20190101,IN_RBI_FX_NET,2019-01-01,M,293.0,,,
20190201,IN_RBI_FX_NET,2019-02-01,M,825.0,,,
20190301,IN_RBI_FX_NET,2019-03-01,M,9408.0,,,
20190401,IN_RBI_FX_NET,2019-04-01,M,4901.0,,,
20190501,IN_RBI_FX_NET,2019-05-01,M,2538.0,,,
20190601,IN_RBI_FX_NET,2019-06-01,M,2463.0,,,
20190701,IN_RBI_FX_NET,2019-07-01,M,-93.0,,,
20190801,IN_RBI_FX_NET,2019-08-01,M,-4072.0,,,
20190901,IN_RBI_FX_NET,2019-09-01,M,5614.0,,,
20191001,IN_RBI_FX_NET,2019-10-01,M,7102.0,,,
20191101,IN_RBI_FX_NET,2019-11-01,M,6928.0,,,
20191201,IN_RBI_FX_NET,2019-12-01,M,4360.0,,,
20200101,IN_RBI_FX_NET,2020-01-01,M,10266.0,,,
20200201,IN_RBI_FX_NET,2020-02-01,M,9144.0,,,
20200301,IN_RBI_FX_NET,2020-03-01,M,-4054.0,,,
20200401,IN_RBI_FX_NET,2020-04-01,M,-1142.0,,,
20200501,IN_RBI_FX_NET,2020-05-01,M,4363.0,,,
20200601,IN_RBI_FX_NET,2020-06-01,M,9814.0,,,
20200701,IN_RBI_FX_NET,2020-07-01,M,15973.0,,,
20200801,IN_RBI_FX_NET,2020-08-01,M,5307.0,,,
20200901,IN_RBI_FX_NET,2020-09-01,M,8172.0,,,
20201001,IN_RBI_FX_NET,2020-10-01,M,15640.0,,,
20201101,IN_RBI_FX_NET,2020-11-01,M,10261.0,,,
20201201,IN_RBI_FX_NET,2020-12-01,M,3991.0,,,
20210101,IN_RBI_FX_NET,2021-01-01,M,2854.0,,,
20210201,IN_RBI_FX_NET,2021-02-01,M,-1219.0,,,
20210301,IN_RBI_FX_NET,2021-03-01,M,-5699.0,,,
20210401,IN_RBI_FX_NET,2021-04-01,M,4212.0,,,
20210501,IN_RBI_FX_NET,2021-05-01,M,5842.0,,,
20210601,IN_RBI_FX_NET,2021-06-01,M,18633.0,,,
20210701,IN_RBI_FX_NET,2021-07-01,M,7205.0,,,
20210801,IN_RBI_FX_NET,2021-08-01,M,3747.0,,,
20210901,IN_RBI_FX_NET,2021-09-01,M,791.0,,,
20211001,IN_RBI_FX_NET,2021-10-01,M,-100.0,,,
20211101,IN_RBI_FX_NET,2021-11-01,M,0.0,,,
20211201,IN_RBI_FX_NET,2021-12-01,M,-2917.0,,,
20220101,IN_RBI_FX_NET,2022-01-01,M,-771.0,,,
20220201,IN_RBI_FX_NET,2022-02-01,M,771.0,,,
20220301,IN_RBI_FX_NET,2022-03-01,M,-20101.0,,,
20220401,IN_RBI_FX_NET,2022-04-01,M,1965.0,,,
20220501,IN_RBI_FX_NET,2022-05-01,M,2001.0,,,
20220601,IN_RBI_FX_NET,2022-06-01,M,-3719.0,,,
20220701,IN_RBI_FX_NET,2022-07-01,M,-19049.0,,,
20220801,IN_RBI_FX_NET,2022-08-01,M,-4254.0,,,
20220901,IN_RBI_FX_NET,2022-09-01,M,-10361.0,,,
20221001,IN_RBI_FX_NET,2022-10-01,M,-922.0,,,
20221101,IN_RBI_FX_NET,2022-11-01,M,4361.0,,,
20221201,IN_RBI_FX_NET,2022-12-01,M,3842.0,,,
20230101,IN_RBI_FX_NET,2023-01-01,M,-384.0,,,
20230201,IN_RBI_FX_NET,2023-02-01,M,254.0,,,
20230301,IN_RBI_FX_NET,2023-03-01,M,750.0,,,
20230401,IN_RBI_FX_NET,2023-04-01,M,7704.0,,,
20230501,IN_RBI_FX_NET,2023-05-01,M,7371.0,,,
20230601,IN_RBI_FX_NET,2023-06-01,M,4504.0,,,
20230701,IN_RBI_FX_NET,2023-07-01,M,3472.0,,,
20230801,IN_RBI_FX_NET,2023-08-01,M,-3856.0,,,
20230901,IN_RBI_FX_NET,2023-09-01,M,-1508.0,,,
20231001,IN_RBI_FX_NET,2023-10-01,M,-310.0,,,
20231101,IN_RBI_FX_NET,2023-11-01,M,-1929.0,,,
20231201,IN_RBI_FX_NET,2023-12-01,M,2067.0,,,
20240101,IN_RBI_FX_NET,2024-01-01,M,1950.0,,,
20240201,IN_RBI_FX_NET,2024-02-01,M,8557.0,,,
20240301,IN_RBI_FX_NET,2024-03-01,M,13249.0,,,
20240401,IN_RBI_FX_NET,2024-04-01,M,-3647.0,,,
20240501,IN_RBI_FX_NET,2024-05-01,M,4222.0,,,
20240601,IN_RBI_FX_NET,2024-06-01,M,-2107.0,,,
20240701,IN_RBI_FX_NET,2024-07-01,M,6934.0,,,
20240801,IN_RBI_FX_NET,2024-08-01,M,-6494.0,,,
20240901,IN_RBI_FX_NET,2024-09-01,M,9639.0,,,
20241001,IN_RBI_FX_NET,2024-10-01,M,-9275.0,,,
20241101,IN_RBI_FX_NET,2024-11-01,M,-20228.0,,,
20241201,IN_RBI_FX_NET,2024-12-01,M,-15150.0,,,
20250101,IN_RBI_FX_NET,2025-01-01,M,-11139.0,,,
20250201,IN_RBI_FX_NET,2025-02-01,M,-1621.0,,,
20250301,IN_RBI_FX_NET,2025-03-01,M,14355.0,,,
20250401,IN_RBI_FX_NET,2025-04-01,M,-1660.0,,,
20250501,IN_RBI_FX_NET,2025-05-01,M,1764.0,,,
20250601,IN_RBI_FX_NET,2025-06-01,M,-3661.0,,,
20250701,IN_RBI_FX_NET,2025-07-01,M,-2540.0,,,
20250801,IN_RBI_FX_NET,2025-08-01,M,-7695.0,,,
20250901,IN_RBI_FX_NET,2025-09-01,M,-7910.0,,,
20251001,IN_RBI_FX_NET,2025-10-01,M,-11877.0,,,
20251101,IN_RBI_FX_NET,2025-11-01,M,-9710.0,,,
20251201,IN_RBI_FX_NET,2025-12-01,M,-10020.0,,,
20260101,IN_RBI_FX_NET,2026-01-01,M,2526.0,,,
20260201,IN_RBI_FX_NET,2026-02-01,M,7409.0,,,
20260301,IN_RBI_FX_NET,2026-03-01,M,-9758.0,,,
20260401,IN_RBI_FX_NET,2026-04-01,M,-8944.0,,,
20260501,IN_RBI_FX_NET,2026-05-01,M,-6104.0,,,
20260601,IN_RBI_FX_NET,2026-06-01,M,561.0,,,
20260701,IN_RBI_FX_NET,2026-07-01,M,18652.0,,,
20130101,IN_RBI_FX_PURCHASE,2013-01-01,M,2039.0,,,
20130201,IN_RBI_FX_PURCHASE,2013-02-01,M,3021.0,,,
20130301,IN_RBI_FX_PURCHASE,2013-03-01,M,3165.0,,,
20130401,IN_RBI_FX_PURCHASE,2013-04-01,M,3298.0,,,
20130501,IN_RBI_FX_PURCHASE,2013-05-01,M,3003.0,,,
20130601,IN_RBI_FX_PURCHASE,2013-06-01,M,469.0,,,
20130701,IN_RBI_FX_PURCHASE,2013-07-01,M,50.0,,,
20130801,IN_RBI_FX_PURCHASE,2013-08-01,M,724.0,,,
20130901,IN_RBI_FX_PURCHASE,2013-09-01,M,3369.0,,,
20131001,IN_RBI_FX_PURCHASE,2013-10-01,M,9510.0,,,
20131101,IN_RBI_FX_PURCHASE,2013-11-01,M,17787.0,,,
20131201,IN_RBI_FX_PURCHASE,2013-12-01,M,5057.0,,,
20140101,IN_RBI_FX_PURCHASE,2014-01-01,M,375.0,,,
20140201,IN_RBI_FX_PURCHASE,2014-02-01,M,0.0,,,
20140301,IN_RBI_FX_PURCHASE,2014-03-01,M,9462.0,,,
20140401,IN_RBI_FX_PURCHASE,2014-04-01,M,7850.0,,,
20140501,IN_RBI_FX_PURCHASE,2014-05-01,M,7981.0,,,
20140601,IN_RBI_FX_PURCHASE,2014-06-01,M,3332.0,,,
20140701,IN_RBI_FX_PURCHASE,2014-07-01,M,9348.0,,,
20140801,IN_RBI_FX_PURCHASE,2014-08-01,M,3964.0,,,
20140901,IN_RBI_FX_PURCHASE,2014-09-01,M,11207.0,,,
20141001,IN_RBI_FX_PURCHASE,2014-10-01,M,14257.0,,,
20141101,IN_RBI_FX_PURCHASE,2014-11-01,M,13027.0,,,
20141201,IN_RBI_FX_PURCHASE,2014-12-01,M,17908.0,,,
20150101,IN_RBI_FX_PURCHASE,2015-01-01,M,15259.0,,,
20150201,IN_RBI_FX_PURCHASE,2015-02-01,M,9630.0,,,
20150301,IN_RBI_FX_PURCHASE,2015-03-01,M,10651.0,,,
20150401,IN_RBI_FX_PURCHASE,2015-04-01,M,9756.0,,,
20150501,IN_RBI_FX_PURCHASE,2015-05-01,M,6013.0,,,
20150601,IN_RBI_FX_PURCHASE,2015-06-01,M,5530.0,,,
20150701,IN_RBI_FX_PURCHASE,2015-07-01,M,4123.0,,,
20150801,IN_RBI_FX_PURCHASE,2015-08-01,M,4486.0,,,
20150901,IN_RBI_FX_PURCHASE,2015-09-01,M,6035.0,,,
20151001,IN_RBI_FX_PURCHASE,2015-10-01,M,6996.0,,,
20151101,IN_RBI_FX_PURCHASE,2015-11-01,M,3004.0,,,
20151201,IN_RBI_FX_PURCHASE,2015-12-01,M,2620.0,,,
20160101,IN_RBI_FX_PURCHASE,2016-01-01,M,3240.0,,,
20160201,IN_RBI_FX_PURCHASE,2016-02-01,M,3462.0,,,
20160301,IN_RBI_FX_PURCHASE,2016-03-01,M,8034.0,,,
20160401,IN_RBI_FX_PURCHASE,2016-04-01,M,2639.0,,,
20160501,IN_RBI_FX_PURCHASE,2016-05-01,M,4369.0,,,
20160601,IN_RBI_FX_PURCHASE,2016-06-01,M,3948.0,,,
20160701,IN_RBI_FX_PURCHASE,2016-07-01,M,4465.0,,,
20160801,IN_RBI_FX_PURCHASE,2016-08-01,M,5070.0,,,
20160901,IN_RBI_FX_PURCHASE,2016-09-01,M,9041.0,,,
20161001,IN_RBI_FX_PURCHASE,2016-10-01,M,9548.0,,,
20161101,IN_RBI_FX_PURCHASE,2016-11-01,M,19127.0,,,
20161201,IN_RBI_FX_PURCHASE,2016-12-01,M,4997.0,,,
20170101,IN_RBI_FX_PURCHASE,2017-01-01,M,1335.0,,,
20170201,IN_RBI_FX_PURCHASE,2017-02-01,M,2201.0,,,
20170301,IN_RBI_FX_PURCHASE,2017-03-01,M,5024.0,,,
20170401,IN_RBI_FX_PURCHASE,2017-04-01,M,1751.0,,,
20170501,IN_RBI_FX_PURCHASE,2017-05-01,M,7020.0,,,
20170601,IN_RBI_FX_PURCHASE,2017-06-01,M,4971.0,,,
20170701,IN_RBI_FX_PURCHASE,2017-07-01,M,4893.0,,,
20170801,IN_RBI_FX_PURCHASE,2017-08-01,M,4556.0,,,
20170901,IN_RBI_FX_PURCHASE,2017-09-01,M,3788.0,,,
20171001,IN_RBI_FX_PURCHASE,2017-10-01,M,1910.0,,,
20171101,IN_RBI_FX_PURCHASE,2017-11-01,M,2570.0,,,
20171201,IN_RBI_FX_PURCHASE,2017-12-01,M,6008.0,,,
20180101,IN_RBI_FX_PURCHASE,2018-01-01,M,7953.0,,,
20180201,IN_RBI_FX_PURCHASE,2018-02-01,M,3320.0,,,
20180301,IN_RBI_FX_PURCHASE,2018-03-01,M,3328.0,,,
20180401,IN_RBI_FX_PURCHASE,2018-04-01,M,5536.0,,,
20180501,IN_RBI_FX_PURCHASE,2018-05-01,M,4101.0,,,
20180601,IN_RBI_FX_PURCHASE,2018-06-01,M,4020.0,,,
20180701,IN_RBI_FX_PURCHASE,2018-07-01,M,4129.0,,,
20180801,IN_RBI_FX_PURCHASE,2018-08-01,M,3680.0,,,
20180901,IN_RBI_FX_PURCHASE,2018-09-01,M,1012.0,,,
20181001,IN_RBI_FX_PURCHASE,2018-10-01,M,945.0,,,
20181101,IN_RBI_FX_PURCHASE,2018-11-01,M,3127.0,,,
20181201,IN_RBI_FX_PURCHASE,2018-12-01,M,837.0,,,
20190101,IN_RBI_FX_PURCHASE,2019-01-01,M,1025.0,,,
20190201,IN_RBI_FX_PURCHASE,2019-02-01,M,2086.0,,,
20190301,IN_RBI_FX_PURCHASE,2019-03-01,M,10306.0,,,
20190401,IN_RBI_FX_PURCHASE,2019-04-01,M,7724.0,,,
20190501,IN_RBI_FX_PURCHASE,2019-05-01,M,5118.0,,,
20190601,IN_RBI_FX_PURCHASE,2019-06-01,M,4434.0,,,
20190701,IN_RBI_FX_PURCHASE,2019-07-01,M,1592.0,,,
20190801,IN_RBI_FX_PURCHASE,2019-08-01,M,615.0,,,
20190901,IN_RBI_FX_PURCHASE,2019-09-01,M,6514.0,,,
20191001,IN_RBI_FX_PURCHASE,2019-10-01,M,7302.0,,,
20191101,IN_RBI_FX_PURCHASE,2019-11-01,M,7458.0,,,
20191201,IN_RBI_FX_PURCHASE,2019-12-01,M,5374.0,,,
20200101,IN_RBI_FX_PURCHASE,2020-01-01,M,11486.0,,,
20200201,IN_RBI_FX_PURCHASE,2020-02-01,M,10604.0,,,
20200301,IN_RBI_FX_PURCHASE,2020-03-01,M,3984.0,,,
20200401,IN_RBI_FX_PURCHASE,2020-04-01,M,2450.0,,,
20200501,IN_RBI_FX_PURCHASE,2020-05-01,M,4663.0,,,
20200601,IN_RBI_FX_PURCHASE,2020-06-01,M,14847.0,,,
20200701,IN_RBI_FX_PURCHASE,2020-07-01,M,16903.0,,,
20200801,IN_RBI_FX_PURCHASE,2020-08-01,M,8524.0,,,
20200901,IN_RBI_FX_PURCHASE,2020-09-01,M,13322.0,,,
20201001,IN_RBI_FX_PURCHASE,2020-10-01,M,15640.0,,,
20201101,IN_RBI_FX_PURCHASE,2020-11-01,M,14289.0,,,
20201201,IN_RBI_FX_PURCHASE,2020-12-01,M,10014.0,,,
20210101,IN_RBI_FX_PURCHASE,2021-01-01,M,18225.0,,,
20210201,IN_RBI_FX_PURCHASE,2021-02-01,M,23352.0,,,
20210301,IN_RBI_FX_PURCHASE,2021-03-01,M,20250.0,,,
20210401,IN_RBI_FX_PURCHASE,2021-04-01,M,8182.0,,,
20210501,IN_RBI_FX_PURCHASE,2021-05-01,M,7142.0,,,
20210601,IN_RBI_FX_PURCHASE,2021-06-01,M,21923.0,,,
20210701,IN_RBI_FX_PURCHASE,2021-07-01,M,16160.0,,,
20210801,IN_RBI_FX_PURCHASE,2021-08-01,M,10887.0,,,
20210901,IN_RBI_FX_PURCHASE,2021-09-01,M,9169.0,,,
20211001,IN_RBI_FX_PURCHASE,2021-10-01,M,7755.0,,,
20211101,IN_RBI_FX_PURCHASE,2021-11-01,M,8489.0,,,
20211201,IN_RBI_FX_PURCHASE,2021-12-01,M,7475.0,,,
20220101,IN_RBI_FX_PURCHASE,2022-01-01,M,6548.0,,,
20220201,IN_RBI_FX_PURCHASE,2022-02-01,M,5946.0,,,
20220301,IN_RBI_FX_PURCHASE,2022-03-01,M,4315.0,,,
20220401,IN_RBI_FX_PURCHASE,2022-04-01,M,11965.0,,,
20220501,IN_RBI_FX_PURCHASE,2022-05-01,M,10143.0,,,
20220601,IN_RBI_FX_PURCHASE,2022-06-01,M,18960.0,,,
20220701,IN_RBI_FX_PURCHASE,2022-07-01,M,19721.0,,,
20220801,IN_RBI_FX_PURCHASE,2022-08-01,M,18858.0,,,
20220901,IN_RBI_FX_PURCHASE,2022-09-01,M,23265.0,,,
20221001,IN_RBI_FX_PURCHASE,2022-10-01,M,24855.0,,,
20221101,IN_RBI_FX_PURCHASE,2022-11-01,M,22281.0,,,
20221201,IN_RBI_FX_PURCHASE,2022-12-01,M,12817.0,,,
20230101,IN_RBI_FX_PURCHASE,2023-01-01,M,12902.0,,,
20230201,IN_RBI_FX_PURCHASE,2023-02-01,M,4381.0,,,
20230301,IN_RBI_FX_PURCHASE,2023-03-01,M,6906.0,,,
20230401,IN_RBI_FX_PURCHASE,2023-04-01,M,8404.0,,,
20230501,IN_RBI_FX_PURCHASE,2023-05-01,M,7371.0,,,
20230601,IN_RBI_FX_PURCHASE,2023-06-01,M,7785.0,,,
20230701,IN_RBI_FX_PURCHASE,2023-07-01,M,5315.0,,,
20230801,IN_RBI_FX_PURCHASE,2023-08-01,M,500.0,,,
20230901,IN_RBI_FX_PURCHASE,2023-09-01,M,27757.0,,,
20231001,IN_RBI_FX_PURCHASE,2023-10-01,M,36650.0,,,
20231101,IN_RBI_FX_PURCHASE,2023-11-01,M,34986.0,,,
20231201,IN_RBI_FX_PURCHASE,2023-12-01,M,31730.0,,,
20240101,IN_RBI_FX_PURCHASE,2024-01-01,M,10400.0,,,
20240201,IN_RBI_FX_PURCHASE,2024-02-01,M,8557.0,,,
20240301,IN_RBI_FX_PURCHASE,2024-03-01,M,14841.0,,,
20240401,IN_RBI_FX_PURCHASE,2024-04-01,M,8006.0,,,
20240501,IN_RBI_FX_PURCHASE,2024-05-01,M,23647.0,,,
20240601,IN_RBI_FX_PURCHASE,2024-06-01,M,15936.0,,,
20240701,IN_RBI_FX_PURCHASE,2024-07-01,M,23569.0,,,
20240801,IN_RBI_FX_PURCHASE,2024-08-01,M,16141.0,,,
20240901,IN_RBI_FX_PURCHASE,2024-09-01,M,28930.0,,,
20241001,IN_RBI_FX_PURCHASE,2024-10-01,M,27503.0,,,
20241101,IN_RBI_FX_PURCHASE,2024-11-01,M,30880.0,,,
20241201,IN_RBI_FX_PURCHASE,2024-12-01,M,53898.0,,,
20250101,IN_RBI_FX_PURCHASE,2025-01-01,M,49145.0,,,
20250201,IN_RBI_FX_PURCHASE,2025-02-01,M,45030.0,,,
20250301,IN_RBI_FX_PURCHASE,2025-03-01,M,41515.0,,,
20250401,IN_RBI_FX_PURCHASE,2025-04-01,M,10110.0,,,
20250501,IN_RBI_FX_PURCHASE,2025-05-01,M,9124.0,,,
20250601,IN_RBI_FX_PURCHASE,2025-06-01,M,1164.0,,,
20250701,IN_RBI_FX_PURCHASE,2025-07-01,M,0.0,,,
20250801,IN_RBI_FX_PURCHASE,2025-08-01,M,0.0,,,
20250901,IN_RBI_FX_PURCHASE,2025-09-01,M,2200.0,,,
20251001,IN_RBI_FX_PURCHASE,2025-10-01,M,17685.0,,,
20251101,IN_RBI_FX_PURCHASE,2025-11-01,M,14350.0,,,
20251201,IN_RBI_FX_PURCHASE,2025-12-01,M,18330.0,,,
20260101,IN_RBI_FX_PURCHASE,2026-01-01,M,27999.0,,,
20260201,IN_RBI_FX_PURCHASE,2026-02-01,M,21403.0,,,
20260301,IN_RBI_FX_PURCHASE,2026-03-01,M,19880.0,,,
20260401,IN_RBI_FX_PURCHASE,2026-04-01,M,16225.0,,,
20260501,IN_RBI_FX_PURCHASE,2026-05-01,M,22229.0,,,
20260601,IN_RBI_FX_PURCHASE,2026-06-01,M,30891.0,,,
20260701,IN_RBI_FX_PURCHASE,2026-07-01,M,38417.0,,,
20130101,IN_RBI_FX_SALE,2013-01-01,M,2057.0,,,
20130201,IN_RBI_FX_SALE,2013-02-01,M,3301.0,,,
20130301,IN_RBI_FX_SALE,2013-03-01,M,2345.0,,,
20130401,IN_RBI_FX_SALE,2013-04-01,M,2780.0,,,
20130501,IN_RBI_FX_SALE,2013-05-01,M,3110.0,,,
20130601,IN_RBI_FX_SALE,2013-06-01,M,2721.0,,,
20130701,IN_RBI_FX_SALE,2013-07-01,M,6026.0,,,
20130801,IN_RBI_FX_SALE,2013-08-01,M,3188.0,,,
20130901,IN_RBI_FX_SALE,2013-09-01,M,6917.0,,,
20131001,IN_RBI_FX_SALE,2013-10-01,M,5582.0,,,
20131101,IN_RBI_FX_SALE,2013-11-01,M,7700.0,,,
20131201,IN_RBI_FX_SALE,2013-12-01,M,1574.0,,,
20140101,IN_RBI_FX_SALE,2014-01-01,M,2304.0,,,
20140201,IN_RBI_FX_SALE,2014-02-01,M,530.0,,,
20140301,IN_RBI_FX_SALE,2014-03-01,M,9462.0,,,
20140401,IN_RBI_FX_SALE,2014-04-01,M,1980.0,,,
20140501,IN_RBI_FX_SALE,2014-05-01,M,6195.0,,,
20140601,IN_RBI_FX_SALE,2014-06-01,M,2735.0,,,
20140701,IN_RBI_FX_SALE,2014-07-01,M,3895.0,,,
20140801,IN_RBI_FX_SALE,2014-08-01,M,4475.0,,,
20140901,IN_RBI_FX_SALE,2014-09-01,M,9770.0,,,
20141001,IN_RBI_FX_SALE,2014-10-01,M,11554.0,,,
20141101,IN_RBI_FX_SALE,2014-11-01,M,9946.0,,,
20141201,IN_RBI_FX_SALE,2014-12-01,M,11169.0,,,
20150101,IN_RBI_FX_SALE,2015-01-01,M,3122.0,,,
20150201,IN_RBI_FX_SALE,2015-02-01,M,1756.0,,,
20150301,IN_RBI_FX_SALE,2015-03-01,M,2980.0,,,
20150401,IN_RBI_FX_SALE,2015-04-01,M,4325.0,,,
20150501,IN_RBI_FX_SALE,2015-05-01,M,3435.0,,,
20150601,IN_RBI_FX_SALE,2015-06-01,M,4965.0,,,
20150701,IN_RBI_FX_SALE,2015-07-01,M,3954.0,,,
20150801,IN_RBI_FX_SALE,2015-08-01,M,6045.0,,,
20150901,IN_RBI_FX_SALE,2015-09-01,M,6095.0,,,
20151001,IN_RBI_FX_SALE,2015-10-01,M,5062.0,,,
20151101,IN_RBI_FX_SALE,2015-11-01,M,2989.0,,,
20151201,IN_RBI_FX_SALE,2015-12-01,M,2799.0,,,
20160101,IN_RBI_FX_SALE,2016-01-01,M,3270.0,,,
20160201,IN_RBI_FX_SALE,2016-02-01,M,6803.0,,,
20160301,IN_RBI_FX_SALE,2016-03-01,M,3348.0,,,
20160401,IN_RBI_FX_SALE,2016-04-01,M,1300.0,,,
20160501,IN_RBI_FX_SALE,2016-05-01,M,3815.0,,,
20160601,IN_RBI_FX_SALE,2016-06-01,M,2030.0,,,
20160701,IN_RBI_FX_SALE,2016-07-01,M,3065.0,,,
20160801,IN_RBI_FX_SALE,2016-08-01,M,4220.0,,,
20160901,IN_RBI_FX_SALE,2016-09-01,M,4392.0,,,
20161001,IN_RBI_FX_SALE,2016-10-01,M,9966.0,,,
20161101,IN_RBI_FX_SALE,2016-11-01,M,21845.0,,,
20161201,IN_RBI_FX_SALE,2016-12-01,M,4534.0,,,
20170101,IN_RBI_FX_SALE,2017-01-01,M,1749.0,,,
20170201,IN_RBI_FX_SALE,2017-02-01,M,1011.0,,,
20170301,IN_RBI_FX_SALE,2017-03-01,M,1486.0,,,
20170401,IN_RBI_FX_SALE,2017-04-01,M,1185.0,,,
20170501,IN_RBI_FX_SALE,2017-05-01,M,2014.0,,,
20170601,IN_RBI_FX_SALE,2017-06-01,M,1680.0,,,
20170701,IN_RBI_FX_SALE,2017-07-01,M,1940.0,,,
20170801,IN_RBI_FX_SALE,2017-08-01,M,1330.0,,,
20170901,IN_RBI_FX_SALE,2017-09-01,M,2529.0,,,
20171001,IN_RBI_FX_SALE,2017-10-01,M,1058.0,,,
20171101,IN_RBI_FX_SALE,2017-11-01,M,1706.0,,,
20171201,IN_RBI_FX_SALE,2017-12-01,M,361.0,,,
20180101,IN_RBI_FX_SALE,2018-01-01,M,589.0,,,
20180201,IN_RBI_FX_SALE,2018-02-01,M,1655.0,,,
20180301,IN_RBI_FX_SALE,2018-03-01,M,2332.0,,,
20180401,IN_RBI_FX_SALE,2018-04-01,M,8019.0,,,
20180501,IN_RBI_FX_SALE,2018-05-01,M,9868.0,,,
20180601,IN_RBI_FX_SALE,2018-06-01,M,10204.0,,,
20180701,IN_RBI_FX_SALE,2018-07-01,M,6003.0,,,
20180801,IN_RBI_FX_SALE,2018-08-01,M,6003.0,,,
20180901,IN_RBI_FX_SALE,2018-09-01,M,1043.0,,,
20181001,IN_RBI_FX_SALE,2018-10-01,M,8149.0,,,
20181101,IN_RBI_FX_SALE,2018-11-01,M,3771.0,,,
20181201,IN_RBI_FX_SALE,2018-12-01,M,230.0,,,
20190101,IN_RBI_FX_SALE,2019-01-01,M,732.0,,,
20190201,IN_RBI_FX_SALE,2019-02-01,M,1261.0,,,
20190301,IN_RBI_FX_SALE,2019-03-01,M,898.0,,,
20190401,IN_RBI_FX_SALE,2019-04-01,M,2823.0,,,
20190501,IN_RBI_FX_SALE,2019-05-01,M,2580.0,,,
20190601,IN_RBI_FX_SALE,2019-06-01,M,1971.0,,,
20190701,IN_RBI_FX_SALE,2019-07-01,M,1685.0,,,
20190801,IN_RBI_FX_SALE,2019-08-01,M,4687.0,,,
20190901,IN_RBI_FX_SALE,2019-09-01,M,900.0,,,
20191001,IN_RBI_FX_SALE,2019-10-01,M,200.0,,,
20191101,IN_RBI_FX_SALE,2019-11-01,M,530.0,,,
20191201,IN_RBI_FX_SALE,2019-12-01,M,1014.0,,,
20200101,IN_RBI_FX_SALE,2020-01-01,M,1220.0,,,
20200201,IN_RBI_FX_SALE,2020-02-01,M,1460.0,,,
20200301,IN_RBI_FX_SALE,2020-03-01,M,8038.0,,,
20200401,IN_RBI_FX_SALE,2020-04-01,M,3592.0,,,
20200501,IN_RBI_FX_SALE,2020-05-01,M,300.0,,,
20200601,IN_RBI_FX_SALE,2020-06-01,M,5033.0,,,
20200701,IN_RBI_FX_SALE,2020-07-01,M,930.0,,,
20200801,IN_RBI_FX_SALE,2020-08-01,M,3217.0,,,
20200901,IN_RBI_FX_SALE,2020-09-01,M,5150.0,,,
20201001,IN_RBI_FX_SALE,2020-10-01,M,0.0,,,
20201101,IN_RBI_FX_SALE,2020-11-01,M,4028.0,,,
20201201,IN_RBI_FX_SALE,2020-12-01,M,6023.0,,,
20210101,IN_RBI_FX_SALE,2021-01-01,M,15371.0,,,
20210201,IN_RBI_FX_SALE,2021-02-01,M,24571.0,,,
20210301,IN_RBI_FX_SALE,2021-03-01,M,25949.0,,,
20210401,IN_RBI_FX_SALE,2021-04-01,M,3970.0,,,
20210501,IN_RBI_FX_SALE,2021-05-01,M,1300.0,,,
20210601,IN_RBI_FX_SALE,2021-06-01,M,3290.0,,,
20210701,IN_RBI_FX_SALE,2021-07-01,M,8955.0,,,
20210801,IN_RBI_FX_SALE,2021-08-01,M,7140.0,,,
20210901,IN_RBI_FX_SALE,2021-09-01,M,8378.0,,,
20211001,IN_RBI_FX_SALE,2021-10-01,M,7855.0,,,
20211101,IN_RBI_FX_SALE,2021-11-01,M,8489.0,,,
20211201,IN_RBI_FX_SALE,2021-12-01,M,10392.0,,,
20220101,IN_RBI_FX_SALE,2022-01-01,M,7319.0,,,
20220201,IN_RBI_FX_SALE,2022-02-01,M,5175.0,,,
20220301,IN_RBI_FX_SALE,2022-03-01,M,24416.0,,,
20220401,IN_RBI_FX_SALE,2022-04-01,M,10000.0,,,
20220501,IN_RBI_FX_SALE,2022-05-01,M,8142.0,,,
20220601,IN_RBI_FX_SALE,2022-06-01,M,22679.0,,,
20220701,IN_RBI_FX_SALE,2022-07-01,M,38770.0,,,
20220801,IN_RBI_FX_SALE,2022-08-01,M,23112.0,,,
20220901,IN_RBI_FX_SALE,2022-09-01,M,33626.0,,,
20221001,IN_RBI_FX_SALE,2022-10-01,M,25777.0,,,
20221101,IN_RBI_FX_SALE,2022-11-01,M,17920.0,,,
20221201,IN_RBI_FX_SALE,2022-12-01,M,8975.0,,,
20230101,IN_RBI_FX_SALE,2023-01-01,M,13286.0,,,
20230201,IN_RBI_FX_SALE,2023-02-01,M,4127.0,,,
20230301,IN_RBI_FX_SALE,2023-03-01,M,6156.0,,,
20230401,IN_RBI_FX_SALE,2023-04-01,M,700.0,,,
20230501,IN_RBI_FX_SALE,2023-05-01,M,0.0,,,
20230601,IN_RBI_FX_SALE,2023-06-01,M,3281.0,,,
20230701,IN_RBI_FX_SALE,2023-07-01,M,1843.0,,,
20230801,IN_RBI_FX_SALE,2023-08-01,M,4356.0,,,
20230901,IN_RBI_FX_SALE,2023-09-01,M,29265.0,,,
20231001,IN_RBI_FX_SALE,2023-10-01,M,36960.0,,,
20231101,IN_RBI_FX_SALE,2023-11-01,M,36915.0,,,
20231201,IN_RBI_FX_SALE,2023-12-01,M,29663.0,,,
20240101,IN_RBI_FX_SALE,2024-01-01,M,8450.0,,,
20240201,IN_RBI_FX_SALE,2024-02-01,M,0.0,,,
20240301,IN_RBI_FX_SALE,2024-03-01,M,1592.0,,,
20240401,IN_RBI_FX_SALE,2024-04-01,M,11653.0,,,
20240501,IN_RBI_FX_SALE,2024-05-01,M,19425.0,,,
20240601,IN_RBI_FX_SALE,2024-06-01,M,18043.0,,,
20240701,IN_RBI_FX_SALE,2024-07-01,M,16635.0,,,
20240801,IN_RBI_FX_SALE,2024-08-01,M,22635.0,,,
20240901,IN_RBI_FX_SALE,2024-09-01,M,19291.0,,,
20241001,IN_RBI_FX_SALE,2024-10-01,M,36778.0,,,
20241101,IN_RBI_FX_SALE,2024-11-01,M,51108.0,,,
20241201,IN_RBI_FX_SALE,2024-12-01,M,69048.0,,,
20250101,IN_RBI_FX_SALE,2025-01-01,M,60284.0,,,
20250201,IN_RBI_FX_SALE,2025-02-01,M,46651.0,,,
20250301,IN_RBI_FX_SALE,2025-03-01,M,27160.0,,,
20250401,IN_RBI_FX_SALE,2025-04-01,M,11770.0,,,
20250501,IN_RBI_FX_SALE,2025-05-01,M,7360.0,,,
20250601,IN_RBI_FX_SALE,2025-06-01,M,4825.0,,,
20250701,IN_RBI_FX_SALE,2025-07-01,M,2540.0,,,
20250801,IN_RBI_FX_SALE,2025-08-01,M,7695.0,,,
20250901,IN_RBI_FX_SALE,2025-09-01,M,10110.0,,,
20251001,IN_RBI_FX_SALE,2025-10-01,M,29562.0,,,
20251101,IN_RBI_FX_SALE,2025-11-01,M,24060.0,,,
20251201,IN_RBI_FX_SALE,2025-12-01,M,28350.0,,,
20260101,IN_RBI_FX_SALE,2026-01-01,M,25473.0,,,
20260201,IN_RBI_FX_SALE,2026-02-01,M,13994.0,,,
20260301,IN_RBI_FX_SALE,2026-03-01,M,29638.0,,,
20260401,IN_RBI_FX_SALE,2026-04-01,M,25169.0,,,
20260501,IN_RBI_FX_SALE,2026-05-01,M,28333.0,,,
20260601,IN_RBI_FX_SALE,2026-06-01,M,30330.0,,,
20260701,IN_RBI_FX_SALE,2026-07-01,M,19765.0,,,
20130101,IN_RBI_FWD_BOOK,2013-01-01,M,-12809.0,,,
20130201,IN_RBI_FWD_BOOK,2013-02-01,M,-12110.0,,,
20130301,IN_RBI_FWD_BOOK,2013-03-01,M,-11006.0,,,
20130401,IN_RBI_FWD_BOOK,2013-04-01,M,-8233.0,,,
20130501,IN_RBI_FWD_BOOK,2013-05-01,M,-5800.0,,,
20130601,IN_RBI_FWD_BOOK,2013-06-01,M,-4914.0,,,
20130701,IN_RBI_FWD_BOOK,2013-07-01,M,-4739.0,,,
20130801,IN_RBI_FWD_BOOK,2013-08-01,M,-9051.0,,,
20130901,IN_RBI_FWD_BOOK,2013-09-01,M,-9581.0,,,
20131001,IN_RBI_FWD_BOOK,2013-10-01,M,-14459.0,,,
20131101,IN_RBI_FWD_BOOK,2013-11-01,M,-32549.0,,,
20131201,IN_RBI_FWD_BOOK,2013-12-01,M,-32607.0,,,
20140101,IN_RBI_FWD_BOOK,2014-01-01,M,-31848.0,,,
20140201,IN_RBI_FWD_BOOK,2014-02-01,M,-31318.0,,,
20140301,IN_RBI_FWD_BOOK,2014-03-01,M,-31030.0,,,
20140401,IN_RBI_FWD_BOOK,2014-04-01,M,-32062.0,,,
20140501,IN_RBI_FWD_BOOK,2014-05-01,M,-11463.0,,,
20140601,IN_RBI_FWD_BOOK,2014-06-01,M,-154.0,,,
20140701,IN_RBI_FWD_BOOK,2014-07-01,M,5397.0,,,
20140801,IN_RBI_FWD_BOOK,2014-08-01,M,5818.0,,,
20140901,IN_RBI_FWD_BOOK,2014-09-01,M,8421.0,,,
20141001,IN_RBI_FWD_BOOK,2014-10-01,M,10217.0,,,
20141101,IN_RBI_FWD_BOOK,2014-11-01,M,13236.0,,,
20141201,IN_RBI_FWD_BOOK,2014-12-01,M,6853.0,,,
20150101,IN_RBI_FWD_BOOK,2015-01-01,M,5576.0,,,
20150201,IN_RBI_FWD_BOOK,2015-02-01,M,5832.0,,,
20150301,IN_RBI_FWD_BOOK,2015-03-01,M,8322.0,,,
20150401,IN_RBI_FWD_BOOK,2015-04-01,M,5172.0,,,
20150501,IN_RBI_FWD_BOOK,2015-05-01,M,1862.0,,,
20150601,IN_RBI_FWD_BOOK,2015-06-01,M,2592.0,,,
20150701,IN_RBI_FWD_BOOK,2015-07-01,M,4599.0,,,
20150801,IN_RBI_FWD_BOOK,2015-08-01,M,2901.0,,,
20150901,IN_RBI_FWD_BOOK,2015-09-01,M,1711.0,,,
20151001,IN_RBI_FWD_BOOK,2015-10-01,M,2452.0,,,
20151101,IN_RBI_FWD_BOOK,2015-11-01,M,1487.0,,,
20151201,IN_RBI_FWD_BOOK,2015-12-01,M,1987.0,,,
20160101,IN_RBI_FWD_BOOK,2016-01-01,M,-318.0,,,
20160201,IN_RBI_FWD_BOOK,2016-02-01,M,-2410.0,,,
20160301,IN_RBI_FWD_BOOK,2016-03-01,M,-4253.0,,,
20160401,IN_RBI_FWD_BOOK,2016-04-01,M,-4053.0,,,
20160501,IN_RBI_FWD_BOOK,2016-05-01,M,-5748.0,,,
20160601,IN_RBI_FWD_BOOK,2016-06-01,M,-7431.0,,,
20160701,IN_RBI_FWD_BOOK,2016-07-01,M,-5066.0,,,
20160801,IN_RBI_FWD_BOOK,2016-08-01,M,94.0,,,
20160901,IN_RBI_FWD_BOOK,2016-09-01,M,4890.0,,,
20161001,IN_RBI_FWD_BOOK,2016-10-01,M,5632.0,,,
20161101,IN_RBI_FWD_BOOK,2016-11-01,M,2944.0,,,
20161201,IN_RBI_FWD_BOOK,2016-12-01,M,586.0,,,
20170101,IN_RBI_FWD_BOOK,2017-01-01,M,501.0,,,
20170201,IN_RBI_FWD_BOOK,2017-02-01,M,2842.0,,,
20170301,IN_RBI_FWD_BOOK,2017-03-01,M,10835.0,,,
20170401,IN_RBI_FWD_BOOK,2017-04-01,M,13553.0,,,
20170501,IN_RBI_FWD_BOOK,2017-05-01,M,13601.0,,,
20170601,IN_RBI_FWD_BOOK,2017-06-01,M,17081.0,,,
20170701,IN_RBI_FWD_BOOK,2017-07-01,M,26450.0,,,
20170801,IN_RBI_FWD_BOOK,2017-08-01,M,32823.0,,,
20170901,IN_RBI_FWD_BOOK,2017-09-01,M,31131.0,,,
20171001,IN_RBI_FWD_BOOK,2017-10-01,M,31374.0,,,
20171101,IN_RBI_FWD_BOOK,2017-11-01,M,30615.0,,,
20171201,IN_RBI_FWD_BOOK,2017-12-01,M,29099.0,,,
20180101,IN_RBI_FWD_BOOK,2018-01-01,M,26051.0,,,
20180201,IN_RBI_FWD_BOOK,2018-02-01,M,22668.0,,,
20180301,IN_RBI_FWD_BOOK,2018-03-01,M,20853.0,,,
20180401,IN_RBI_FWD_BOOK,2018-04-01,M,17393.0,,,
20180501,IN_RBI_FWD_BOOK,2018-05-01,M,11252.0,,,
20180601,IN_RBI_FWD_BOOK,2018-06-01,M,10689.0,,,
20180701,IN_RBI_FWD_BOOK,2018-07-01,M,10689.0,,,
20180801,IN_RBI_FWD_BOOK,2018-08-01,M,5730.0,,,
20180901,IN_RBI_FWD_BOOK,2018-09-01,M,-1358.0,,,
20181001,IN_RBI_FWD_BOOK,2018-10-01,M,-2888.0,,,
20181101,IN_RBI_FWD_BOOK,2018-11-01,M,-1924.0,,,
20181201,IN_RBI_FWD_BOOK,2018-12-01,M,-2426.0,,,
20190101,IN_RBI_FWD_BOOK,2019-01-01,M,-3032.0,,,
20190201,IN_RBI_FWD_BOOK,2019-02-01,M,-4372.0,,,
20190301,IN_RBI_FWD_BOOK,2019-03-01,M,-13774.0,,,
20190401,IN_RBI_FWD_BOOK,2019-04-01,M,-18512.0,,,
20190501,IN_RBI_FWD_BOOK,2019-05-01,M,-18288.0,,,
20190601,IN_RBI_FWD_BOOK,2019-06-01,M,-13406.0,,,
20190701,IN_RBI_FWD_BOOK,2019-07-01,M,-8609.0,,,
20190801,IN_RBI_FWD_BOOK,2019-08-01,M,-7848.0,,,
20190901,IN_RBI_FWD_BOOK,2019-09-01,M,-7483.0,,,
20191001,IN_RBI_FWD_BOOK,2019-10-01,M,-7473.0,,,
20191101,IN_RBI_FWD_BOOK,2019-11-01,M,-6143.0,,,
20191201,IN_RBI_FWD_BOOK,2019-12-01,M,-1875.0,,,
20200101,IN_RBI_FWD_BOOK,2020-01-01,M,-1215.0,,,
20200201,IN_RBI_FWD_BOOK,2020-02-01,M,-2295.0,,,
20200301,IN_RBI_FWD_BOOK,2020-03-01,M,-4939.0,,,
20200401,IN_RBI_FWD_BOOK,2020-04-01,M,-1739.0,,,
20200501,IN_RBI_FWD_BOOK,2020-05-01,M,-1958.0,,,
20200601,IN_RBI_FWD_BOOK,2020-06-01,M,2459.0,,,
20200701,IN_RBI_FWD_BOOK,2020-07-01,M,-379.0,,,
20200801,IN_RBI_FWD_BOOK,2020-08-01,M,10351.0,,,
20200901,IN_RBI_FWD_BOOK,2020-09-01,M,13881.0,,,
20201001,IN_RBI_FWD_BOOK,2020-10-01,M,13556.0,,,
20201101,IN_RBI_FWD_BOOK,2020-11-01,M,28344.0,,,
20201201,IN_RBI_FWD_BOOK,2020-12-01,M,39792.0,,,
20210101,IN_RBI_FWD_BOOK,2021-01-01,M,47383.0,,,
20210201,IN_RBI_FWD_BOOK,2021-02-01,M,73201.0,,,
20210301,IN_RBI_FWD_BOOK,2021-03-01,M,72751.0,,,
20210401,IN_RBI_FWD_BOOK,2021-04-01,M,64944.0,,,
20210501,IN_RBI_FWD_BOOK,2021-05-01,M,59852.0,,,
20210601,IN_RBI_FWD_BOOK,2021-06-01,M,49573.0,,,
20210701,IN_RBI_FWD_BOOK,2021-07-01,M,49010.0,,,
20210801,IN_RBI_FWD_BOOK,2021-08-01,M,49606.0,,,
20210901,IN_RBI_FWD_BOOK,2021-09-01,M,49606.0,,,
20211001,IN_RBI_FWD_BOOK,2021-10-01,M,49106.0,,,
20211101,IN_RBI_FWD_BOOK,2021-11-01,M,49106.0,,,
20211201,IN_RBI_FWD_BOOK,2021-12-01,M,49106.0,,,
20220101,IN_RBI_FWD_BOOK,2022-01-01,M,49877.0,,,
20220201,IN_RBI_FWD_BOOK,2022-02-01,M,49106.0,,,
20220301,IN_RBI_FWD_BOOK,2022-03-01,M,65791.0,,,
20220401,IN_RBI_FWD_BOOK,2022-04-01,M,63826.0,,,
20220501,IN_RBI_FWD_BOOK,2022-05-01,M,49191.0,,,
20220601,IN_RBI_FWD_BOOK,2022-06-01,M,30856.0,,,
20220701,IN_RBI_FWD_BOOK,2022-07-01,M,22019.0,,,
20220801,IN_RBI_FWD_BOOK,2022-08-01,M,20164.0,,,
20220901,IN_RBI_FWD_BOOK,2022-09-01,M,10423.0,,,
20221001,IN_RBI_FWD_BOOK,2022-10-01,M,241.0,,,
20221101,IN_RBI_FWD_BOOK,2022-11-01,M,8493.0,,,
20221201,IN_RBI_FWD_BOOK,2022-12-01,M,10968.0,,,
20230101,IN_RBI_FWD_BOOK,2023-01-01,M,21729.0,,,
20230201,IN_RBI_FWD_BOOK,2023-02-01,M,20470.0,,,
20230301,IN_RBI_FWD_BOOK,2023-03-01,M,23600.0,,,
20230401,IN_RBI_FWD_BOOK,2023-04-01,M,19932.0,,,
20230501,IN_RBI_FWD_BOOK,2023-05-01,M,19268.0,,,
20230601,IN_RBI_FWD_BOOK,2023-06-01,M,19468.0,,,
20230701,IN_RBI_FWD_BOOK,2023-07-01,M,19468.0,,,
20230801,IN_RBI_FWD_BOOK,2023-08-01,M,10068.0,,,
20230901,IN_RBI_FWD_BOOK,2023-09-01,M,4642.0,,,
20231001,IN_RBI_FWD_BOOK,2023-10-01,M,-14608.0,,,
20231101,IN_RBI_FWD_BOOK,2023-11-01,M,-11901.0,,,
20231201,IN_RBI_FWD_BOOK,2023-12-01,M,2184.0,,,
20240101,IN_RBI_FWD_BOOK,2024-01-01,M,9974.0,,,
20240201,IN_RBI_FWD_BOOK,2024-02-01,M,9694.0,,,
20240301,IN_RBI_FWD_BOOK,2024-03-01,M,-541.0,,,
20240401,IN_RBI_FWD_BOOK,2024-04-01,M,-16257.0,,,
20240501,IN_RBI_FWD_BOOK,2024-05-01,M,-10360.0,,,
20240601,IN_RBI_FWD_BOOK,2024-06-01,M,-15835.0,,,
20240701,IN_RBI_FWD_BOOK,2024-07-01,M,-9100.0,,,
20240801,IN_RBI_FWD_BOOK,2024-08-01,M,-18980.0,,,
20240901,IN_RBI_FWD_BOOK,2024-09-01,M,-14580.0,,,
20241001,IN_RBI_FWD_BOOK,2024-10-01,M,-49180.0,,,
20241101,IN_RBI_FWD_BOOK,2024-11-01,M,-58850.0,,,
20241201,IN_RBI_FWD_BOOK,2024-12-01,M,-67938.0,,,
20250101,IN_RBI_FWD_BOOK,2025-01-01,M,-77528.0,,,
20250201,IN_RBI_FWD_BOOK,2025-02-01,M,-88753.0,,,
20250301,IN_RBI_FWD_BOOK,2025-03-01,M,-84345.0,,,
20250401,IN_RBI_FWD_BOOK,2025-04-01,M,-72575.0,,,
20250501,IN_RBI_FWD_BOOK,2025-05-01,M,-65215.0,,,
20250601,IN_RBI_FWD_BOOK,2025-06-01,M,-60390.0,,,
20250701,IN_RBI_FWD_BOOK,2025-07-01,M,-57850.0,,,
20250801,IN_RBI_FWD_BOOK,2025-08-01,M,-53355.0,,,
20250901,IN_RBI_FWD_BOOK,2025-09-01,M,-59405.0,,,
20251001,IN_RBI_FWD_BOOK,2025-10-01,M,-63605.0,,,
20251101,IN_RBI_FWD_BOOK,2025-11-01,M,-66045.0,,,
20251201,IN_RBI_FWD_BOOK,2025-12-01,M,-62353.0,,,
20260101,IN_RBI_FWD_BOOK,2026-01-01,M,-67772.0,,,
20260201,IN_RBI_FWD_BOOK,2026-02-01,M,-77666.0,,,
20260301,IN_RBI_FWD_BOOK,2026-03-01,M,-103064.0,,,
20260401,IN_RBI_FWD_BOOK,2026-04-01,M,-95304.0,,,
20260501,IN_RBI_FWD_BOOK,2026-05-01,M,-106658.0,,,
20260601,IN_RBI_FWD_BOOK,2026-06-01,M,-103326.0,,,
20260701,IN_RBI_FWD_BOOK,2026-07-01,M,-136768.0,,,
20130101,IN_CPI_MOSPI,2013-01-01,M,126.3,10.79,,base 2010=100 (Final)
20130201,IN_CPI_MOSPI,2013-02-01,M,127.1,10.91,,base 2010=100 (Final)
20130301,IN_CPI_MOSPI,2013-03-01,M,127.5,10.39,,base 2010=100 (Final)
20130401,IN_CPI_MOSPI,2013-04-01,M,128.1,9.39,,base 2010=100 (Final)
20130501,IN_CPI_MOSPI,2013-05-01,M,129.2,9.31,,base 2010=100 (Final)
20130601,IN_CPI_MOSPI,2013-06-01,M,131.4,9.87,,base 2010=100 (Final)
20130701,IN_CPI_MOSPI,2013-07-01,M,133.1,9.64,,base 2010=100 (Final)
20130801,IN_CPI_MOSPI,2013-08-01,M,134.6,9.52,,base 2010=100 (Final)
20130901,IN_CPI_MOSPI,2013-09-01,M,136.2,9.84,,base 2010=100 (Final)
20131001,IN_CPI_MOSPI,2013-10-01,M,137.6,10.17,,base 2010=100 (Final)
20131101,IN_CPI_MOSPI,2013-11-01,M,139.4,11.16,,base 2010=100 (Final)
20131201,IN_CPI_MOSPI,2013-12-01,M,138.0,9.87,,base 2010=100 (Final)
20140101,IN_CPI_MOSPI,2014-01-01,M,113.6,8.6,,base 2012=100 (Final)
20140201,IN_CPI_MOSPI,2014-02-01,M,113.6,7.88,,base 2012=100 (Final)
20140301,IN_CPI_MOSPI,2014-03-01,M,114.2,8.25,,base 2012=100 (Final)
20140401,IN_CPI_MOSPI,2014-04-01,M,115.1,8.48,,base 2012=100 (Final)
20140501,IN_CPI_MOSPI,2014-05-01,M,115.8,8.33,,base 2012=100 (Final)
20140601,IN_CPI_MOSPI,2014-06-01,M,116.7,6.77,,base 2012=100 (Final)
20140701,IN_CPI_MOSPI,2014-07-01,M,119.2,7.39,,base 2012=100 (Final)
20140801,IN_CPI_MOSPI,2014-08-01,M,120.3,7.03,,base 2012=100 (Final)
20140901,IN_CPI_MOSPI,2014-09-01,M,120.1,5.63,,base 2012=100 (Final)
20141001,IN_CPI_MOSPI,2014-10-01,M,120.1,4.62,,base 2012=100 (Final)
20141101,IN_CPI_MOSPI,2014-11-01,M,120.1,3.27,,base 2012=100 (Final)
20141201,IN_CPI_MOSPI,2014-12-01,M,119.4,4.28,,base 2012=100 (Final)
20150101,IN_CPI_MOSPI,2015-01-01,M,119.5,5.19,,base 2012=100 (Final)
20150201,IN_CPI_MOSPI,2015-02-01,M,119.7,5.37,,base 2012=100 (Final)
20150301,IN_CPI_MOSPI,2015-03-01,M,120.2,5.25,,base 2012=100 (Final)
20150401,IN_CPI_MOSPI,2015-04-01,M,120.7,4.87,,base 2012=100 (Final)
20150501,IN_CPI_MOSPI,2015-05-01,M,121.6,5.01,,base 2012=100 (Final)
20150601,IN_CPI_MOSPI,2015-06-01,M,123.0,5.4,,base 2012=100 (Final)
20150701,IN_CPI_MOSPI,2015-07-01,M,123.6,3.69,,base 2012=100 (Final)
20150801,IN_CPI_MOSPI,2015-08-01,M,124.8,3.74,,base 2012=100 (Final)
20150901,IN_CPI_MOSPI,2015-09-01,M,125.4,4.41,,base 2012=100 (Final)
20151001,IN_CPI_MOSPI,2015-10-01,M,126.1,5.0,,base 2012=100 (Final)
20151101,IN_CPI_MOSPI,2015-11-01,M,126.6,5.41,,base 2012=100 (Final)
20151201,IN_CPI_MOSPI,2015-12-01,M,126.1,5.61,,base 2012=100 (Final)
20160101,IN_CPI_MOSPI,2016-01-01,M,126.3,5.69,,base 2012=100 (Final)
20160201,IN_CPI_MOSPI,2016-02-01,M,126.0,5.26,,base 2012=100 (Final)
20160301,IN_CPI_MOSPI,2016-03-01,M,126.0,4.83,,base 2012=100 (Final)
20160401,IN_CPI_MOSPI,2016-04-01,M,127.3,5.47,,base 2012=100 (Final)
20160501,IN_CPI_MOSPI,2016-05-01,M,128.6,5.76,,base 2012=100 (Final)
20160601,IN_CPI_MOSPI,2016-06-01,M,130.1,5.77,,base 2012=100 (Final)
20160701,IN_CPI_MOSPI,2016-07-01,M,131.1,6.07,,base 2012=100 (Final)
20160801,IN_CPI_MOSPI,2016-08-01,M,131.1,5.05,,base 2012=100 (Final)
20160901,IN_CPI_MOSPI,2016-09-01,M,130.9,4.39,,base 2012=100 (Final)
20161001,IN_CPI_MOSPI,2016-10-01,M,131.4,4.2,,base 2012=100 (Final)
20161101,IN_CPI_MOSPI,2016-11-01,M,131.2,3.63,,base 2012=100 (Final)
20161201,IN_CPI_MOSPI,2016-12-01,M,130.4,3.41,,base 2012=100 (Final)
20170101,IN_CPI_MOSPI,2017-01-01,M,130.3,3.17,,base 2012=100 (Final)
20170201,IN_CPI_MOSPI,2017-02-01,M,130.6,3.65,,base 2012=100 (Final)
20170301,IN_CPI_MOSPI,2017-03-01,M,130.9,3.89,,base 2012=100 (Final)
20170401,IN_CPI_MOSPI,2017-04-01,M,131.1,2.99,,base 2012=100 (Final)
20170501,IN_CPI_MOSPI,2017-05-01,M,131.4,2.18,,base 2012=100 (Final)
20170601,IN_CPI_MOSPI,2017-06-01,M,132.0,1.46,,base 2012=100 (Final)
20170701,IN_CPI_MOSPI,2017-07-01,M,134.2,2.36,,base 2012=100 (Final)
20170801,IN_CPI_MOSPI,2017-08-01,M,135.4,3.28,,base 2012=100 (Final)
20170901,IN_CPI_MOSPI,2017-09-01,M,135.2,3.28,,base 2012=100 (Final)
20171001,IN_CPI_MOSPI,2017-10-01,M,136.1,3.58,,base 2012=100 (Final)
20171101,IN_CPI_MOSPI,2017-11-01,M,137.6,4.88,,base 2012=100 (Final)
20171201,IN_CPI_MOSPI,2017-12-01,M,137.2,5.21,,base 2012=100 (Final)
20180101,IN_CPI_MOSPI,2018-01-01,M,136.9,5.07,,base 2012=100 (Final)
20180201,IN_CPI_MOSPI,2018-02-01,M,136.4,4.44,,base 2012=100 (Final)
20180301,IN_CPI_MOSPI,2018-03-01,M,136.5,4.28,,base 2012=100 (Final)
20180401,IN_CPI_MOSPI,2018-04-01,M,137.1,4.58,,base 2012=100 (Final)
20180501,IN_CPI_MOSPI,2018-05-01,M,137.8,4.87,,base 2012=100 (Final)
20180601,IN_CPI_MOSPI,2018-06-01,M,138.5,4.92,,base 2012=100 (Final)
20180701,IN_CPI_MOSPI,2018-07-01,M,139.8,4.17,,base 2012=100 (Final)
20180801,IN_CPI_MOSPI,2018-08-01,M,140.4,3.69,,base 2012=100 (Final)
20180901,IN_CPI_MOSPI,2018-09-01,M,140.2,3.7,,base 2012=100 (Final)
20181001,IN_CPI_MOSPI,2018-10-01,M,140.7,3.38,,base 2012=100 (Final)
20181101,IN_CPI_MOSPI,2018-11-01,M,140.8,2.33,,base 2012=100 (Final)
20181201,IN_CPI_MOSPI,2018-12-01,M,140.1,2.11,,base 2012=100 (Final)
20190101,IN_CPI_MOSPI,2019-01-01,M,139.6,1.97,,base 2012=100 (Final)
20190201,IN_CPI_MOSPI,2019-02-01,M,139.9,2.57,,base 2012=100 (Final)
20190301,IN_CPI_MOSPI,2019-03-01,M,140.4,2.86,,base 2012=100 (Final)
20190401,IN_CPI_MOSPI,2019-04-01,M,141.2,2.99,,base 2012=100 (Final)
20190501,IN_CPI_MOSPI,2019-05-01,M,142.0,3.05,,base 2012=100 (Final)
20190601,IN_CPI_MOSPI,2019-06-01,M,142.9,3.18,,base 2012=100 (Final)
20190701,IN_CPI_MOSPI,2019-07-01,M,144.2,3.15,,base 2012=100 (Final)
20190801,IN_CPI_MOSPI,2019-08-01,M,145.0,3.28,,base 2012=100 (Final)
20190901,IN_CPI_MOSPI,2019-09-01,M,145.8,3.99,,base 2012=100 (Final)
20191001,IN_CPI_MOSPI,2019-10-01,M,147.2,4.62,,base 2012=100 (Final)
20191101,IN_CPI_MOSPI,2019-11-01,M,148.6,5.54,,base 2012=100 (Final)
20191201,IN_CPI_MOSPI,2019-12-01,M,150.4,7.35,,base 2012=100 (Final)
20200101,IN_CPI_MOSPI,2020-01-01,M,150.2,7.59,,base 2012=100 (Final)
20200201,IN_CPI_MOSPI,2020-02-01,M,149.1,6.58,,base 2012=100 (Final)
20200301,IN_CPI_MOSPI,2020-03-01,M,148.6,5.84,,base 2012=100 (Final)
20200401,IN_CPI_MOSPI,2020-04-01,M,151.4,7.22,,base 2012=100 (Final)
20200501,IN_CPI_MOSPI,2020-05-01,M,150.9,6.27,,base 2012=100 (Final)
20200601,IN_CPI_MOSPI,2020-06-01,M,151.8,6.23,,base 2012=100 (Final)
20200701,IN_CPI_MOSPI,2020-07-01,M,153.9,6.73,,base 2012=100 (Final)
20200801,IN_CPI_MOSPI,2020-08-01,M,154.7,6.69,,base 2012=100 (Final)
20200901,IN_CPI_MOSPI,2020-09-01,M,156.4,7.27,,base 2012=100 (Final)
20201001,IN_CPI_MOSPI,2020-10-01,M,158.4,7.61,,base 2012=100 (Final)
20201101,IN_CPI_MOSPI,2020-11-01,M,158.9,6.93,,base 2012=100 (Final)
20201201,IN_CPI_MOSPI,2020-12-01,M,157.3,4.59,,base 2012=100 (Final)
20210101,IN_CPI_MOSPI,2021-01-01,M,156.3,4.06,,base 2012=100 (Final)
20210201,IN_CPI_MOSPI,2021-02-01,M,156.6,5.03,,base 2012=100 (Final)
20210301,IN_CPI_MOSPI,2021-03-01,M,156.8,5.52,,base 2012=100 (Final)
20210401,IN_CPI_MOSPI,2021-04-01,M,157.8,4.23,,base 2012=100 (Final)
20210501,IN_CPI_MOSPI,2021-05-01,M,160.4,6.3,,base 2012=100 (Final)
20210601,IN_CPI_MOSPI,2021-06-01,M,161.3,6.26,,base 2012=100 (Final)
20210701,IN_CPI_MOSPI,2021-07-01,M,162.5,5.59,,base 2012=100 (Final)
20210801,IN_CPI_MOSPI,2021-08-01,M,162.9,5.3,,base 2012=100 (Final)
20210901,IN_CPI_MOSPI,2021-09-01,M,163.2,4.35,,base 2012=100 (Final)
20211001,IN_CPI_MOSPI,2021-10-01,M,165.5,4.48,,base 2012=100 (Final)
20211101,IN_CPI_MOSPI,2021-11-01,M,166.7,4.91,,base 2012=100 (Final)
20211201,IN_CPI_MOSPI,2021-12-01,M,166.2,5.66,,base 2012=100 (Final)
20220101,IN_CPI_MOSPI,2022-01-01,M,165.7,6.01,,base 2012=100 (Final)
20220201,IN_CPI_MOSPI,2022-02-01,M,166.1,6.07,,base 2012=100 (Final)
20220301,IN_CPI_MOSPI,2022-03-01,M,167.7,6.95,,base 2012=100 (Final)
20220401,IN_CPI_MOSPI,2022-04-01,M,170.1,7.79,,base 2012=100 (Final)
20220501,IN_CPI_MOSPI,2022-05-01,M,171.7,7.04,,base 2012=100 (Final)
20220601,IN_CPI_MOSPI,2022-06-01,M,172.6,7.01,,base 2012=100 (Final)
20220701,IN_CPI_MOSPI,2022-07-01,M,173.4,6.71,,base 2012=100 (Final)
20220801,IN_CPI_MOSPI,2022-08-01,M,174.3,7.0,,base 2012=100 (Final)
20220901,IN_CPI_MOSPI,2022-09-01,M,175.3,7.41,,base 2012=100 (Final)
20221001,IN_CPI_MOSPI,2022-10-01,M,176.7,6.77,,base 2012=100 (Final)
20221101,IN_CPI_MOSPI,2022-11-01,M,176.5,5.88,,base 2012=100 (Final)
20221201,IN_CPI_MOSPI,2022-12-01,M,175.7,5.72,,base 2012=100 (Final)
20230101,IN_CPI_MOSPI,2023-01-01,M,176.5,6.52,,base 2012=100 (Final)
20230201,IN_CPI_MOSPI,2023-02-01,M,176.8,6.44,,base 2012=100 (Final)
20230301,IN_CPI_MOSPI,2023-03-01,M,177.2,5.66,,base 2012=100 (Final)
20230401,IN_CPI_MOSPI,2023-04-01,M,178.1,4.7,,base 2012=100 (Final)
20230501,IN_CPI_MOSPI,2023-05-01,M,179.1,4.31,,base 2012=100 (Final)
20230601,IN_CPI_MOSPI,2023-06-01,M,181.0,4.87,,base 2012=100 (Final)
20230701,IN_CPI_MOSPI,2023-07-01,M,186.3,7.44,,base 2012=100 (Final)
20230801,IN_CPI_MOSPI,2023-08-01,M,186.2,6.83,,base 2012=100 (Final)
20230901,IN_CPI_MOSPI,2023-09-01,M,184.1,5.02,,base 2012=100 (Final)
20231001,IN_CPI_MOSPI,2023-10-01,M,185.3,4.87,,base 2012=100 (Final)
20231101,IN_CPI_MOSPI,2023-11-01,M,186.3,5.55,,base 2012=100 (Final)
20231201,IN_CPI_MOSPI,2023-12-01,M,185.7,5.69,,base 2012=100 (Final)
20240101,IN_CPI_MOSPI,2024-01-01,M,185.5,5.1,,base 2012=100 (Final)
20240201,IN_CPI_MOSPI,2024-02-01,M,185.8,5.09,,base 2012=100 (Final)
20240301,IN_CPI_MOSPI,2024-03-01,M,185.8,4.85,,base 2012=100 (Final)
20240401,IN_CPI_MOSPI,2024-04-01,M,186.7,4.83,,base 2012=100 (Final)
20240501,IN_CPI_MOSPI,2024-05-01,M,187.7,4.8,,base 2012=100 (Final)
20240601,IN_CPI_MOSPI,2024-06-01,M,190.2,5.08,,base 2012=100 (Final)
20240701,IN_CPI_MOSPI,2024-07-01,M,193.0,3.6,,base 2012=100 (Final)
20240801,IN_CPI_MOSPI,2024-08-01,M,193.0,3.65,,base 2012=100 (Final)
20240901,IN_CPI_MOSPI,2024-09-01,M,194.2,5.49,,base 2012=100 (Final)
20241001,IN_CPI_MOSPI,2024-10-01,M,196.8,6.21,,base 2012=100 (Final)
20241101,IN_CPI_MOSPI,2024-11-01,M,196.5,5.48,,base 2012=100 (Final)
20241201,IN_CPI_MOSPI,2024-12-01,M,195.4,5.22,,base 2012=100 (Final)
20250101,IN_CPI_MOSPI,2025-01-01,M,193.4,4.26,,base 2012=100 (Final)
20250201,IN_CPI_MOSPI,2025-02-01,M,192.5,3.61,,base 2012=100 (Final)
20250301,IN_CPI_MOSPI,2025-03-01,M,192.0,3.34,,base 2012=100 (Final)
20250401,IN_CPI_MOSPI,2025-04-01,M,192.6,3.16,,base 2012=100 (Final)
20250501,IN_CPI_MOSPI,2025-05-01,M,193.0,2.82,,base 2012=100 (Final)
20250601,IN_CPI_MOSPI,2025-06-01,M,194.2,2.1,,base 2012=100 (Final)
20250701,IN_CPI_MOSPI,2025-07-01,M,196.1,1.61,,base 2012=100 (Final)
20250801,IN_CPI_MOSPI,2025-08-01,M,197.0,2.07,,base 2012=100 (Final)
20250901,IN_CPI_MOSPI,2025-09-01,M,197.0,1.44,,base 2012=100 (Final)
20251001,IN_CPI_MOSPI,2025-10-01,M,197.3,0.25,,base 2012=100 (Final)
20251101,IN_CPI_MOSPI,2025-11-01,M,197.9,0.71,,base 2012=100 (Final)
20251201,IN_CPI_MOSPI,2025-12-01,M,198.0,1.33,,base 2012=100 (Provisional)
20260101,IN_CPI_MOSPI,2026-01-01,M,104.45,2.73,,base 2024=100 (Final)
20260201,IN_CPI_MOSPI,2026-02-01,M,104.57,3.21,,base 2024=100 (Final)
20260301,IN_CPI_MOSPI,2026-03-01,M,104.84,3.4,,base 2024=100 (Final)
20260401,IN_CPI_MOSPI,2026-04-01,M,105.12,3.48,,base 2024=100 (Final)
20260501,IN_CPI_MOSPI,2026-05-01,M,105.91,3.94,,base 2024=100 (Final)
20260601,IN_CPI_MOSPI,2026-06-01,M,107.0,4.38,,base 2024=100 (Final)
20260701,IN_CPI_MOSPI,2026-07-01,M,107.95,4.45,,base 2024=100 (Final)
20260801,IN_CPI_MOSPI,2026-08-01,M,108.74,4.82,,base 2024=100 (Provisional)
20130101,IN_REPO,2013-01-01,M,7.75,,,
20130201,IN_REPO,2013-02-01,M,7.75,,,
20130301,IN_REPO,2013-03-01,M,7.5,,,
20130401,IN_REPO,2013-04-01,M,7.5,,,
20130501,IN_REPO,2013-05-01,M,7.25,,,
20130601,IN_REPO,2013-06-01,M,7.25,,,
20130701,IN_REPO,2013-07-01,M,7.25,,,
20130801,IN_REPO,2013-08-01,M,7.25,,,
20130901,IN_REPO,2013-09-01,M,7.5,,,
20131001,IN_REPO,2013-10-01,M,7.75,,,
20131101,IN_REPO,2013-11-01,M,7.75,,,
20131201,IN_REPO,2013-12-01,M,7.75,,,
20140101,IN_REPO,2014-01-01,M,8.0,,,
20140201,IN_REPO,2014-02-01,M,8.0,,,
20140301,IN_REPO,2014-03-01,M,8.0,,,
20140401,IN_REPO,2014-04-01,M,8.0,,,
20140501,IN_REPO,2014-05-01,M,8.0,,,
20140601,IN_REPO,2014-06-01,M,8.0,,,
20140701,IN_REPO,2014-07-01,M,8.0,,,
20140801,IN_REPO,2014-08-01,M,8.0,,,
20140901,IN_REPO,2014-09-01,M,8.0,,,
20141001,IN_REPO,2014-10-01,M,8.0,,,
20141101,IN_REPO,2014-11-01,M,8.0,,,
20141201,IN_REPO,2014-12-01,M,8.0,,,
20150101,IN_REPO,2015-01-01,M,7.75,,,
20150201,IN_REPO,2015-02-01,M,7.75,,,
20150301,IN_REPO,2015-03-01,M,7.5,,,
20150401,IN_REPO,2015-04-01,M,7.5,,,
20150501,IN_REPO,2015-05-01,M,7.5,,,
20150601,IN_REPO,2015-06-01,M,7.25,,,
20150701,IN_REPO,2015-07-01,M,7.25,,,
20150801,IN_REPO,2015-08-01,M,7.25,,,
20150901,IN_REPO,2015-09-01,M,6.75,,,
20151001,IN_REPO,2015-10-01,M,6.75,,,
20151101,IN_REPO,2015-11-01,M,6.75,,,
20151201,IN_REPO,2015-12-01,M,6.75,,,
20160101,IN_REPO,2016-01-01,M,6.75,,,
20160201,IN_REPO,2016-02-01,M,6.75,,,
20160301,IN_REPO,2016-03-01,M,6.75,,,
20160401,IN_REPO,2016-04-01,M,6.5,,,
20160501,IN_REPO,2016-05-01,M,6.5,,,
20160601,IN_REPO,2016-06-01,M,6.5,,,
20160701,IN_REPO,2016-07-01,M,6.5,,,
20160801,IN_REPO,2016-08-01,M,6.5,,,
20160901,IN_REPO,2016-09-01,M,6.5,,,
20161001,IN_REPO,2016-10-01,M,6.25,,,
20161101,IN_REPO,2016-11-01,M,6.25,,,
20161201,IN_REPO,2016-12-01,M,6.25,,,
20170101,IN_REPO,2017-01-01,M,6.25,,,
20170201,IN_REPO,2017-02-01,M,6.25,,,
20170301,IN_REPO,2017-03-01,M,6.25,,,
20170401,IN_REPO,2017-04-01,M,6.25,,,
20170501,IN_REPO,2017-05-01,M,6.25,,,
20170601,IN_REPO,2017-06-01,M,6.25,,,
20170701,IN_REPO,2017-07-01,M,6.25,,,
20170801,IN_REPO,2017-08-01,M,6.0,,,
20170901,IN_REPO,2017-09-01,M,6.0,,,
20171001,IN_REPO,2017-10-01,M,6.0,,,
20171101,IN_REPO,2017-11-01,M,6.0,,,
20171201,IN_REPO,2017-12-01,M,6.0,,,
20180101,IN_REPO,2018-01-01,M,6.0,,,
20180201,IN_REPO,2018-02-01,M,6.0,,,
20180301,IN_REPO,2018-03-01,M,6.0,,,
20180401,IN_REPO,2018-04-01,M,6.0,,,
20180501,IN_REPO,2018-05-01,M,6.0,,,
20180601,IN_REPO,2018-06-01,M,6.25,,,
20180701,IN_REPO,2018-07-01,M,6.25,,,
20180801,IN_REPO,2018-08-01,M,6.5,,,
20180901,IN_REPO,2018-09-01,M,6.5,,,
20181001,IN_REPO,2018-10-01,M,6.5,,,
20181101,IN_REPO,2018-11-01,M,6.5,,,
20181201,IN_REPO,2018-12-01,M,6.5,,,
20190101,IN_REPO,2019-01-01,M,6.5,,,
20190201,IN_REPO,2019-02-01,M,6.25,,,
20190301,IN_REPO,2019-03-01,M,6.25,,,
20190401,IN_REPO,2019-04-01,M,6.0,,,
20190501,IN_REPO,2019-05-01,M,6.0,,,
20190601,IN_REPO,2019-06-01,M,5.75,,,
20190701,IN_REPO,2019-07-01,M,5.75,,,
20190801,IN_REPO,2019-08-01,M,5.4,,,
20190901,IN_REPO,2019-09-01,M,5.4,,,
20191001,IN_REPO,2019-10-01,M,5.15,,,
20191101,IN_REPO,2019-11-01,M,5.15,,,
20191201,IN_REPO,2019-12-01,M,5.15,,,
20200101,IN_REPO,2020-01-01,M,5.15,,,
20200201,IN_REPO,2020-02-01,M,5.15,,,
20200301,IN_REPO,2020-03-01,M,4.4,,,
20200401,IN_REPO,2020-04-01,M,4.4,,,
20200501,IN_REPO,2020-05-01,M,4.0,,,
20200601,IN_REPO,2020-06-01,M,4.0,,,
20200701,IN_REPO,2020-07-01,M,4.0,,,
20200801,IN_REPO,2020-08-01,M,4.0,,,
20200901,IN_REPO,2020-09-01,M,4.0,,,
20201001,IN_REPO,2020-10-01,M,4.0,,,
20201101,IN_REPO,2020-11-01,M,4.0,,,
20201201,IN_REPO,2020-12-01,M,4.0,,,
20210101,IN_REPO,2021-01-01,M,4.0,,,
20210201,IN_REPO,2021-02-01,M,4.0,,,
20210301,IN_REPO,2021-03-01,M,4.0,,,
20210401,IN_REPO,2021-04-01,M,4.0,,,
20210501,IN_REPO,2021-05-01,M,4.0,,,
20210601,IN_REPO,2021-06-01,M,4.0,,,
20210701,IN_REPO,2021-07-01,M,4.0,,,
20210801,IN_REPO,2021-08-01,M,4.0,,,
20210901,IN_REPO,2021-09-01,M,4.0,,,
20211001,IN_REPO,2021-10-01,M,4.0,,,
20211101,IN_REPO,2021-11-01,M,4.0,,,
20211201,IN_REPO,2021-12-01,M,4.0,,,
20220101,IN_REPO,2022-01-01,M,4.0,,,
20220201,IN_REPO,2022-02-01,M,4.0,,,
20220301,IN_REPO,2022-03-01,M,4.0,,,
20220401,IN_REPO,2022-04-01,M,4.0,,,
20220501,IN_REPO,2022-05-01,M,4.4,,,
20220601,IN_REPO,2022-06-01,M,4.9,,,
20220701,IN_REPO,2022-07-01,M,4.9,,,
20220801,IN_REPO,2022-08-01,M,5.4,,,
20220901,IN_REPO,2022-09-01,M,5.9,,,
20221001,IN_REPO,2022-10-01,M,5.9,,,
20221101,IN_REPO,2022-11-01,M,5.9,,,
20221201,IN_REPO,2022-12-01,M,6.25,,,
20230101,IN_REPO,2023-01-01,M,6.25,,,
20230201,IN_REPO,2023-02-01,M,6.5,,,
20230301,IN_REPO,2023-03-01,M,6.5,,,
20230401,IN_REPO,2023-04-01,M,6.5,,,
20230501,IN_REPO,2023-05-01,M,6.5,,,
20230601,IN_REPO,2023-06-01,M,6.5,,,
20230701,IN_REPO,2023-07-01,M,6.5,,,
20230801,IN_REPO,2023-08-01,M,6.5,,,
20230901,IN_REPO,2023-09-01,M,6.5,,,
20231001,IN_REPO,2023-10-01,M,6.5,,,
20231101,IN_REPO,2023-11-01,M,6.5,,,
20231201,IN_REPO,2023-12-01,M,6.5,,,
20240101,IN_REPO,2024-01-01,M,6.5,,,
20240201,IN_REPO,2024-02-01,M,6.5,,,
20240301,IN_REPO,2024-03-01,M,6.5,,,
20240401,IN_REPO,2024-04-01,M,6.5,,,
20240501,IN_REPO,2024-05-01,M,6.5,,,
20240601,IN_REPO,2024-06-01,M,6.5,,,
20240701,IN_REPO,2024-07-01,M,6.5,,,
20240801,IN_REPO,2024-08-01,M,6.5,,,
20240901,IN_REPO,2024-09-01,M,6.5,,,
20241001,IN_REPO,2024-10-01,M,6.5,,,
20241101,IN_REPO,2024-11-01,M,6.5,,,
20241201,IN_REPO,2024-12-01,M,6.5,,,
20250101,IN_REPO,2025-01-01,M,6.5,,,
20250201,IN_REPO,2025-02-01,M,6.25,,,
20250301,IN_REPO,2025-03-01,M,6.25,,,
20250401,IN_REPO,2025-04-01,M,6.0,,,
20250501,IN_REPO,2025-05-01,M,6.0,,,
20250601,IN_REPO,2025-06-01,M,5.5,,,
20250701,IN_REPO,2025-07-01,M,5.5,,,
20250801,IN_REPO,2025-08-01,M,5.5,,,
20250901,IN_REPO,2025-09-01,M,5.5,,,
20251001,IN_REPO,2025-10-01,M,5.5,,,
20251101,IN_REPO,2025-11-01,M,5.5,,,
20251201,IN_REPO,2025-12-01,M,5.25,,,
20260101,IN_REPO,2026-01-01,M,5.25,,,
20260201,IN_REPO,2026-02-01,M,5.25,,,
20260301,IN_REPO,2026-03-01,M,5.25,,,
20260401,IN_REPO,2026-04-01,M,5.25,,,
20260501,IN_REPO,2026-05-01,M,5.25,,,
20260601,IN_REPO,2026-06-01,M,5.25,,,
20260701,IN_REPO,2026-07-01,M,5.25,,,
20260801,IN_REPO,2026-08-01,M,5.25,,,
20260901,IN_REPO,2026-09-01,M,5.25,,,
20130101,FFR_UPPER,2013-01-01,M,0.25,,,
20130201,FFR_UPPER,2013-02-01,M,0.25,,,
20130301,FFR_UPPER,2013-03-01,M,0.25,,,
20130401,FFR_UPPER,2013-04-01,M,0.25,,,
20130501,FFR_UPPER,2013-05-01,M,0.25,,,
20130601,FFR_UPPER,2013-06-01,M,0.25,,,
20130701,FFR_UPPER,2013-07-01,M,0.25,,,
20130801,FFR_UPPER,2013-08-01,M,0.25,,,
20130901,FFR_UPPER,2013-09-01,M,0.25,,,
20131001,FFR_UPPER,2013-10-01,M,0.25,,,
20131101,FFR_UPPER,2013-11-01,M,0.25,,,
20131201,FFR_UPPER,2013-12-01,M,0.25,,,
20140101,FFR_UPPER,2014-01-01,M,0.25,,,
20140201,FFR_UPPER,2014-02-01,M,0.25,,,
20140301,FFR_UPPER,2014-03-01,M,0.25,,,
20140401,FFR_UPPER,2014-04-01,M,0.25,,,
20140501,FFR_UPPER,2014-05-01,M,0.25,,,
20140601,FFR_UPPER,2014-06-01,M,0.25,,,
20140701,FFR_UPPER,2014-07-01,M,0.25,,,
20140801,FFR_UPPER,2014-08-01,M,0.25,,,
20140901,FFR_UPPER,2014-09-01,M,0.25,,,
20141001,FFR_UPPER,2014-10-01,M,0.25,,,
20141101,FFR_UPPER,2014-11-01,M,0.25,,,
20141201,FFR_UPPER,2014-12-01,M,0.25,,,
20150101,FFR_UPPER,2015-01-01,M,0.25,,,
20150201,FFR_UPPER,2015-02-01,M,0.25,,,
20150301,FFR_UPPER,2015-03-01,M,0.25,,,
20150401,FFR_UPPER,2015-04-01,M,0.25,,,
20150501,FFR_UPPER,2015-05-01,M,0.25,,,
20150601,FFR_UPPER,2015-06-01,M,0.25,,,
20150701,FFR_UPPER,2015-07-01,M,0.25,,,
20150801,FFR_UPPER,2015-08-01,M,0.25,,,
20150901,FFR_UPPER,2015-09-01,M,0.25,,,
20151001,FFR_UPPER,2015-10-01,M,0.25,,,
20151101,FFR_UPPER,2015-11-01,M,0.25,,,
20151201,FFR_UPPER,2015-12-01,M,0.5,,,
20160101,FFR_UPPER,2016-01-01,M,0.5,,,
20160201,FFR_UPPER,2016-02-01,M,0.5,,,
20160301,FFR_UPPER,2016-03-01,M,0.5,,,
20160401,FFR_UPPER,2016-04-01,M,0.5,,,
20160501,FFR_UPPER,2016-05-01,M,0.5,,,
20160601,FFR_UPPER,2016-06-01,M,0.5,,,
20160701,FFR_UPPER,2016-07-01,M,0.5,,,
20160801,FFR_UPPER,2016-08-01,M,0.5,,,
20160901,FFR_UPPER,2016-09-01,M,0.5,,,
20161001,FFR_UPPER,2016-10-01,M,0.5,,,
20161101,FFR_UPPER,2016-11-01,M,0.5,,,
20161201,FFR_UPPER,2016-12-01,M,0.75,,,
20170101,FFR_UPPER,2017-01-01,M,0.75,,,
20170201,FFR_UPPER,2017-02-01,M,0.75,,,
20170301,FFR_UPPER,2017-03-01,M,1.0,,,
20170401,FFR_UPPER,2017-04-01,M,1.0,,,
20170501,FFR_UPPER,2017-05-01,M,1.0,,,
20170601,FFR_UPPER,2017-06-01,M,1.25,,,
20170701,FFR_UPPER,2017-07-01,M,1.25,,,
20170801,FFR_UPPER,2017-08-01,M,1.25,,,
20170901,FFR_UPPER,2017-09-01,M,1.25,,,
20171001,FFR_UPPER,2017-10-01,M,1.25,,,
20171101,FFR_UPPER,2017-11-01,M,1.25,,,
20171201,FFR_UPPER,2017-12-01,M,1.5,,,
20180101,FFR_UPPER,2018-01-01,M,1.5,,,
20180201,FFR_UPPER,2018-02-01,M,1.5,,,
20180301,FFR_UPPER,2018-03-01,M,1.75,,,
20180401,FFR_UPPER,2018-04-01,M,1.75,,,
20180501,FFR_UPPER,2018-05-01,M,1.75,,,
20180601,FFR_UPPER,2018-06-01,M,2.0,,,
20180701,FFR_UPPER,2018-07-01,M,2.0,,,
20180801,FFR_UPPER,2018-08-01,M,2.0,,,
20180901,FFR_UPPER,2018-09-01,M,2.25,,,
20181001,FFR_UPPER,2018-10-01,M,2.25,,,
20181101,FFR_UPPER,2018-11-01,M,2.25,,,
20181201,FFR_UPPER,2018-12-01,M,2.5,,,
20190101,FFR_UPPER,2019-01-01,M,2.5,,,
20190201,FFR_UPPER,2019-02-01,M,2.5,,,
20190301,FFR_UPPER,2019-03-01,M,2.5,,,
20190401,FFR_UPPER,2019-04-01,M,2.5,,,
20190501,FFR_UPPER,2019-05-01,M,2.5,,,
20190601,FFR_UPPER,2019-06-01,M,2.5,,,
20190701,FFR_UPPER,2019-07-01,M,2.5,,,
20190801,FFR_UPPER,2019-08-01,M,2.25,,,
20190901,FFR_UPPER,2019-09-01,M,2.0,,,
20191001,FFR_UPPER,2019-10-01,M,1.75,,,
20191101,FFR_UPPER,2019-11-01,M,1.75,,,
20191201,FFR_UPPER,2019-12-01,M,1.75,,,
20200101,FFR_UPPER,2020-01-01,M,1.75,,,
20200201,FFR_UPPER,2020-02-01,M,1.75,,,
20200301,FFR_UPPER,2020-03-01,M,0.25,,,
20200401,FFR_UPPER,2020-04-01,M,0.25,,,
20200501,FFR_UPPER,2020-05-01,M,0.25,,,
20200601,FFR_UPPER,2020-06-01,M,0.25,,,
20200701,FFR_UPPER,2020-07-01,M,0.25,,,
20200801,FFR_UPPER,2020-08-01,M,0.25,,,
20200901,FFR_UPPER,2020-09-01,M,0.25,,,
20201001,FFR_UPPER,2020-10-01,M,0.25,,,
20201101,FFR_UPPER,2020-11-01,M,0.25,,,
20201201,FFR_UPPER,2020-12-01,M,0.25,,,
20210101,FFR_UPPER,2021-01-01,M,0.25,,,
20210201,FFR_UPPER,2021-02-01,M,0.25,,,
20210301,FFR_UPPER,2021-03-01,M,0.25,,,
20210401,FFR_UPPER,2021-04-01,M,0.25,,,
20210501,FFR_UPPER,2021-05-01,M,0.25,,,
20210601,FFR_UPPER,2021-06-01,M,0.25,,,
20210701,FFR_UPPER,2021-07-01,M,0.25,,,
20210801,FFR_UPPER,2021-08-01,M,0.25,,,
20210901,FFR_UPPER,2021-09-01,M,0.25,,,
20211001,FFR_UPPER,2021-10-01,M,0.25,,,
20211101,FFR_UPPER,2021-11-01,M,0.25,,,
20211201,FFR_UPPER,2021-12-01,M,0.25,,,
20220101,FFR_UPPER,2022-01-01,M,0.25,,,
20220201,FFR_UPPER,2022-02-01,M,0.25,,,
20220301,FFR_UPPER,2022-03-01,M,0.5,,,
20220401,FFR_UPPER,2022-04-01,M,0.5,,,
20220501,FFR_UPPER,2022-05-01,M,1.0,,,
20220601,FFR_UPPER,2022-06-01,M,1.75,,,
20220701,FFR_UPPER,2022-07-01,M,2.5,,,
20220801,FFR_UPPER,2022-08-01,M,2.5,,,
20220901,FFR_UPPER,2022-09-01,M,3.25,,,
20221001,FFR_UPPER,2022-10-01,M,3.25,,,
20221101,FFR_UPPER,2022-11-01,M,4.0,,,
20221201,FFR_UPPER,2022-12-01,M,4.5,,,
20230101,FFR_UPPER,2023-01-01,M,4.5,,,
20230201,FFR_UPPER,2023-02-01,M,4.75,,,
20230301,FFR_UPPER,2023-03-01,M,5.0,,,
20230401,FFR_UPPER,2023-04-01,M,5.0,,,
20230501,FFR_UPPER,2023-05-01,M,5.25,,,
20230601,FFR_UPPER,2023-06-01,M,5.25,,,
20230701,FFR_UPPER,2023-07-01,M,5.5,,,
20230801,FFR_UPPER,2023-08-01,M,5.5,,,
20230901,FFR_UPPER,2023-09-01,M,5.5,,,
20231001,FFR_UPPER,2023-10-01,M,5.5,,,
20231101,FFR_UPPER,2023-11-01,M,5.5,,,
20231201,FFR_UPPER,2023-12-01,M,5.5,,,
20240101,FFR_UPPER,2024-01-01,M,5.5,,,
20240201,FFR_UPPER,2024-02-01,M,5.5,,,
20240301,FFR_UPPER,2024-03-01,M,5.5,,,
20240401,FFR_UPPER,2024-04-01,M,5.5,,,
20240501,FFR_UPPER,2024-05-01,M,5.5,,,
20240601,FFR_UPPER,2024-06-01,M,5.5,,,
20240701,FFR_UPPER,2024-07-01,M,5.5,,,
20240801,FFR_UPPER,2024-08-01,M,5.5,,,
20240901,FFR_UPPER,2024-09-01,M,5.0,,,
20241001,FFR_UPPER,2024-10-01,M,5.0,,,
20241101,FFR_UPPER,2024-11-01,M,4.75,,,
20241201,FFR_UPPER,2024-12-01,M,4.5,,,
20250101,FFR_UPPER,2025-01-01,M,4.5,,,
20250201,FFR_UPPER,2025-02-01,M,4.5,,,
20250301,FFR_UPPER,2025-03-01,M,4.5,,,
20250401,FFR_UPPER,2025-04-01,M,4.5,,,
20250501,FFR_UPPER,2025-05-01,M,4.5,,,
20250601,FFR_UPPER,2025-06-01,M,4.5,,,
20250701,FFR_UPPER,2025-07-01,M,4.5,,,
20250801,FFR_UPPER,2025-08-01,M,4.5,,,
20250901,FFR_UPPER,2025-09-01,M,4.25,,,
20251001,FFR_UPPER,2025-10-01,M,4.0,,,
20251101,FFR_UPPER,2025-11-01,M,4.0,,,
20251201,FFR_UPPER,2025-12-01,M,3.75,,,
20260101,FFR_UPPER,2026-01-01,M,3.75,,,
20260201,FFR_UPPER,2026-02-01,M,3.75,,,
20260301,FFR_UPPER,2026-03-01,M,3.75,,,
20260401,FFR_UPPER,2026-04-01,M,3.75,,,
20260501,FFR_UPPER,2026-05-01,M,3.75,,,
20260601,FFR_UPPER,2026-06-01,M,3.75,,,
20260701,FFR_UPPER,2026-07-01,M,3.75,,,
20260801,FFR_UPPER,2026-08-01,M,3.75,,,
20260901,FFR_UPPER,2026-09-01,M,4.0,,,
20130101,RATE_DIFF_IN_US,2013-01-01,M,7.5,,,
20130201,RATE_DIFF_IN_US,2013-02-01,M,7.5,,,
20130301,RATE_DIFF_IN_US,2013-03-01,M,7.25,,,
20130401,RATE_DIFF_IN_US,2013-04-01,M,7.25,,,
20130501,RATE_DIFF_IN_US,2013-05-01,M,7.0,,,
20130601,RATE_DIFF_IN_US,2013-06-01,M,7.0,,,
20130701,RATE_DIFF_IN_US,2013-07-01,M,7.0,,,
20130801,RATE_DIFF_IN_US,2013-08-01,M,7.0,,,
20130901,RATE_DIFF_IN_US,2013-09-01,M,7.25,,,
20131001,RATE_DIFF_IN_US,2013-10-01,M,7.5,,,
20131101,RATE_DIFF_IN_US,2013-11-01,M,7.5,,,
20131201,RATE_DIFF_IN_US,2013-12-01,M,7.5,,,
20140101,RATE_DIFF_IN_US,2014-01-01,M,7.75,,,
20140201,RATE_DIFF_IN_US,2014-02-01,M,7.75,,,
20140301,RATE_DIFF_IN_US,2014-03-01,M,7.75,,,
20140401,RATE_DIFF_IN_US,2014-04-01,M,7.75,,,
20140501,RATE_DIFF_IN_US,2014-05-01,M,7.75,,,
20140601,RATE_DIFF_IN_US,2014-06-01,M,7.75,,,
20140701,RATE_DIFF_IN_US,2014-07-01,M,7.75,,,
20140801,RATE_DIFF_IN_US,2014-08-01,M,7.75,,,
20140901,RATE_DIFF_IN_US,2014-09-01,M,7.75,,,
20141001,RATE_DIFF_IN_US,2014-10-01,M,7.75,,,
20141101,RATE_DIFF_IN_US,2014-11-01,M,7.75,,,
20141201,RATE_DIFF_IN_US,2014-12-01,M,7.75,,,
20150101,RATE_DIFF_IN_US,2015-01-01,M,7.5,,,
20150201,RATE_DIFF_IN_US,2015-02-01,M,7.5,,,
20150301,RATE_DIFF_IN_US,2015-03-01,M,7.25,,,
20150401,RATE_DIFF_IN_US,2015-04-01,M,7.25,,,
20150501,RATE_DIFF_IN_US,2015-05-01,M,7.25,,,
20150601,RATE_DIFF_IN_US,2015-06-01,M,7.0,,,
20150701,RATE_DIFF_IN_US,2015-07-01,M,7.0,,,
20150801,RATE_DIFF_IN_US,2015-08-01,M,7.0,,,
20150901,RATE_DIFF_IN_US,2015-09-01,M,6.5,,,
20151001,RATE_DIFF_IN_US,2015-10-01,M,6.5,,,
20151101,RATE_DIFF_IN_US,2015-11-01,M,6.5,,,
20151201,RATE_DIFF_IN_US,2015-12-01,M,6.25,,,
20160101,RATE_DIFF_IN_US,2016-01-01,M,6.25,,,
20160201,RATE_DIFF_IN_US,2016-02-01,M,6.25,,,
20160301,RATE_DIFF_IN_US,2016-03-01,M,6.25,,,
20160401,RATE_DIFF_IN_US,2016-04-01,M,6.0,,,
20160501,RATE_DIFF_IN_US,2016-05-01,M,6.0,,,
20160601,RATE_DIFF_IN_US,2016-06-01,M,6.0,,,
20160701,RATE_DIFF_IN_US,2016-07-01,M,6.0,,,
20160801,RATE_DIFF_IN_US,2016-08-01,M,6.0,,,
20160901,RATE_DIFF_IN_US,2016-09-01,M,6.0,,,
20161001,RATE_DIFF_IN_US,2016-10-01,M,5.75,,,
20161101,RATE_DIFF_IN_US,2016-11-01,M,5.75,,,
20161201,RATE_DIFF_IN_US,2016-12-01,M,5.5,,,
20170101,RATE_DIFF_IN_US,2017-01-01,M,5.5,,,
20170201,RATE_DIFF_IN_US,2017-02-01,M,5.5,,,
20170301,RATE_DIFF_IN_US,2017-03-01,M,5.25,,,
20170401,RATE_DIFF_IN_US,2017-04-01,M,5.25,,,
20170501,RATE_DIFF_IN_US,2017-05-01,M,5.25,,,
20170601,RATE_DIFF_IN_US,2017-06-01,M,5.0,,,
20170701,RATE_DIFF_IN_US,2017-07-01,M,5.0,,,
20170801,RATE_DIFF_IN_US,2017-08-01,M,4.75,,,
20170901,RATE_DIFF_IN_US,2017-09-01,M,4.75,,,
20171001,RATE_DIFF_IN_US,2017-10-01,M,4.75,,,
20171101,RATE_DIFF_IN_US,2017-11-01,M,4.75,,,
20171201,RATE_DIFF_IN_US,2017-12-01,M,4.5,,,
20180101,RATE_DIFF_IN_US,2018-01-01,M,4.5,,,
20180201,RATE_DIFF_IN_US,2018-02-01,M,4.5,,,
20180301,RATE_DIFF_IN_US,2018-03-01,M,4.25,,,
20180401,RATE_DIFF_IN_US,2018-04-01,M,4.25,,,
20180501,RATE_DIFF_IN_US,2018-05-01,M,4.25,,,
20180601,RATE_DIFF_IN_US,2018-06-01,M,4.25,,,
20180701,RATE_DIFF_IN_US,2018-07-01,M,4.25,,,
20180801,RATE_DIFF_IN_US,2018-08-01,M,4.5,,,
20180901,RATE_DIFF_IN_US,2018-09-01,M,4.25,,,
20181001,RATE_DIFF_IN_US,2018-10-01,M,4.25,,,
20181101,RATE_DIFF_IN_US,2018-11-01,M,4.25,,,
20181201,RATE_DIFF_IN_US,2018-12-01,M,4.0,,,
20190101,RATE_DIFF_IN_US,2019-01-01,M,4.0,,,
20190201,RATE_DIFF_IN_US,2019-02-01,M,3.75,,,
20190301,RATE_DIFF_IN_US,2019-03-01,M,3.75,,,
20190401,RATE_DIFF_IN_US,2019-04-01,M,3.5,,,
20190501,RATE_DIFF_IN_US,2019-05-01,M,3.5,,,
20190601,RATE_DIFF_IN_US,2019-06-01,M,3.25,,,
20190701,RATE_DIFF_IN_US,2019-07-01,M,3.25,,,
20190801,RATE_DIFF_IN_US,2019-08-01,M,3.1500000000000004,,,
20190901,RATE_DIFF_IN_US,2019-09-01,M,3.4000000000000004,,,
20191001,RATE_DIFF_IN_US,2019-10-01,M,3.4000000000000004,,,
20191101,RATE_DIFF_IN_US,2019-11-01,M,3.4000000000000004,,,
20191201,RATE_DIFF_IN_US,2019-12-01,M,3.4000000000000004,,,
20200101,RATE_DIFF_IN_US,2020-01-01,M,3.4000000000000004,,,
20200201,RATE_DIFF_IN_US,2020-02-01,M,3.4000000000000004,,,
20200301,RATE_DIFF_IN_US,2020-03-01,M,4.15,,,
20200401,RATE_DIFF_IN_US,2020-04-01,M,4.15,,,
20200501,RATE_DIFF_IN_US,2020-05-01,M,3.75,,,
20200601,RATE_DIFF_IN_US,2020-06-01,M,3.75,,,
20200701,RATE_DIFF_IN_US,2020-07-01,M,3.75,,,
20200801,RATE_DIFF_IN_US,2020-08-01,M,3.75,,,
20200901,RATE_DIFF_IN_US,2020-09-01,M,3.75,,,
20201001,RATE_DIFF_IN_US,2020-10-01,M,3.75,,,
20201101,RATE_DIFF_IN_US,2020-11-01,M,3.75,,,
20201201,RATE_DIFF_IN_US,2020-12-01,M,3.75,,,
20210101,RATE_DIFF_IN_US,2021-01-01,M,3.75,,,
20210201,RATE_DIFF_IN_US,2021-02-01,M,3.75,,,
20210301,RATE_DIFF_IN_US,2021-03-01,M,3.75,,,
20210401,RATE_DIFF_IN_US,2021-04-01,M,3.75,,,
20210501,RATE_DIFF_IN_US,2021-05-01,M,3.75,,,
20210601,RATE_DIFF_IN_US,2021-06-01,M,3.75,,,
20210701,RATE_DIFF_IN_US,2021-07-01,M,3.75,,,
20210801,RATE_DIFF_IN_US,2021-08-01,M,3.75,,,
20210901,RATE_DIFF_IN_US,2021-09-01,M,3.75,,,
20211001,RATE_DIFF_IN_US,2021-10-01,M,3.75,,,
20211101,RATE_DIFF_IN_US,2021-11-01,M,3.75,,,
20211201,RATE_DIFF_IN_US,2021-12-01,M,3.75,,,
20220101,RATE_DIFF_IN_US,2022-01-01,M,3.75,,,
20220201,RATE_DIFF_IN_US,2022-02-01,M,3.75,,,
20220301,RATE_DIFF_IN_US,2022-03-01,M,3.5,,,
20220401,RATE_DIFF_IN_US,2022-04-01,M,3.5,,,
20220501,RATE_DIFF_IN_US,2022-05-01,M,3.4000000000000004,,,
20220601,RATE_DIFF_IN_US,2022-06-01,M,3.1500000000000004,,,
20220701,RATE_DIFF_IN_US,2022-07-01,M,2.4000000000000004,,,
20220801,RATE_DIFF_IN_US,2022-08-01,M,2.9000000000000004,,,
20220901,RATE_DIFF_IN_US,2022-09-01,M,2.6500000000000004,,,
20221001,RATE_DIFF_IN_US,2022-10-01,M,2.6500000000000004,,,
20221101,RATE_DIFF_IN_US,2022-11-01,M,1.9000000000000004,,,
20221201,RATE_DIFF_IN_US,2022-12-01,M,1.75,,,
20230101,RATE_DIFF_IN_US,2023-01-01,M,1.75,,,
20230201,RATE_DIFF_IN_US,2023-02-01,M,1.75,,,
20230301,RATE_DIFF_IN_US,2023-03-01,M,1.5,,,
20230401,RATE_DIFF_IN_US,2023-04-01,M,1.5,,,
20230501,RATE_DIFF_IN_US,2023-05-01,M,1.25,,,
20230601,RATE_DIFF_IN_US,2023-06-01,M,1.25,,,
20230701,RATE_DIFF_IN_US,2023-07-01,M,1.0,,,
20230801,RATE_DIFF_IN_US,2023-08-01,M,1.0,,,
20230901,RATE_DIFF_IN_US,2023-09-01,M,1.0,,,
20231001,RATE_DIFF_IN_US,2023-10-01,M,1.0,,,
20231101,RATE_DIFF_IN_US,2023-11-01,M,1.0,,,
20231201,RATE_DIFF_IN_US,2023-12-01,M,1.0,,,
20240101,RATE_DIFF_IN_US,2024-01-01,M,1.0,,,
20240201,RATE_DIFF_IN_US,2024-02-01,M,1.0,,,
20240301,RATE_DIFF_IN_US,2024-03-01,M,1.0,,,
20240401,RATE_DIFF_IN_US,2024-04-01,M,1.0,,,
20240501,RATE_DIFF_IN_US,2024-05-01,M,1.0,,,
20240601,RATE_DIFF_IN_US,2024-06-01,M,1.0,,,
20240701,RATE_DIFF_IN_US,2024-07-01,M,1.0,,,
20240801,RATE_DIFF_IN_US,2024-08-01,M,1.0,,,
20240901,RATE_DIFF_IN_US,2024-09-01,M,1.5,,,
20241001,RATE_DIFF_IN_US,2024-10-01,M,1.5,,,
20241101,RATE_DIFF_IN_US,2024-11-01,M,1.75,,,
20241201,RATE_DIFF_IN_US,2024-12-01,M,2.0,,,
20250101,RATE_DIFF_IN_US,2025-01-01,M,2.0,,,
20250201,RATE_DIFF_IN_US,2025-02-01,M,1.75,,,
20250301,RATE_DIFF_IN_US,2025-03-01,M,1.75,,,
20250401,RATE_DIFF_IN_US,2025-04-01,M,1.5,,,
20250501,RATE_DIFF_IN_US,2025-05-01,M,1.5,,,
20250601,RATE_DIFF_IN_US,2025-06-01,M,1.0,,,
20250701,RATE_DIFF_IN_US,2025-07-01,M,1.0,,,
20250801,RATE_DIFF_IN_US,2025-08-01,M,1.0,,,
20250901,RATE_DIFF_IN_US,2025-09-01,M,1.25,,,
20251001,RATE_DIFF_IN_US,2025-10-01,M,1.5,,,
20251101,RATE_DIFF_IN_US,2025-11-01,M,1.5,,,
20251201,RATE_DIFF_IN_US,2025-12-01,M,1.5,,,
20260101,RATE_DIFF_IN_US,2026-01-01,M,1.5,,,
20260201,RATE_DIFF_IN_US,2026-02-01,M,1.5,,,
20260301,RATE_DIFF_IN_US,2026-03-01,M,1.5,,,
20260401,RATE_DIFF_IN_US,2026-04-01,M,1.5,,,
20260501,RATE_DIFF_IN_US,2026-05-01,M,1.5,,,
20260601,RATE_DIFF_IN_US,2026-06-01,M,1.5,,,
20260701,RATE_DIFF_IN_US,2026-07-01,M,1.5,,,
20260801,RATE_DIFF_IN_US,2026-08-01,M,1.5,,,
20260901,RATE_DIFF_IN_US,2026-09-01,M,1.25,,,
