basis,event_id,window_id,start_date,end_date,status,trading_days,overlapping_events,rbi_repo_changes,fomc_target_changes,rbi_net_fx_usd_mn,rbi_fx_months
RBI,E01,PRE_30,2014-01-16,2014-02-28,complete,29,,2014-01-28 +25bp,,-2459.0,Jan-2014..Feb-2014
RBI,E01,PRE_14,2014-02-07,2014-02-28,complete,13,,,,-530.0,Feb-2014..Feb-2014
RBI,E01,PRE_7,2014-02-18,2014-02-28,complete,6,,,,-530.0,Feb-2014..Feb-2014
RBI,E01,EVENT,2014-02-28,2014-03-03,complete,1,,,,7252.0,Feb-2014..Mar-2014
RBI,E01,POST_7,2014-02-28,2014-03-12,complete,8,,,,7252.0,Feb-2014..Mar-2014
RBI,E01,POST_14,2014-02-28,2014-03-24,complete,15,,,,7252.0,Feb-2014..Mar-2014
RBI,E01,POST_30,2014-02-28,2014-04-22,complete,31,,,,13122.0,Feb-2014..Apr-2014
RBI,E01,POST_90,2014-02-28,2014-07-18,complete,91,,,,20958.0,Feb-2014..Jul-2014
RBI,E02,PRE_30,2016-08-12,2016-09-28,complete,29,,,,5499.0,Aug-2016..Sep-2016
RBI,E02,PRE_14,2016-09-08,2016-09-28,complete,13,,,,4649.0,Sep-2016..Sep-2016
RBI,E02,PRE_7,2016-09-20,2016-09-28,complete,6,,,,4649.0,Sep-2016..Sep-2016
RBI,E02,EVENT,2016-09-28,2016-09-29,complete,1,,,,4649.0,Sep-2016..Sep-2016
RBI,E02,POST_7,2016-09-28,2016-10-10,complete,8,,2016-10-04 -25bp,,4231.0,Sep-2016..Oct-2016
RBI,E02,POST_14,2016-09-28,2016-10-21,complete,15,,2016-10-04 -25bp,,4231.0,Sep-2016..Oct-2016
RBI,E02,POST_30,2016-09-28,2016-11-16,complete,31,,2016-10-04 -25bp,,1513.0,Sep-2016..Nov-2016
RBI,E02,POST_90,2016-09-28,2017-02-10,complete,91,,2016-10-04 -25bp,2016-12-14 to 0.75%,2752.0,Sep-2016..Feb-2017
RBI,E03,PRE_30,2017-05-18,2017-06-29,complete,29,,,2017-06-15 to 1.25%,8297.0,May-2017..Jun-2017
RBI,E03,PRE_14,2017-06-09,2017-06-29,complete,13,,,2017-06-15 to 1.25%,3291.0,Jun-2017..Jun-2017
RBI,E03,PRE_7,2017-06-20,2017-06-29,complete,6,,,,3291.0,Jun-2017..Jun-2017
RBI,E03,EVENT,2017-06-29,2017-06-30,complete,1,,,,3291.0,Jun-2017..Jun-2017
RBI,E03,POST_7,2017-06-29,2017-07-11,complete,8,,,,6244.0,Jun-2017..Jul-2017
RBI,E03,POST_14,2017-06-29,2017-07-20,complete,15,,,,6244.0,Jun-2017..Jul-2017
RBI,E03,POST_30,2017-06-29,2017-08-11,complete,31,,2017-08-02 -25bp,,9470.0,Jun-2017..Aug-2017
RBI,E03,POST_90,2017-06-29,2017-11-13,complete,91,,2017-08-02 -25bp,,12445.0,Jun-2017..Nov-2017
RBI,E04,PRE_30,2019-01-04,2019-02-14,complete,29,,2019-02-07 -25bp,,1118.0,Jan-2019..Feb-2019
RBI,E04,PRE_14,2019-01-28,2019-02-14,complete,13,,2019-02-07 -25bp,,1118.0,Jan-2019..Feb-2019
RBI,E04,PRE_7,2019-02-06,2019-02-14,complete,6,,2019-02-07 -25bp,,825.0,Feb-2019..Feb-2019
RBI,E04,EVENT,2019-02-14,2019-02-15,complete,1,,,,825.0,Feb-2019..Feb-2019
RBI,E04,POST_7,2019-02-14,2019-02-27,complete,8,,,,825.0,Feb-2019..Feb-2019
RBI,E04,POST_14,2019-02-14,2019-03-11,complete,15,,,,10233.0,Feb-2019..Mar-2019
RBI,E04,POST_30,2019-02-14,2019-04-04,complete,31,,2019-04-04 -25bp,,15134.0,Feb-2019..Apr-2019
RBI,E04,POST_90,2019-02-14,2019-07-04,complete,91,,2019-04-04 -25bp;2019-06-06 -25bp,,20042.0,Feb-2019..Jul-2019
RBI,E05,PRE_30,2019-11-21,2020-01-02,complete,29,,,,21554.0,Nov-2019..Jan-2020
RBI,E05,PRE_14,2019-12-13,2020-01-02,complete,13,,,,14626.0,Dec-2019..Jan-2020
RBI,E05,PRE_7,2019-12-24,2020-01-02,complete,6,,,,14626.0,Dec-2019..Jan-2020
RBI,E05,EVENT,2020-01-02,2020-01-03,complete,1,,,,10266.0,Jan-2020..Jan-2020
RBI,E05,POST_7,2020-01-02,2020-01-14,complete,8,,,,10266.0,Jan-2020..Jan-2020
RBI,E05,POST_14,2020-01-02,2020-01-23,complete,15,,,,10266.0,Jan-2020..Jan-2020
RBI,E05,POST_30,2020-01-02,2020-02-14,complete,31,,,,19410.0,Jan-2020..Feb-2020
RBI,E05,POST_90,2020-01-02,2020-05-26,complete,91,,2020-03-27 -75bp;2020-05-22 -40bp,2020-03-04 to 1.25%;2020-03-16 to 0.25%,18577.0,Jan-2020..May-2020
RBI,E06,PRE_30,2020-04-30,2020-06-15,complete,29,,2020-05-22 -40bp,,13035.0,Apr-2020..Jun-2020
RBI,E06,PRE_14,2020-05-27,2020-06-15,complete,13,,,,14177.0,May-2020..Jun-2020
RBI,E06,PRE_7,2020-06-05,2020-06-15,complete,6,,,,9814.0,Jun-2020..Jun-2020
RBI,E06,EVENT,2020-06-15,2020-06-16,complete,1,,,,9814.0,Jun-2020..Jun-2020
RBI,E06,POST_7,2020-06-15,2020-06-25,complete,8,,,,9814.0,Jun-2020..Jun-2020
RBI,E06,POST_14,2020-06-15,2020-07-06,complete,15,,,,25787.0,Jun-2020..Jul-2020
RBI,E06,POST_30,2020-06-15,2020-07-28,complete,31,,,,25787.0,Jun-2020..Jul-2020
RBI,E06,POST_90,2020-06-15,2020-10-23,complete,91,,,,54906.0,Jun-2020..Oct-2020
RBI,E07,PRE_30,2022-01-11,2022-02-23,complete,29,,,,0.0,Jan-2022..Feb-2022
RBI,E07,PRE_14,2022-02-03,2022-02-23,complete,13,,,,771.0,Feb-2022..Feb-2022
RBI,E07,PRE_7,2022-02-15,2022-02-23,complete,6,,,,771.0,Feb-2022..Feb-2022
RBI,E07,EVENT,2022-02-23,2022-02-24,complete,1,,,,771.0,Feb-2022..Feb-2022
RBI,E07,POST_7,2022-02-23,2022-03-08,complete,8,,,,-19330.0,Feb-2022..Mar-2022
RBI,E07,POST_14,2022-02-23,2022-03-17,complete,15,,,2022-03-17 to 0.50%,-19330.0,Feb-2022..Mar-2022
RBI,E07,POST_30,2022-02-23,2022-04-12,complete,31,,,2022-03-17 to 0.50%,-17365.0,Feb-2022..Apr-2022
RBI,E07,POST_90,2022-02-23,2022-07-11,complete,91,,2022-05-04 +40bp;2022-06-08 +50bp,2022-03-17 to 0.50%;2022-05-05 to 1.00%;2022-06-16 to 1.75%,-38132.0,Feb-2022..Jul-2022
RBI,E08,PRE_30,2023-08-24,2023-10-06,complete,29,,,,-5674.0,Aug-2023..Oct-2023
RBI,E08,PRE_14,2023-09-15,2023-10-06,complete,13,,,,-1818.0,Sep-2023..Oct-2023
RBI,E08,PRE_7,2023-09-27,2023-10-06,complete,6,,,,-1818.0,Sep-2023..Oct-2023
RBI,E08,EVENT,2023-10-06,2023-10-09,complete,1,,,,-310.0,Oct-2023..Oct-2023
RBI,E08,POST_7,2023-10-06,2023-10-18,complete,8,,,,-310.0,Oct-2023..Oct-2023
RBI,E08,POST_14,2023-10-06,2023-10-30,complete,15,,,,-310.0,Oct-2023..Oct-2023
RBI,E08,POST_30,2023-10-06,2023-11-22,complete,31,,,,-2239.0,Oct-2023..Nov-2023
RBI,E08,POST_90,2023-10-06,2024-02-21,complete,91,,,,10335.0,Oct-2023..Feb-2024
RBI,E09,PRE_30,2024-02-23,2024-04-12,complete,29,,,,18159.0,Feb-2024..Apr-2024
RBI,E09,PRE_14,2024-03-19,2024-04-12,complete,13,,,,9602.0,Mar-2024..Apr-2024
RBI,E09,PRE_7,2024-04-02,2024-04-12,complete,6,,,,-3647.0,Apr-2024..Apr-2024
RBI,E09,EVENT,2024-04-12,2024-04-15,complete,1,,,,-3647.0,Apr-2024..Apr-2024
RBI,E09,POST_7,2024-04-12,2024-04-25,complete,8,,,,-3647.0,Apr-2024..Apr-2024
RBI,E09,POST_14,2024-04-12,2024-05-07,complete,15,,,,575.0,Apr-2024..May-2024
RBI,E09,POST_30,2024-04-12,2024-05-31,complete,31,,,,575.0,Apr-2024..May-2024
RBI,E09,POST_90,2024-04-12,2024-08-28,complete,91,,,,-1092.0,Apr-2024..Aug-2024
RBI,E10,PRE_30,2025-03-04,2025-04-22,complete,29,,2025-04-09 -25bp,,12695.0,Mar-2025..Apr-2025
RBI,E10,PRE_14,2025-03-27,2025-04-22,complete,13,,2025-04-09 -25bp,,12695.0,Mar-2025..Apr-2025
RBI,E10,PRE_7,2025-04-09,2025-04-22,complete,6,,,,-1660.0,Apr-2025..Apr-2025
RBI,E10,EVENT,2025-04-22,2025-04-23,complete,1,,,,-1660.0,Apr-2025..Apr-2025
RBI,E10,POST_7,2025-04-22,2025-05-05,complete,8,,,,104.0,Apr-2025..May-2025
RBI,E10,POST_14,2025-04-22,2025-05-15,complete,15,,,,104.0,Apr-2025..May-2025
RBI,E10,POST_30,2025-04-22,2025-06-06,complete,31,,2025-06-06 -50bp,,-3557.0,Apr-2025..Jun-2025
RBI,E10,POST_90,2025-04-22,2025-09-02,complete,91,E11,2025-06-06 -50bp,,-21702.0,Apr-2025..Sep-2025
RBI,E11,PRE_30,2025-04-30,2025-06-12,complete,29,,2025-06-06 -50bp,,-3557.0,Apr-2025..Jun-2025
RBI,E11,PRE_14,2025-05-26,2025-06-12,complete,13,,2025-06-06 -50bp,,-1897.0,May-2025..Jun-2025
RBI,E11,PRE_7,2025-06-04,2025-06-12,complete,6,,2025-06-06 -50bp,,-3661.0,Jun-2025..Jun-2025
RBI,E11,EVENT,2025-06-12,2025-06-13,complete,1,,,,-3661.0,Jun-2025..Jun-2025
RBI,E11,POST_7,2025-06-12,2025-06-24,complete,8,,,,-3661.0,Jun-2025..Jun-2025
RBI,E11,POST_14,2025-06-12,2025-07-03,complete,15,,,,-6201.0,Jun-2025..Jul-2025
RBI,E11,POST_30,2025-06-12,2025-07-25,complete,31,,,,-6201.0,Jun-2025..Jul-2025
RBI,E11,POST_90,2025-06-12,2025-10-27,complete,91,,,2025-09-18 to 4.25%,-33683.0,Jun-2025..Oct-2025
RBI,E12,PRE_30,2026-01-14,2026-02-27,complete,29,,,,9935.0,Jan-2026..Feb-2026
RBI,E12,PRE_14,2026-02-09,2026-02-27,complete,13,,,,7409.0,Feb-2026..Feb-2026
RBI,E12,PRE_7,2026-02-18,2026-02-27,complete,6,,,,7409.0,Feb-2026..Feb-2026
RBI,E12,EVENT,2026-02-27,2026-03-02,complete,1,,,,-2349.0,Feb-2026..Mar-2026
RBI,E12,POST_7,2026-02-27,2026-03-12,complete,8,,,,-2349.0,Feb-2026..Mar-2026
RBI,E12,POST_14,2026-02-27,2026-03-24,complete,15,,,,-2349.0,Feb-2026..Mar-2026
RBI,E12,POST_30,2026-02-27,2026-04-22,complete,31,,,,-11293.0,Feb-2026..Apr-2026
RBI,E12,POST_90,2026-02-27,2026-07-20,complete,91,E13,,,1816.0,Feb-2026..Jul-2026
RBI,E13,PRE_30,2026-05-25,2026-07-07,complete,29,,,,13109.0,May-2026..Jul-2026
RBI,E13,PRE_14,2026-06-17,2026-07-07,complete,13,,,,19213.0,Jun-2026..Jul-2026
RBI,E13,PRE_7,2026-06-29,2026-07-07,complete,6,,,,19213.0,Jun-2026..Jul-2026
RBI,E13,EVENT,2026-07-07,2026-07-08,complete,1,,,,18652.0,Jul-2026..Jul-2026
RBI,E13,POST_7,2026-07-07,2026-07-17,complete,8,,,,18652.0,Jul-2026..Jul-2026
RBI,E13,POST_14,2026-07-07,2026-07-28,complete,15,,,,18652.0,Jul-2026..Jul-2026
RBI,E13,POST_30,2026-07-07,2026-08-19,complete,31,,,,,Jul-2026..Aug-2026 (incomplete: data not yet published)
RBI,E13,POST_90,2026-07-07,2026-09-29,partial,58,,,2026-09-17 to 4.00%,,Jul-2026..Sep-2026 (incomplete: data not yet published)
FRED,E01,PRE_30,2014-01-16,2014-02-28,complete,29,,2014-01-28 +25bp,,-2459.0,Jan-2014..Feb-2014
FRED,E01,PRE_14,2014-02-10,2014-02-28,complete,13,,,,-530.0,Feb-2014..Feb-2014
FRED,E01,PRE_7,2014-02-20,2014-02-28,complete,6,,,,-530.0,Feb-2014..Feb-2014
FRED,E01,EVENT,2014-02-28,2014-03-03,complete,1,,,,7252.0,Feb-2014..Mar-2014
FRED,E01,POST_7,2014-02-28,2014-03-12,complete,8,,,,7252.0,Feb-2014..Mar-2014
FRED,E01,POST_14,2014-02-28,2014-03-21,complete,15,,,,7252.0,Feb-2014..Mar-2014
FRED,E01,POST_30,2014-02-28,2014-04-14,complete,31,,,,13122.0,Feb-2014..Apr-2014
FRED,E01,POST_90,2014-02-28,2014-07-09,complete,91,,,,20958.0,Feb-2014..Jul-2014
FRED,E02,PRE_30,2016-08-17,2016-09-28,complete,29,,,,5499.0,Aug-2016..Sep-2016
FRED,E02,PRE_14,2016-09-09,2016-09-28,complete,13,,,,4649.0,Sep-2016..Sep-2016
FRED,E02,PRE_7,2016-09-20,2016-09-28,complete,6,,,,4649.0,Sep-2016..Sep-2016
FRED,E02,EVENT,2016-09-28,2016-09-29,complete,1,,,,4649.0,Sep-2016..Sep-2016
FRED,E02,POST_7,2016-09-28,2016-10-11,complete,8,,2016-10-04 -25bp,,4231.0,Sep-2016..Oct-2016
FRED,E02,POST_14,2016-09-28,2016-10-20,complete,15,,2016-10-04 -25bp,,4231.0,Sep-2016..Oct-2016
FRED,E02,POST_30,2016-09-28,2016-11-14,complete,31,,2016-10-04 -25bp,,1513.0,Sep-2016..Nov-2016
FRED,E02,POST_90,2016-09-28,2017-02-13,complete,91,,2016-10-04 -25bp,2016-12-14 to 0.75%,2752.0,Sep-2016..Feb-2017
FRED,E03,PRE_30,2017-05-18,2017-06-29,complete,29,,,2017-06-15 to 1.25%,8297.0,May-2017..Jun-2017
FRED,E03,PRE_14,2017-06-12,2017-06-29,complete,13,,,2017-06-15 to 1.25%,3291.0,Jun-2017..Jun-2017
FRED,E03,PRE_7,2017-06-21,2017-06-29,complete,6,,,,3291.0,Jun-2017..Jun-2017
FRED,E03,EVENT,2017-06-29,2017-06-30,complete,1,,,,3291.0,Jun-2017..Jun-2017
FRED,E03,POST_7,2017-06-29,2017-07-12,complete,8,,,,6244.0,Jun-2017..Jul-2017
FRED,E03,POST_14,2017-06-29,2017-07-21,complete,15,,,,6244.0,Jun-2017..Jul-2017
FRED,E03,POST_30,2017-06-29,2017-08-14,complete,31,,2017-08-02 -25bp,,9470.0,Jun-2017..Aug-2017
FRED,E03,POST_90,2017-06-29,2017-11-08,complete,91,,2017-08-02 -25bp,,12445.0,Jun-2017..Nov-2017
FRED,E04,PRE_30,2019-01-02,2019-02-14,complete,29,,2019-02-07 -25bp,,1118.0,Jan-2019..Feb-2019
FRED,E04,PRE_14,2019-01-28,2019-02-14,complete,13,,2019-02-07 -25bp,,1118.0,Jan-2019..Feb-2019
FRED,E04,PRE_7,2019-02-06,2019-02-14,complete,6,,2019-02-07 -25bp,,825.0,Feb-2019..Feb-2019
FRED,E04,EVENT,2019-02-14,2019-02-15,complete,1,,,,825.0,Feb-2019..Feb-2019
FRED,E04,POST_7,2019-02-14,2019-02-28,complete,8,,,,825.0,Feb-2019..Feb-2019
FRED,E04,POST_14,2019-02-14,2019-03-11,complete,15,,,,10233.0,Feb-2019..Mar-2019
FRED,E04,POST_30,2019-02-14,2019-04-02,complete,31,,,,15134.0,Feb-2019..Apr-2019
FRED,E04,POST_90,2019-02-14,2019-06-26,complete,91,,2019-04-04 -25bp;2019-06-06 -25bp,,20135.0,Feb-2019..Jun-2019
FRED,E05,PRE_30,2019-11-19,2020-01-02,complete,29,,,,21554.0,Nov-2019..Jan-2020
FRED,E05,PRE_14,2019-12-12,2020-01-02,complete,13,,,,14626.0,Dec-2019..Jan-2020
FRED,E05,PRE_7,2019-12-23,2020-01-02,complete,6,,,,14626.0,Dec-2019..Jan-2020
FRED,E05,EVENT,2020-01-02,2020-01-03,complete,1,,,,10266.0,Jan-2020..Jan-2020
FRED,E05,POST_7,2020-01-02,2020-01-14,complete,8,,,,10266.0,Jan-2020..Jan-2020
FRED,E05,POST_14,2020-01-02,2020-01-24,complete,15,,,,10266.0,Jan-2020..Jan-2020
FRED,E05,POST_30,2020-01-02,2020-02-18,complete,31,,,,19410.0,Jan-2020..Feb-2020
FRED,E05,POST_90,2020-01-02,2020-05-12,complete,91,,2020-03-27 -75bp,2020-03-04 to 1.25%;2020-03-16 to 0.25%,18577.0,Jan-2020..May-2020
FRED,E06,PRE_30,2020-05-04,2020-06-15,complete,29,,2020-05-22 -40bp,,14177.0,May-2020..Jun-2020
FRED,E06,PRE_14,2020-05-27,2020-06-15,complete,13,,,,14177.0,May-2020..Jun-2020
FRED,E06,PRE_7,2020-06-05,2020-06-15,complete,6,,,,9814.0,Jun-2020..Jun-2020
FRED,E06,EVENT,2020-06-15,2020-06-16,complete,1,,,,9814.0,Jun-2020..Jun-2020
FRED,E06,POST_7,2020-06-15,2020-06-25,complete,8,,,,9814.0,Jun-2020..Jun-2020
FRED,E06,POST_14,2020-06-15,2020-07-07,complete,15,,,,25787.0,Jun-2020..Jul-2020
FRED,E06,POST_30,2020-06-15,2020-07-29,complete,31,,,,25787.0,Jun-2020..Jul-2020
FRED,E06,POST_90,2020-06-15,2020-10-23,complete,91,,,,54906.0,Jun-2020..Oct-2020
FRED,E07,PRE_30,2022-01-11,2022-02-23,complete,29,,,,0.0,Jan-2022..Feb-2022
FRED,E07,PRE_14,2022-02-03,2022-02-23,complete,13,,,,771.0,Feb-2022..Feb-2022
FRED,E07,PRE_7,2022-02-14,2022-02-23,complete,6,,,,771.0,Feb-2022..Feb-2022
FRED,E07,EVENT,2022-02-23,2022-02-24,complete,1,,,,771.0,Feb-2022..Feb-2022
FRED,E07,POST_7,2022-02-23,2022-03-07,complete,8,,,,-19330.0,Feb-2022..Mar-2022
FRED,E07,POST_14,2022-02-23,2022-03-16,complete,15,,,,-19330.0,Feb-2022..Mar-2022
FRED,E07,POST_30,2022-02-23,2022-04-07,complete,31,,,2022-03-17 to 0.50%,-17365.0,Feb-2022..Apr-2022
FRED,E07,POST_90,2022-02-23,2022-07-05,complete,91,,2022-05-04 +40bp;2022-06-08 +50bp,2022-03-17 to 0.50%;2022-05-05 to 1.00%;2022-06-16 to 1.75%,-38132.0,Feb-2022..Jul-2022
FRED,E08,PRE_30,2023-08-25,2023-10-06,complete,29,,,,-5674.0,Aug-2023..Oct-2023
FRED,E08,PRE_14,2023-09-19,2023-10-06,complete,13,,,,-1818.0,Sep-2023..Oct-2023
FRED,E08,PRE_7,2023-09-28,2023-10-06,complete,6,,,,-1818.0,Sep-2023..Oct-2023
FRED,E08,EVENT,2023-10-06,2023-10-10,complete,1,,,,-310.0,Oct-2023..Oct-2023
FRED,E08,POST_7,2023-10-06,2023-10-19,complete,8,,,,-310.0,Oct-2023..Oct-2023
FRED,E08,POST_14,2023-10-06,2023-10-30,complete,15,,,,-310.0,Oct-2023..Oct-2023
FRED,E08,POST_30,2023-10-06,2023-11-22,complete,31,,,,-2239.0,Oct-2023..Nov-2023
FRED,E08,POST_90,2023-10-06,2024-02-21,complete,91,,,,10335.0,Oct-2023..Feb-2024
FRED,E09,PRE_30,2024-03-04,2024-04-12,complete,29,,,,9602.0,Mar-2024..Apr-2024
FRED,E09,PRE_14,2024-03-26,2024-04-12,complete,13,,,,9602.0,Mar-2024..Apr-2024
FRED,E09,PRE_7,2024-04-04,2024-04-12,complete,6,,,,-3647.0,Apr-2024..Apr-2024
FRED,E09,EVENT,2024-04-12,2024-04-15,complete,1,,,,-3647.0,Apr-2024..Apr-2024
FRED,E09,POST_7,2024-04-12,2024-04-24,complete,8,,,,-3647.0,Apr-2024..Apr-2024
FRED,E09,POST_14,2024-04-12,2024-05-03,complete,15,,,,575.0,Apr-2024..May-2024
FRED,E09,POST_30,2024-04-12,2024-05-28,complete,31,,,,575.0,Apr-2024..May-2024
FRED,E09,POST_90,2024-04-12,2024-08-22,complete,91,,,,-1092.0,Apr-2024..Aug-2024
FRED,E10,PRE_30,2025-03-12,2025-04-22,complete,29,,2025-04-09 -25bp,,12695.0,Mar-2025..Apr-2025
FRED,E10,PRE_14,2025-04-03,2025-04-22,complete,13,,2025-04-09 -25bp,,-1660.0,Apr-2025..Apr-2025
FRED,E10,PRE_7,2025-04-14,2025-04-22,complete,6,,,,-1660.0,Apr-2025..Apr-2025
FRED,E10,EVENT,2025-04-22,2025-04-23,complete,1,,,,-1660.0,Apr-2025..Apr-2025
FRED,E10,POST_7,2025-04-22,2025-05-02,complete,8,,,,104.0,Apr-2025..May-2025
FRED,E10,POST_14,2025-04-22,2025-05-13,complete,15,,,,104.0,Apr-2025..May-2025
FRED,E10,POST_30,2025-04-22,2025-06-05,complete,31,,,,-3557.0,Apr-2025..Jun-2025
FRED,E10,POST_90,2025-04-22,2025-09-02,complete,91,E11,2025-06-06 -50bp,,-21702.0,Apr-2025..Sep-2025
FRED,E11,PRE_30,2025-05-01,2025-06-12,complete,29,,2025-06-06 -50bp,,-1897.0,May-2025..Jun-2025
FRED,E11,PRE_14,2025-05-23,2025-06-12,complete,13,,2025-06-06 -50bp,,-1897.0,May-2025..Jun-2025
FRED,E11,PRE_7,2025-06-04,2025-06-12,complete,6,,2025-06-06 -50bp,,-3661.0,Jun-2025..Jun-2025
FRED,E11,EVENT,2025-06-12,2025-06-13,complete,1,,,,-3661.0,Jun-2025..Jun-2025
FRED,E11,POST_7,2025-06-12,2025-06-25,complete,8,,,,-3661.0,Jun-2025..Jun-2025
FRED,E11,POST_14,2025-06-12,2025-07-07,complete,15,,,,-6201.0,Jun-2025..Jul-2025
FRED,E11,POST_30,2025-06-12,2025-07-29,complete,31,,,,-6201.0,Jun-2025..Jul-2025
FRED,E11,POST_90,2025-06-12,2025-10-23,complete,91,,,2025-09-18 to 4.25%,-33683.0,Jun-2025..Oct-2025
FRED,E12,PRE_30,2026-01-15,2026-02-27,complete,29,,,,9935.0,Jan-2026..Feb-2026
FRED,E12,PRE_14,2026-02-09,2026-02-27,complete,13,,,,7409.0,Feb-2026..Feb-2026
FRED,E12,PRE_7,2026-02-19,2026-02-27,complete,6,,,,7409.0,Feb-2026..Feb-2026
FRED,E12,EVENT,2026-02-27,2026-03-02,complete,1,,,,-2349.0,Feb-2026..Mar-2026
FRED,E12,POST_7,2026-02-27,2026-03-11,complete,8,,,,-2349.0,Feb-2026..Mar-2026
FRED,E12,POST_14,2026-02-27,2026-03-20,complete,15,,,,-2349.0,Feb-2026..Mar-2026
FRED,E12,POST_30,2026-02-27,2026-04-13,complete,31,,,,-11293.0,Feb-2026..Apr-2026
FRED,E12,POST_90,2026-02-27,2026-07-09,complete,91,E13,,,1816.0,Feb-2026..Jul-2026
FRED,E13,PRE_30,2026-05-22,2026-07-07,complete,29,,,,13109.0,May-2026..Jul-2026
FRED,E13,PRE_14,2026-06-16,2026-07-07,complete,13,,,,19213.0,Jun-2026..Jul-2026
FRED,E13,PRE_7,2026-06-26,2026-07-07,complete,6,,,,19213.0,Jun-2026..Jul-2026
FRED,E13,EVENT,2026-07-07,2026-07-08,complete,1,,,,18652.0,Jul-2026..Jul-2026
FRED,E13,POST_7,2026-07-07,2026-07-17,complete,8,,,,18652.0,Jul-2026..Jul-2026
FRED,E13,POST_14,2026-07-07,2026-07-28,complete,15,,,,18652.0,Jul-2026..Jul-2026
FRED,E13,POST_30,2026-07-07,2026-08-19,complete,31,,,,,Jul-2026..Aug-2026 (incomplete: data not yet published)
FRED,E13,POST_90,2026-07-07,2026-09-25,partial,57,,,2026-09-17 to 4.00%,,Jul-2026..Sep-2026 (incomplete: data not yet published)
