basis,event_id,window_id,series_id,n_obs,status,corr
RBI,E01,PRE_30,BRENT,29,complete,-0.015982998794176275
RBI,E01,PRE_30,GOLD_USD,29,complete,-0.11111922892035651
RBI,E01,PRE_30,NIFTY50,29,complete,-0.36392562178186333
RBI,E01,PRE_30,DXY_BROAD,29,complete,0.14302370092864555
RBI,E01,PRE_30,VIX,29,complete,-0.06438490832756931
RBI,E01,PRE_30,UST10Y,29,complete,0.25983925772772354
RBI,E01,POST_14,BRENT,15,complete,-0.0803699426029603
RBI,E01,POST_14,GOLD_USD,15,complete,-0.19847599997341536
RBI,E01,POST_14,NIFTY50,15,complete,-0.2322979084556486
RBI,E01,POST_14,DXY_BROAD,15,complete,0.3271201817313649
RBI,E01,POST_14,VIX,15,complete,0.23219069694093916
RBI,E01,POST_14,UST10Y,15,complete,-0.08221861242586564
RBI,E01,POST_30,BRENT,31,complete,0.2736776701593096
RBI,E01,POST_30,GOLD_USD,31,complete,-0.0400487494079011
RBI,E01,POST_30,NIFTY50,31,complete,-0.1948838529757597
RBI,E01,POST_30,DXY_BROAD,31,complete,0.23381830366198847
RBI,E01,POST_30,VIX,31,complete,0.14391510182145648
RBI,E01,POST_30,UST10Y,31,complete,-0.15286309816723567
RBI,E01,POST_90,BRENT,91,complete,0.08611679726865457
RBI,E01,POST_90,GOLD_USD,91,complete,-0.04556608279989634
RBI,E01,POST_90,NIFTY50,91,complete,-0.10545873532527471
RBI,E01,POST_90,DXY_BROAD,91,complete,0.2876246372019281
RBI,E01,POST_90,VIX,91,complete,0.10966049925811926
RBI,E01,POST_90,UST10Y,91,complete,-0.05928232824301787
RBI,E02,PRE_30,BRENT,29,complete,-0.0900383984509111
RBI,E02,PRE_30,GOLD_USD,29,complete,-0.49177737123319015
RBI,E02,PRE_30,NIFTY50,29,complete,-0.5516222016982901
RBI,E02,PRE_30,DXY_BROAD,29,complete,0.40339913431471375
RBI,E02,PRE_30,VIX,29,complete,0.19945117823891434
RBI,E02,PRE_30,UST10Y,29,complete,0.29252348209719925
RBI,E02,POST_14,BRENT,15,complete,-0.346650303638885
RBI,E02,POST_14,GOLD_USD,15,complete,-0.18544135259913208
RBI,E02,POST_14,NIFTY50,15,complete,-0.543549947106426
RBI,E02,POST_14,DXY_BROAD,15,complete,0.38929059127375887
RBI,E02,POST_14,VIX,15,complete,0.512727886511591
RBI,E02,POST_14,UST10Y,15,complete,0.0038790337862950695
RBI,E02,POST_30,BRENT,31,complete,0.052595837970077546
RBI,E02,POST_30,GOLD_USD,31,complete,-0.3481297554431905
RBI,E02,POST_30,NIFTY50,31,complete,-0.7097704358213496
RBI,E02,POST_30,DXY_BROAD,31,complete,0.12978365364321076
RBI,E02,POST_30,VIX,31,complete,-0.1150264412457214
RBI,E02,POST_30,UST10Y,31,complete,0.08023911878620561
RBI,E02,POST_90,BRENT,91,complete,-0.017774582953731737
RBI,E02,POST_90,GOLD_USD,91,complete,-0.3447639419980206
RBI,E02,POST_90,NIFTY50,91,complete,-0.4998124682390843
RBI,E02,POST_90,DXY_BROAD,91,complete,0.34375902769532596
RBI,E02,POST_90,VIX,91,complete,-0.08750066005177759
RBI,E02,POST_90,UST10Y,91,complete,0.16216878313587368
RBI,E03,PRE_30,BRENT,29,complete,0.08626742172868378
RBI,E03,PRE_30,GOLD_USD,29,complete,-0.25420114200219535
RBI,E03,PRE_30,NIFTY50,29,complete,-0.33868934801058237
RBI,E03,PRE_30,DXY_BROAD,29,complete,-0.08830656676542427
RBI,E03,PRE_30,VIX,29,complete,-0.370892538830365
RBI,E03,PRE_30,UST10Y,29,complete,-0.04765374626340477
RBI,E03,POST_14,BRENT,15,complete,0.2116605197591777
RBI,E03,POST_14,GOLD_USD,15,complete,-0.0636793486545058
RBI,E03,POST_14,NIFTY50,15,complete,-0.29283138177316437
RBI,E03,POST_14,DXY_BROAD,15,complete,-0.01866874589167954
RBI,E03,POST_14,VIX,15,complete,0.07633199873606923
RBI,E03,POST_14,UST10Y,15,complete,0.47736494061762963
RBI,E03,POST_30,BRENT,31,complete,-0.06130299899999309
RBI,E03,POST_30,GOLD_USD,31,complete,0.024740455319919523
RBI,E03,POST_30,NIFTY50,31,complete,-0.12604262031326804
RBI,E03,POST_30,DXY_BROAD,31,complete,-0.035512465708308905
RBI,E03,POST_30,VIX,31,complete,0.16268768964560104
RBI,E03,POST_30,UST10Y,31,complete,0.08258334918273784
RBI,E03,POST_90,BRENT,91,complete,-0.012422847662400944
RBI,E03,POST_90,GOLD_USD,91,complete,-0.17609228769446308
RBI,E03,POST_90,NIFTY50,91,complete,-0.32160355298403304
RBI,E03,POST_90,DXY_BROAD,91,complete,0.1851504032245194
RBI,E03,POST_90,VIX,91,complete,-0.005665930523674664
RBI,E03,POST_90,UST10Y,91,complete,0.1206687301227786
RBI,E04,PRE_30,BRENT,29,complete,-0.07516407060237494
RBI,E04,PRE_30,GOLD_USD,29,complete,-0.3253257390494873
RBI,E04,PRE_30,NIFTY50,29,complete,0.12868794594486607
RBI,E04,PRE_30,DXY_BROAD,29,complete,0.15912067583819556
RBI,E04,PRE_30,VIX,29,complete,0.03117266566258089
RBI,E04,PRE_30,UST10Y,29,complete,-0.0060987494473088745
RBI,E04,POST_14,BRENT,15,complete,0.40273215640418814
RBI,E04,POST_14,GOLD_USD,15,complete,0.12981377484514575
RBI,E04,POST_14,NIFTY50,15,complete,-0.6244362125690262
RBI,E04,POST_14,DXY_BROAD,15,complete,-0.4629693888749688
RBI,E04,POST_14,VIX,15,complete,-0.30186582499210507
RBI,E04,POST_14,UST10Y,15,complete,0.27142295281841605
RBI,E04,POST_30,BRENT,31,complete,0.3574919127614627
RBI,E04,POST_30,GOLD_USD,31,complete,-0.07522558950213117
RBI,E04,POST_30,NIFTY50,31,complete,-0.36576817418410323
RBI,E04,POST_30,DXY_BROAD,31,complete,0.027917802131140586
RBI,E04,POST_30,VIX,31,complete,-0.1790201070353956
RBI,E04,POST_30,UST10Y,31,complete,0.03720769996759792
RBI,E04,POST_90,BRENT,91,complete,0.13983876793552227
RBI,E04,POST_90,GOLD_USD,91,complete,-0.06925208826588487
RBI,E04,POST_90,NIFTY50,91,complete,-0.3548961721873352
RBI,E04,POST_90,DXY_BROAD,91,complete,0.14480767141283696
RBI,E04,POST_90,VIX,91,complete,-0.00849606796177525
RBI,E04,POST_90,UST10Y,91,complete,0.10477537557531987
RBI,E05,PRE_30,BRENT,29,complete,0.01278394929534708
RBI,E05,PRE_30,GOLD_USD,29,complete,0.12757162859778978
RBI,E05,PRE_30,NIFTY50,29,complete,-0.035832909742636795
RBI,E05,PRE_30,DXY_BROAD,29,complete,0.03243368270033097
RBI,E05,PRE_30,VIX,29,complete,0.06517413688004346
RBI,E05,PRE_30,UST10Y,29,complete,0.08578322587015717
RBI,E05,POST_14,BRENT,15,complete,0.4630633020395934
RBI,E05,POST_14,GOLD_USD,15,complete,0.8188748259210137
RBI,E05,POST_14,NIFTY50,15,complete,-0.7750754959811856
RBI,E05,POST_14,DXY_BROAD,15,complete,-0.055439049993490294
RBI,E05,POST_14,VIX,15,complete,0.5412810301829638
RBI,E05,POST_14,UST10Y,15,complete,-0.1237542496199669
RBI,E05,POST_30,BRENT,31,complete,0.15898319557903196
RBI,E05,POST_30,GOLD_USD,31,complete,0.7001597231434356
RBI,E05,POST_30,NIFTY50,31,complete,-0.6597145902378215
RBI,E05,POST_30,DXY_BROAD,31,complete,0.21152803766235828
RBI,E05,POST_30,VIX,31,complete,0.3160775575830428
RBI,E05,POST_30,UST10Y,31,complete,-0.22839808547471724
RBI,E05,POST_90,BRENT,91,complete,-0.031462185420698646
RBI,E05,POST_90,GOLD_USD,91,complete,0.10996932270092903
RBI,E05,POST_90,NIFTY50,91,complete,-0.54107226447596
RBI,E05,POST_90,DXY_BROAD,91,complete,0.4215895445418305
RBI,E05,POST_90,VIX,91,complete,0.06230658182668128
RBI,E05,POST_90,UST10Y,91,complete,-0.2292346404950949
RBI,E06,PRE_30,BRENT,29,complete,-0.01068224343312418
RBI,E06,PRE_30,GOLD_USD,29,complete,0.19896217033522398
RBI,E06,PRE_30,NIFTY50,29,complete,-0.6006490713539695
RBI,E06,PRE_30,DXY_BROAD,29,complete,0.451077527695043
RBI,E06,PRE_30,VIX,29,complete,0.24195364673807182
RBI,E06,PRE_30,UST10Y,29,complete,0.14182257823410513
RBI,E06,POST_14,BRENT,15,complete,0.0387387462556968
RBI,E06,POST_14,GOLD_USD,15,complete,-0.228683928652421
RBI,E06,POST_14,NIFTY50,15,complete,-0.23796242821890262
RBI,E06,POST_14,DXY_BROAD,15,complete,0.2816435550604256
RBI,E06,POST_14,VIX,15,complete,-0.06738852311488826
RBI,E06,POST_14,UST10Y,15,complete,-0.1445820015118316
RBI,E06,POST_30,BRENT,31,complete,0.05917925897655709
RBI,E06,POST_30,GOLD_USD,31,complete,-0.16641277707984814
RBI,E06,POST_30,NIFTY50,31,complete,-0.4079986534634367
RBI,E06,POST_30,DXY_BROAD,31,complete,0.31925790256736797
RBI,E06,POST_30,VIX,31,complete,-0.1029254640680833
RBI,E06,POST_30,UST10Y,31,complete,-0.06751390040703475
RBI,E06,POST_90,BRENT,91,complete,-0.07517689172903032
RBI,E06,POST_90,GOLD_USD,91,complete,-0.24752934621168707
RBI,E06,POST_90,NIFTY50,91,complete,-0.3202730550735965
RBI,E06,POST_90,DXY_BROAD,91,complete,0.3506670468099846
RBI,E06,POST_90,VIX,91,complete,0.14434235160572104
RBI,E06,POST_90,UST10Y,91,complete,-0.0658857370976176
RBI,E07,PRE_30,BRENT,29,complete,0.14669606028615068
RBI,E07,PRE_30,GOLD_USD,29,complete,-0.23318354753140474
RBI,E07,PRE_30,NIFTY50,29,complete,-0.12510453794556042
RBI,E07,PRE_30,DXY_BROAD,29,complete,0.3060029964923691
RBI,E07,PRE_30,VIX,29,complete,0.273474911661301
RBI,E07,PRE_30,UST10Y,29,complete,-0.03566005211898623
RBI,E07,POST_14,BRENT,15,complete,0.2394953461639634
RBI,E07,POST_14,GOLD_USD,15,complete,0.5192779083710948
RBI,E07,POST_14,NIFTY50,15,complete,-0.6877854310638492
RBI,E07,POST_14,DXY_BROAD,15,complete,0.6118125684884167
RBI,E07,POST_14,VIX,15,complete,0.6717360778598426
RBI,E07,POST_14,UST10Y,15,complete,-0.2386696845416579
RBI,E07,POST_30,BRENT,31,complete,0.1627311029786019
RBI,E07,POST_30,GOLD_USD,31,complete,0.428674021347154
RBI,E07,POST_30,NIFTY50,31,complete,-0.6363082001439202
RBI,E07,POST_30,DXY_BROAD,31,complete,0.5827047720576102
RBI,E07,POST_30,VIX,31,complete,0.39898065016973744
RBI,E07,POST_30,UST10Y,31,complete,-0.10891185786885596
RBI,E07,POST_90,BRENT,91,complete,-0.005081959570216449
RBI,E07,POST_90,GOLD_USD,91,complete,0.14719556028081734
RBI,E07,POST_90,NIFTY50,91,complete,-0.4579995361701058
RBI,E07,POST_90,DXY_BROAD,91,complete,0.33203882640369775
RBI,E07,POST_90,VIX,91,complete,0.08767031868275879
RBI,E07,POST_90,UST10Y,91,complete,-0.10130164606748708
RBI,E08,PRE_30,BRENT,29,complete,0.022223072148433134
RBI,E08,PRE_30,GOLD_USD,29,complete,-0.14270639739186913
RBI,E08,PRE_30,NIFTY50,29,complete,-0.1162264152333164
RBI,E08,PRE_30,DXY_BROAD,29,complete,0.36785748979278454
RBI,E08,PRE_30,VIX,29,complete,0.1590824693106087
RBI,E08,PRE_30,UST10Y,29,complete,0.19120736063653057
RBI,E08,POST_14,BRENT,15,complete,0.25962612219156395
RBI,E08,POST_14,GOLD_USD,15,complete,-0.050139638310845086
RBI,E08,POST_14,NIFTY50,15,complete,-0.14032707751447412
RBI,E08,POST_14,DXY_BROAD,15,complete,0.18415815326442725
RBI,E08,POST_14,VIX,15,complete,0.316485856938433
RBI,E08,POST_14,UST10Y,15,complete,-0.2554951673808105
RBI,E08,POST_30,BRENT,31,complete,0.08003338787707714
RBI,E08,POST_30,GOLD_USD,31,complete,-0.35314690831717477
RBI,E08,POST_30,NIFTY50,31,complete,-0.3022615847969225
RBI,E08,POST_30,DXY_BROAD,31,complete,0.3889592808431936
RBI,E08,POST_30,VIX,31,complete,0.15028996350910886
RBI,E08,POST_30,UST10Y,31,complete,-0.08246365981396712
RBI,E08,POST_90,BRENT,91,complete,0.015517182009344077
RBI,E08,POST_90,GOLD_USD,91,complete,-0.2099575427416206
RBI,E08,POST_90,NIFTY50,91,complete,-0.13845750520362787
RBI,E08,POST_90,DXY_BROAD,91,complete,0.17547379105969446
RBI,E08,POST_90,VIX,91,complete,0.07918577728431014
RBI,E08,POST_90,UST10Y,91,complete,0.05046017900776466
RBI,E09,PRE_30,BRENT,29,complete,0.15976366482136578
RBI,E09,PRE_30,GOLD_USD,29,complete,-0.36882165950227097
RBI,E09,PRE_30,NIFTY50,29,complete,-0.3203684849256544
RBI,E09,PRE_30,DXY_BROAD,29,complete,0.21795414036926214
RBI,E09,PRE_30,VIX,29,complete,-0.01913152648806451
RBI,E09,PRE_30,UST10Y,29,complete,-0.3159764227381791
RBI,E09,POST_14,BRENT,15,complete,-0.06362617038631714
RBI,E09,POST_14,GOLD_USD,15,complete,0.0588031706752407
RBI,E09,POST_14,NIFTY50,15,complete,-0.03158568959904395
RBI,E09,POST_14,DXY_BROAD,15,complete,0.24031985916015144
RBI,E09,POST_14,VIX,15,complete,0.4937761914176096
RBI,E09,POST_14,UST10Y,15,complete,0.39616549905992154
RBI,E09,POST_30,BRENT,31,complete,0.22413232986104814
RBI,E09,POST_30,GOLD_USD,31,complete,0.03587575452992154
RBI,E09,POST_30,NIFTY50,31,complete,-0.32433109084645556
RBI,E09,POST_30,DXY_BROAD,31,complete,0.15761730640309002
RBI,E09,POST_30,VIX,31,complete,0.4990801366560666
RBI,E09,POST_30,UST10Y,31,complete,0.29469619422934623
RBI,E09,POST_90,BRENT,91,complete,0.1376331849700416
RBI,E09,POST_90,GOLD_USD,91,complete,0.018001280939362766
RBI,E09,POST_90,NIFTY50,91,complete,-0.6002976433328211
RBI,E09,POST_90,DXY_BROAD,91,complete,0.18866594836261433
RBI,E09,POST_90,VIX,91,complete,0.1880599867834792
RBI,E09,POST_90,UST10Y,91,complete,0.10053154496032225
RBI,E10,PRE_30,BRENT,29,complete,0.11737362270503103
RBI,E10,PRE_30,GOLD_USD,29,complete,-0.24666188244109247
RBI,E10,PRE_30,NIFTY50,29,complete,-0.5822955359571718
RBI,E10,PRE_30,DXY_BROAD,29,complete,0.31160904511078197
RBI,E10,PRE_30,VIX,29,complete,-0.2275416683506433
RBI,E10,PRE_30,UST10Y,29,complete,0.17865394004033183
RBI,E10,POST_14,BRENT,15,complete,0.19473726570158653
RBI,E10,POST_14,GOLD_USD,15,complete,0.12165784542724666
RBI,E10,POST_14,NIFTY50,15,complete,-0.4040007428451489
RBI,E10,POST_14,DXY_BROAD,15,complete,-0.09329254903366417
RBI,E10,POST_14,VIX,15,complete,0.5000723942065087
RBI,E10,POST_14,UST10Y,15,complete,-0.4813834714526258
RBI,E10,POST_30,BRENT,31,complete,0.08991315275082203
RBI,E10,POST_30,GOLD_USD,31,complete,0.07434187671897798
RBI,E10,POST_30,NIFTY50,31,complete,-0.35918763622749256
RBI,E10,POST_30,DXY_BROAD,31,complete,0.003924228794342197
RBI,E10,POST_30,VIX,31,complete,0.3152326621497255
RBI,E10,POST_30,UST10Y,31,complete,-0.40388404591682775
RBI,E10,POST_90,BRENT,91,complete,0.19376998234060488
RBI,E10,POST_90,GOLD_USD,91,complete,0.16973015613727968
RBI,E10,POST_90,NIFTY50,91,complete,-0.3309244146886063
RBI,E10,POST_90,DXY_BROAD,91,complete,0.10768038370285787
RBI,E10,POST_90,VIX,91,complete,0.20410085080305865
RBI,E10,POST_90,UST10Y,91,complete,-0.21515091547852933
RBI,E11,PRE_30,BRENT,29,complete,0.03369025063910048
RBI,E11,PRE_30,GOLD_USD,29,complete,0.17576364018014354
RBI,E11,PRE_30,NIFTY50,29,complete,-0.36427687136590897
RBI,E11,PRE_30,DXY_BROAD,29,complete,-0.02743128411350334
RBI,E11,PRE_30,VIX,29,complete,0.365628777455792
RBI,E11,PRE_30,UST10Y,29,complete,-0.4326210774793551
RBI,E11,POST_14,BRENT,15,complete,0.6381387903851901
RBI,E11,POST_14,GOLD_USD,15,complete,0.521211688573782
RBI,E11,POST_14,NIFTY50,15,complete,-0.5032147817909791
RBI,E11,POST_14,DXY_BROAD,15,complete,0.6173787932289009
RBI,E11,POST_14,VIX,15,complete,0.706144408399327
RBI,E11,POST_14,UST10Y,15,complete,0.20713961421508098
RBI,E11,POST_30,BRENT,31,complete,0.5421971328723125
RBI,E11,POST_30,GOLD_USD,31,complete,0.30200315478537976
RBI,E11,POST_30,NIFTY50,31,complete,-0.4676954351318528
RBI,E11,POST_30,DXY_BROAD,31,complete,0.46429466099772143
RBI,E11,POST_30,VIX,31,complete,0.540128474476051
RBI,E11,POST_30,UST10Y,31,complete,0.14318561181479067
RBI,E11,POST_90,BRENT,91,complete,0.264506739919164
RBI,E11,POST_90,GOLD_USD,91,complete,0.08516844065350396
RBI,E11,POST_90,NIFTY50,91,complete,-0.28786925815904074
RBI,E11,POST_90,DXY_BROAD,91,complete,0.1744323485198706
RBI,E11,POST_90,VIX,91,complete,0.00180786373504017
RBI,E11,POST_90,UST10Y,91,complete,0.032417035770863786
RBI,E12,PRE_30,BRENT,29,complete,-0.21778153782392023
RBI,E12,PRE_30,GOLD_USD,29,complete,-0.011649776735326516
RBI,E12,PRE_30,NIFTY50,29,complete,-0.5590521192017602
RBI,E12,PRE_30,DXY_BROAD,29,complete,0.005909324969862686
RBI,E12,PRE_30,VIX,29,complete,-0.2719377949766201
RBI,E12,PRE_30,UST10Y,29,complete,0.041241058467001046
RBI,E12,POST_14,BRENT,15,complete,-0.14891746977940848
RBI,E12,POST_14,GOLD_USD,15,complete,-0.45132180886591083
RBI,E12,POST_14,NIFTY50,15,complete,-0.7215377859022248
RBI,E12,POST_14,DXY_BROAD,15,complete,0.2007705167700832
RBI,E12,POST_14,VIX,15,complete,-0.12699687366843476
RBI,E12,POST_14,UST10Y,15,complete,0.16796979600578127
RBI,E12,POST_30,BRENT,31,complete,0.20201812611189748
RBI,E12,POST_30,GOLD_USD,31,complete,-0.4625996819877468
RBI,E12,POST_30,NIFTY50,31,complete,-0.6476727007210782
RBI,E12,POST_30,DXY_BROAD,31,complete,0.507718796753925
RBI,E12,POST_30,VIX,31,complete,0.38608208346417344
RBI,E12,POST_30,UST10Y,31,complete,0.37055727746715234
RBI,E12,POST_90,BRENT,91,complete,0.20787381700461516
RBI,E12,POST_90,GOLD_USD,91,complete,-0.37100435898544876
RBI,E12,POST_90,NIFTY50,91,complete,-0.5027242815326822
RBI,E12,POST_90,DXY_BROAD,91,complete,0.28575681577348905
RBI,E12,POST_90,VIX,91,complete,0.13693718704732621
RBI,E12,POST_90,UST10Y,91,complete,0.13686519417614015
RBI,E13,PRE_30,BRENT,29,complete,0.008728094157692485
RBI,E13,PRE_30,GOLD_USD,29,complete,-0.2514491086173772
RBI,E13,PRE_30,NIFTY50,29,complete,-0.12455431444024567
RBI,E13,PRE_30,DXY_BROAD,29,complete,0.06822346651753687
RBI,E13,PRE_30,VIX,29,complete,-0.2279375337487182
RBI,E13,PRE_30,UST10Y,29,complete,-0.22998550739525983
RBI,E13,POST_14,BRENT,15,complete,0.45654950776822
RBI,E13,POST_14,GOLD_USD,15,complete,-0.052967184438937345
RBI,E13,POST_14,NIFTY50,15,complete,-0.14773334330858065
RBI,E13,POST_14,DXY_BROAD,15,complete,0.03839353289865651
RBI,E13,POST_14,VIX,15,complete,0.3459968505062356
RBI,E13,POST_14,UST10Y,15,complete,0.4294327305747805
RBI,E13,POST_30,BRENT,31,complete,0.2878962438036593
RBI,E13,POST_30,GOLD_USD,31,complete,-0.04212053341323683
RBI,E13,POST_30,NIFTY50,31,complete,-0.26356351236347814
RBI,E13,POST_30,DXY_BROAD,31,complete,0.012544509744310943
RBI,E13,POST_30,VIX,31,complete,0.29334828323711526
RBI,E13,POST_30,UST10Y,31,complete,0.11835582500763238
RBI,E13,POST_90,BRENT,56,partial,0.12278395165033675
RBI,E13,POST_90,GOLD_USD,58,partial,-0.015060261296880493
RBI,E13,POST_90,NIFTY50,58,partial,-0.2732378862748364
RBI,E13,POST_90,DXY_BROAD,58,partial,0.08679175943594798
RBI,E13,POST_90,VIX,58,partial,0.115087255895823
RBI,E13,POST_90,UST10Y,58,partial,0.09062062743702562
FRED,E01,PRE_30,BRENT,29,complete,-0.009905774618681642
FRED,E01,PRE_30,GOLD_USD,29,complete,0.3705559472207901
FRED,E01,PRE_30,NIFTY50,29,complete,-0.29041939181248216
FRED,E01,PRE_30,DXY_BROAD,29,complete,0.4217373369098971
FRED,E01,PRE_30,VIX,29,complete,0.5968674863549738
FRED,E01,PRE_30,UST10Y,29,complete,-0.31257978615275583
FRED,E01,POST_14,BRENT,15,complete,0.3357502793250886
FRED,E01,POST_14,GOLD_USD,15,complete,0.21534282498025467
FRED,E01,POST_14,NIFTY50,15,complete,-0.38250771641333225
FRED,E01,POST_14,DXY_BROAD,15,complete,0.5544263119307032
FRED,E01,POST_14,VIX,15,complete,0.18964664818622726
FRED,E01,POST_14,UST10Y,15,complete,-0.270861892217892
FRED,E01,POST_30,BRENT,31,complete,0.21850342216138988
FRED,E01,POST_30,GOLD_USD,31,complete,0.16696599334706733
FRED,E01,POST_30,NIFTY50,31,complete,-0.29238173944313106
FRED,E01,POST_30,DXY_BROAD,31,complete,0.48130637104536417
FRED,E01,POST_30,VIX,31,complete,0.17806690839479158
FRED,E01,POST_30,UST10Y,31,complete,-0.22695138711129195
FRED,E01,POST_90,BRENT,91,complete,0.044966503807259854
FRED,E01,POST_90,GOLD_USD,91,complete,0.032222734557830965
FRED,E01,POST_90,NIFTY50,91,complete,-0.1925958712498984
FRED,E01,POST_90,DXY_BROAD,91,complete,0.4062043424260346
FRED,E01,POST_90,VIX,91,complete,0.1564449392974549
FRED,E01,POST_90,UST10Y,91,complete,-0.1239333504639251
FRED,E02,PRE_30,BRENT,29,complete,-0.23566119611778674
FRED,E02,PRE_30,GOLD_USD,29,complete,-0.2987136042601571
FRED,E02,PRE_30,NIFTY50,29,complete,-0.3360387902752257
FRED,E02,PRE_30,DXY_BROAD,29,complete,0.8230202313506018
FRED,E02,PRE_30,VIX,29,complete,0.29017229388544163
FRED,E02,PRE_30,UST10Y,29,complete,0.4237812944418052
FRED,E02,POST_14,BRENT,15,complete,0.15055988453772665
FRED,E02,POST_14,GOLD_USD,15,complete,-0.15848165362831634
FRED,E02,POST_14,NIFTY50,15,complete,-0.41304052963564736
FRED,E02,POST_14,DXY_BROAD,15,complete,0.06747863534914225
FRED,E02,POST_14,VIX,15,complete,0.5060615059486758
FRED,E02,POST_14,UST10Y,15,complete,-0.1434989118672665
FRED,E02,POST_30,BRENT,31,complete,-0.2109327494567362
FRED,E02,POST_30,GOLD_USD,31,complete,-0.6533819131284571
FRED,E02,POST_30,NIFTY50,31,complete,-0.4969784574834796
FRED,E02,POST_30,DXY_BROAD,31,complete,0.6394150633308798
FRED,E02,POST_30,VIX,31,complete,0.03172370462538606
FRED,E02,POST_30,UST10Y,31,complete,0.24227536429052787
FRED,E02,POST_90,BRENT,91,complete,-0.1316525647136049
FRED,E02,POST_90,GOLD_USD,91,complete,-0.489460094248852
FRED,E02,POST_90,NIFTY50,91,complete,-0.2084030792687415
FRED,E02,POST_90,DXY_BROAD,91,complete,0.6615247909550774
FRED,E02,POST_90,VIX,91,complete,-0.055890858675507624
FRED,E02,POST_90,UST10Y,91,complete,0.25354172768746774
FRED,E03,PRE_30,BRENT,29,complete,0.09626787658158313
FRED,E03,PRE_30,GOLD_USD,29,complete,-0.0025281095475379236
FRED,E03,PRE_30,NIFTY50,29,complete,-0.3670794610979645
FRED,E03,PRE_30,DXY_BROAD,29,complete,0.6012628205180076
FRED,E03,PRE_30,VIX,29,complete,0.5168449746865422
FRED,E03,PRE_30,UST10Y,29,complete,0.12635206785414138
FRED,E03,POST_14,BRENT,15,complete,0.38846656726744105
FRED,E03,POST_14,GOLD_USD,15,complete,0.055225909465954015
FRED,E03,POST_14,NIFTY50,15,complete,-0.0704453625609051
FRED,E03,POST_14,DXY_BROAD,15,complete,0.3897127716217884
FRED,E03,POST_14,VIX,15,complete,0.031812081133687733
FRED,E03,POST_14,UST10Y,15,complete,0.1271267632541113
FRED,E03,POST_30,BRENT,31,complete,-0.06258019466251775
FRED,E03,POST_30,GOLD_USD,31,complete,0.002025019345641074
FRED,E03,POST_30,NIFTY50,31,complete,-0.1514061778099645
FRED,E03,POST_30,DXY_BROAD,31,complete,0.16986005447422542
FRED,E03,POST_30,VIX,31,complete,0.16585765717146675
FRED,E03,POST_30,UST10Y,31,complete,-0.21544607266064275
FRED,E03,POST_90,BRENT,91,complete,0.028674114283410473
FRED,E03,POST_90,GOLD_USD,91,complete,-0.20775231337134584
FRED,E03,POST_90,NIFTY50,91,complete,-0.2707772842598516
FRED,E03,POST_90,DXY_BROAD,91,complete,0.4144823214949779
FRED,E03,POST_90,VIX,91,complete,0.06976678523202824
FRED,E03,POST_90,UST10Y,91,complete,0.0428800292304423
FRED,E04,PRE_30,BRENT,29,complete,-0.13862371186758554
FRED,E04,PRE_30,GOLD_USD,29,complete,-0.2697895530481795
FRED,E04,PRE_30,NIFTY50,29,complete,0.07600874845961685
FRED,E04,PRE_30,DXY_BROAD,29,complete,0.34962302940041157
FRED,E04,PRE_30,VIX,29,complete,0.34489212778614164
FRED,E04,PRE_30,UST10Y,29,complete,0.04075393838829812
FRED,E04,POST_14,BRENT,15,complete,0.37420532906478476
FRED,E04,POST_14,GOLD_USD,15,complete,-0.09223175260295438
FRED,E04,POST_14,NIFTY50,15,complete,-0.47942053654571454
FRED,E04,POST_14,DXY_BROAD,15,complete,-0.052413149885740896
FRED,E04,POST_14,VIX,15,complete,-0.303811588531184
FRED,E04,POST_14,UST10Y,15,complete,-0.09580826725249668
FRED,E04,POST_30,BRENT,31,complete,0.01598584177433907
FRED,E04,POST_30,GOLD_USD,31,complete,-0.10901409489984179
FRED,E04,POST_30,NIFTY50,31,complete,-0.2716113489696913
FRED,E04,POST_30,DXY_BROAD,31,complete,0.21498735422571102
FRED,E04,POST_30,VIX,31,complete,0.06435153197877047
FRED,E04,POST_30,UST10Y,31,complete,-0.08500895586460315
FRED,E04,POST_90,BRENT,91,complete,0.16988114547391917
FRED,E04,POST_90,GOLD_USD,91,complete,-0.12564068083111596
FRED,E04,POST_90,NIFTY50,91,complete,-0.4364902896476885
FRED,E04,POST_90,DXY_BROAD,91,complete,0.3696032013252888
FRED,E04,POST_90,VIX,91,complete,0.24423651936444732
FRED,E04,POST_90,UST10Y,91,complete,-0.051856307035898656
FRED,E05,PRE_30,BRENT,29,complete,-0.16933493498695854
FRED,E05,PRE_30,GOLD_USD,29,complete,0.12117859577450646
FRED,E05,PRE_30,NIFTY50,29,complete,-0.039490731729670846
FRED,E05,PRE_30,DXY_BROAD,29,complete,0.005707642361784929
FRED,E05,PRE_30,VIX,29,complete,-0.010977888597428338
FRED,E05,PRE_30,UST10Y,29,complete,-0.17684316179371568
FRED,E05,POST_14,BRENT,15,complete,0.6171049630940861
FRED,E05,POST_14,GOLD_USD,15,complete,0.3398334866960047
FRED,E05,POST_14,NIFTY50,15,complete,-0.3139911620760235
FRED,E05,POST_14,DXY_BROAD,15,complete,0.4464780003656146
FRED,E05,POST_14,VIX,15,complete,0.41956513182475363
FRED,E05,POST_14,UST10Y,15,complete,-0.3299058100729449
FRED,E05,POST_30,BRENT,31,complete,0.4089786738577147
FRED,E05,POST_30,GOLD_USD,31,complete,0.3034016747757113
FRED,E05,POST_30,NIFTY50,31,complete,-0.19532465668258836
FRED,E05,POST_30,DXY_BROAD,31,complete,0.3434923282529626
FRED,E05,POST_30,VIX,31,complete,0.2979174027873955
FRED,E05,POST_30,UST10Y,31,complete,-0.4135646200072303
FRED,E05,POST_90,BRENT,91,complete,-0.20451595662277142
FRED,E05,POST_90,GOLD_USD,91,complete,-0.05263131813321319
FRED,E05,POST_90,NIFTY50,91,complete,-0.4341984492997793
FRED,E05,POST_90,DXY_BROAD,91,complete,0.5670437805561584
FRED,E05,POST_90,VIX,91,complete,0.12343646817698316
FRED,E05,POST_90,UST10Y,91,complete,-0.27864397734178453
FRED,E06,PRE_30,BRENT,29,complete,-0.14293562886913005
FRED,E06,PRE_30,GOLD_USD,29,complete,-0.012077093545281208
FRED,E06,PRE_30,NIFTY50,29,complete,0.03568505322286048
FRED,E06,PRE_30,DXY_BROAD,29,complete,0.5995700451676594
FRED,E06,PRE_30,VIX,29,complete,0.015704296626889304
FRED,E06,PRE_30,UST10Y,29,complete,0.08280704133827653
FRED,E06,POST_14,BRENT,15,complete,-0.22070455775973735
FRED,E06,POST_14,GOLD_USD,15,complete,0.3127273059615732
FRED,E06,POST_14,NIFTY50,15,complete,-0.2889084289161739
FRED,E06,POST_14,DXY_BROAD,15,complete,0.49419155122345165
FRED,E06,POST_14,VIX,15,complete,0.435983432979925
FRED,E06,POST_14,UST10Y,15,complete,-0.1612351323295783
FRED,E06,POST_30,BRENT,31,complete,-0.35239132017801783
FRED,E06,POST_30,GOLD_USD,31,complete,0.22228742478041227
FRED,E06,POST_30,NIFTY50,31,complete,-0.32206474576347716
FRED,E06,POST_30,DXY_BROAD,31,complete,0.3982132523169549
FRED,E06,POST_30,VIX,31,complete,0.3370448347216731
FRED,E06,POST_30,UST10Y,31,complete,-0.20789989738176548
FRED,E06,POST_90,BRENT,91,complete,-0.25978370021531555
FRED,E06,POST_90,GOLD_USD,91,complete,-0.1856428091476083
FRED,E06,POST_90,NIFTY50,91,complete,-0.3357794618441306
FRED,E06,POST_90,DXY_BROAD,91,complete,0.5122669137054099
FRED,E06,POST_90,VIX,91,complete,0.28608092598960855
FRED,E06,POST_90,UST10Y,91,complete,-0.252076078095168
FRED,E07,PRE_30,BRENT,29,complete,0.09907224132214675
FRED,E07,PRE_30,GOLD_USD,29,complete,-0.011599854621338015
FRED,E07,PRE_30,NIFTY50,29,complete,-0.47800596251645416
FRED,E07,PRE_30,DXY_BROAD,29,complete,0.5434085108764072
FRED,E07,PRE_30,VIX,29,complete,0.44389672910955136
FRED,E07,PRE_30,UST10Y,29,complete,0.11633564667820452
FRED,E07,POST_14,BRENT,15,complete,0.5880545180479698
FRED,E07,POST_14,GOLD_USD,15,complete,0.6869740420453918
FRED,E07,POST_14,NIFTY50,15,complete,-0.7957259804539981
FRED,E07,POST_14,DXY_BROAD,15,complete,0.9360192681942957
FRED,E07,POST_14,VIX,15,complete,0.6172452734786471
FRED,E07,POST_14,UST10Y,15,complete,-0.5151456922172524
FRED,E07,POST_30,BRENT,31,complete,0.36605940404007464
FRED,E07,POST_30,GOLD_USD,31,complete,0.5501415325094917
FRED,E07,POST_30,NIFTY50,31,complete,-0.7288940765093238
FRED,E07,POST_30,DXY_BROAD,31,complete,0.7353941747667133
FRED,E07,POST_30,VIX,31,complete,0.5556644036156868
FRED,E07,POST_30,UST10Y,31,complete,-0.28193363793363263
FRED,E07,POST_90,BRENT,91,complete,0.15712369409841861
FRED,E07,POST_90,GOLD_USD,91,complete,0.2706736317241483
FRED,E07,POST_90,NIFTY50,91,complete,-0.3861850593406143
FRED,E07,POST_90,DXY_BROAD,91,complete,0.5477114880044521
FRED,E07,POST_90,VIX,91,complete,0.35876755848354375
FRED,E07,POST_90,UST10Y,91,complete,-0.15311583412935126
FRED,E08,PRE_30,BRENT,29,complete,0.14462386622459744
FRED,E08,PRE_30,GOLD_USD,29,complete,0.018124513794180425
FRED,E08,PRE_30,NIFTY50,29,complete,0.17025572655987736
FRED,E08,PRE_30,DXY_BROAD,29,complete,0.29825100535455645
FRED,E08,PRE_30,VIX,29,complete,0.29566144855862925
FRED,E08,PRE_30,UST10Y,29,complete,0.33455287860800775
FRED,E08,POST_14,BRENT,15,complete,-0.11929660349915822
FRED,E08,POST_14,GOLD_USD,15,complete,0.19125980617927688
FRED,E08,POST_14,NIFTY50,15,complete,-0.3397095620115285
FRED,E08,POST_14,DXY_BROAD,15,complete,0.19604595349948403
FRED,E08,POST_14,VIX,15,complete,-0.21052548826070872
FRED,E08,POST_14,UST10Y,15,complete,-0.11167278281809472
FRED,E08,POST_30,BRENT,31,complete,-0.028577608975323725
FRED,E08,POST_30,GOLD_USD,31,complete,-0.20545197930168121
FRED,E08,POST_30,NIFTY50,31,complete,-0.3296576373543338
FRED,E08,POST_30,DXY_BROAD,31,complete,0.25121732772906424
FRED,E08,POST_30,VIX,31,complete,-0.13244422581698534
FRED,E08,POST_30,UST10Y,31,complete,-0.16991147827422023
FRED,E08,POST_90,BRENT,91,complete,0.037053870897163436
FRED,E08,POST_90,GOLD_USD,91,complete,-0.19308412857938714
FRED,E08,POST_90,NIFTY50,91,complete,-0.2498651185148715
FRED,E08,POST_90,DXY_BROAD,91,complete,0.30336153298074725
FRED,E08,POST_90,VIX,91,complete,0.010033863520730966
FRED,E08,POST_90,UST10Y,91,complete,0.13197105373135506
FRED,E09,PRE_30,BRENT,29,complete,0.010146812375837725
FRED,E09,PRE_30,GOLD_USD,29,complete,-0.14797219689600002
FRED,E09,PRE_30,NIFTY50,29,complete,-0.17625155721505337
FRED,E09,PRE_30,DXY_BROAD,29,complete,0.5634174624080568
FRED,E09,PRE_30,VIX,29,complete,0.2982413313145221
FRED,E09,PRE_30,UST10Y,29,complete,-0.1197390065296376
FRED,E09,POST_14,BRENT,15,complete,0.04975528737157377
FRED,E09,POST_14,GOLD_USD,15,complete,0.5907560268185338
FRED,E09,POST_14,NIFTY50,15,complete,0.1046064346483954
FRED,E09,POST_14,DXY_BROAD,15,complete,0.11211237733869205
FRED,E09,POST_14,VIX,15,complete,-0.33960557372323835
FRED,E09,POST_14,UST10Y,15,complete,-0.379236943223365
FRED,E09,POST_30,BRENT,31,complete,0.12075968081966847
FRED,E09,POST_30,GOLD_USD,31,complete,0.41212709079185916
FRED,E09,POST_30,NIFTY50,31,complete,-0.06370111520430898
FRED,E09,POST_30,DXY_BROAD,31,complete,0.03722764434386534
FRED,E09,POST_30,VIX,31,complete,0.019523760465494186
FRED,E09,POST_30,UST10Y,31,complete,-0.13324019482722327
FRED,E09,POST_90,BRENT,91,complete,0.043149955846260336
FRED,E09,POST_90,GOLD_USD,91,complete,0.10984511371595816
FRED,E09,POST_90,NIFTY50,91,complete,-0.516219489369694
FRED,E09,POST_90,DXY_BROAD,91,complete,0.22487716292648396
FRED,E09,POST_90,VIX,91,complete,0.08457243082436203
FRED,E09,POST_90,UST10Y,91,complete,0.05511400707052624
FRED,E10,PRE_30,BRENT,29,complete,-0.18259850654393667
FRED,E10,PRE_30,GOLD_USD,29,complete,-0.3083844475618363
FRED,E10,PRE_30,NIFTY50,29,complete,-0.5609376057052061
FRED,E10,PRE_30,DXY_BROAD,29,complete,0.21179534520561913
FRED,E10,PRE_30,VIX,29,complete,-0.12781256417472073
FRED,E10,PRE_30,UST10Y,29,complete,0.25524422567711885
FRED,E10,POST_14,BRENT,15,complete,0.08895179596717204
FRED,E10,POST_14,GOLD_USD,15,complete,-0.002951905251273797
FRED,E10,POST_14,NIFTY50,15,complete,-0.10454129042294757
FRED,E10,POST_14,DXY_BROAD,15,complete,0.3986600600464575
FRED,E10,POST_14,VIX,15,complete,-0.2946576288343459
FRED,E10,POST_14,UST10Y,15,complete,0.2918186833324777
FRED,E10,POST_30,BRENT,31,complete,-0.07515180798442567
FRED,E10,POST_30,GOLD_USD,31,complete,-0.10940993265759613
FRED,E10,POST_30,NIFTY50,31,complete,-0.18979719279188684
FRED,E10,POST_30,DXY_BROAD,31,complete,0.44398695237635244
FRED,E10,POST_30,VIX,31,complete,-0.35048251665470614
FRED,E10,POST_30,UST10Y,31,complete,0.08258385667056668
FRED,E10,POST_90,BRENT,91,complete,0.21228465401465887
FRED,E10,POST_90,GOLD_USD,91,complete,-0.013567443981754265
FRED,E10,POST_90,NIFTY50,91,complete,-0.239352808917831
FRED,E10,POST_90,DXY_BROAD,91,complete,0.4081713796370516
FRED,E10,POST_90,VIX,91,complete,0.04335721461889449
FRED,E10,POST_90,UST10Y,91,complete,0.08058567133475542
FRED,E11,PRE_30,BRENT,29,complete,-0.16862110777208286
FRED,E11,PRE_30,GOLD_USD,29,complete,-0.17454717523085894
FRED,E11,PRE_30,NIFTY50,29,complete,-0.207539777663841
FRED,E11,PRE_30,DXY_BROAD,29,complete,0.49799204806608377
FRED,E11,PRE_30,VIX,29,complete,-0.2948286339059371
FRED,E11,PRE_30,UST10Y,29,complete,-0.02721230436517514
FRED,E11,POST_14,BRENT,15,complete,0.5802451803882321
FRED,E11,POST_14,GOLD_USD,15,complete,0.1096694244684982
FRED,E11,POST_14,NIFTY50,15,complete,-0.37100020216860596
FRED,E11,POST_14,DXY_BROAD,15,complete,0.7689505735269869
FRED,E11,POST_14,VIX,15,complete,0.6722151742364868
FRED,E11,POST_14,UST10Y,15,complete,0.14392465074544575
FRED,E11,POST_30,BRENT,31,complete,0.5328258864229006
FRED,E11,POST_30,GOLD_USD,31,complete,0.09809773768768534
FRED,E11,POST_30,NIFTY50,31,complete,-0.3079676753399495
FRED,E11,POST_30,DXY_BROAD,31,complete,0.5741635822319916
FRED,E11,POST_30,VIX,31,complete,0.6277589143207698
FRED,E11,POST_30,UST10Y,31,complete,0.01533546025671286
FRED,E11,POST_90,BRENT,91,complete,0.27574493034485814
FRED,E11,POST_90,GOLD_USD,91,complete,0.05497369437433669
FRED,E11,POST_90,NIFTY50,91,complete,-0.3032966626116637
FRED,E11,POST_90,DXY_BROAD,91,complete,0.3292403263188343
FRED,E11,POST_90,VIX,91,complete,0.1290600083865476
FRED,E11,POST_90,UST10Y,91,complete,0.05775029346435303
FRED,E12,PRE_30,BRENT,29,complete,0.011307739167348141
FRED,E12,PRE_30,GOLD_USD,29,complete,0.05099764036810499
FRED,E12,PRE_30,NIFTY50,29,complete,-0.40243804466966304
FRED,E12,PRE_30,DXY_BROAD,29,complete,0.01374648408687396
FRED,E12,PRE_30,VIX,29,complete,-0.3244454158310668
FRED,E12,PRE_30,UST10Y,29,complete,0.12789022719220539
FRED,E12,POST_14,BRENT,15,complete,0.18776036970506219
FRED,E12,POST_14,GOLD_USD,15,complete,0.1742835040656986
FRED,E12,POST_14,NIFTY50,15,complete,-0.18565192862480476
FRED,E12,POST_14,DXY_BROAD,15,complete,0.11806301242674176
FRED,E12,POST_14,VIX,15,complete,0.03422969798019332
FRED,E12,POST_14,UST10Y,15,complete,0.48955258217665676
FRED,E12,POST_30,BRENT,31,complete,0.29425527253836004
FRED,E12,POST_30,GOLD_USD,31,complete,-0.2088275782696802
FRED,E12,POST_30,NIFTY50,31,complete,-0.42729131291280315
FRED,E12,POST_30,DXY_BROAD,31,complete,0.3822130846125077
FRED,E12,POST_30,VIX,31,complete,0.3131614827193258
FRED,E12,POST_30,UST10Y,31,complete,0.40092330705600115
FRED,E12,POST_90,BRENT,91,complete,0.3596234950639872
FRED,E12,POST_90,GOLD_USD,91,complete,-0.3651134737535026
FRED,E12,POST_90,NIFTY50,91,complete,-0.39792402893769263
FRED,E12,POST_90,DXY_BROAD,91,complete,0.2992148665631156
FRED,E12,POST_90,VIX,91,complete,0.08240117978808949
FRED,E12,POST_90,UST10Y,91,complete,0.22394637838816958
FRED,E13,PRE_30,BRENT,29,complete,0.16811623242165605
FRED,E13,PRE_30,GOLD_USD,29,complete,-0.5359840018476079
FRED,E13,PRE_30,NIFTY50,29,complete,-0.20044853868577248
FRED,E13,PRE_30,DXY_BROAD,29,complete,0.07337145171408205
FRED,E13,PRE_30,VIX,29,complete,-0.36056209156717034
FRED,E13,PRE_30,UST10Y,29,complete,-0.161556266847107
FRED,E13,POST_14,BRENT,15,complete,0.46016295311789635
FRED,E13,POST_14,GOLD_USD,15,complete,-0.507935878209732
FRED,E13,POST_14,NIFTY50,15,complete,-0.7345397683933707
FRED,E13,POST_14,DXY_BROAD,15,complete,0.13623993303197268
FRED,E13,POST_14,VIX,15,complete,0.17195995274105855
FRED,E13,POST_14,UST10Y,15,complete,0.2823299405337978
FRED,E13,POST_30,BRENT,31,complete,0.29730803531702765
FRED,E13,POST_30,GOLD_USD,31,complete,-0.35210244545860026
FRED,E13,POST_30,NIFTY50,31,complete,-0.6562136031037588
FRED,E13,POST_30,DXY_BROAD,31,complete,0.07014785172119405
FRED,E13,POST_30,VIX,31,complete,0.15763773178703017
FRED,E13,POST_30,UST10Y,31,complete,0.05657156056647674
FRED,E13,POST_90,BRENT,57,partial,0.33230350847083
FRED,E13,POST_90,GOLD_USD,57,partial,-0.24709511572026152
FRED,E13,POST_90,NIFTY50,57,partial,-0.5811894169495873
FRED,E13,POST_90,DXY_BROAD,57,partial,0.15123035468927123
FRED,E13,POST_90,VIX,57,partial,0.21681738985762503
FRED,E13,POST_90,UST10Y,57,partial,0.21599724173308546
