basis,event_id,covered,anchor_date,t0_date,t_minus1_date,calendar_days_anchor_to_t0,last_available_date,trading_days_after_available,note
RBI,E01,1,2014-03-01,2014-03-03,2014-02-28,2,2026-09-29,3029,
RBI,E02,1,2016-09-29,2016-09-29,2016-09-28,0,2026-09-29,2413,
RBI,E03,1,2017-06-30,2017-06-30,2017-06-29,0,2026-09-29,2232,
RBI,E04,1,2019-02-15,2019-02-15,2019-02-14,0,2026-09-29,1836,
RBI,E05,1,2020-01-03,2020-01-03,2020-01-02,0,2026-09-29,1625,
RBI,E06,1,2020-06-16,2020-06-16,2020-06-15,0,2026-09-29,1520,
RBI,E07,1,2022-02-24,2022-02-24,2022-02-23,0,2026-09-29,1108,
RBI,E08,1,2023-10-09,2023-10-09,2023-10-06,0,2026-09-29,717,
RBI,E09,1,2024-04-15,2024-04-15,2024-04-12,0,2026-09-29,595,
RBI,E10,1,2025-04-23,2025-04-23,2025-04-22,0,2026-09-29,349,
RBI,E11,1,2025-06-13,2025-06-13,2025-06-12,0,2026-09-29,314,
RBI,E12,1,2026-02-28,2026-03-02,2026-02-27,2,2026-09-29,139,
RBI,E13,1,2026-07-08,2026-07-08,2026-07-07,0,2026-09-29,57,
FRED,E01,1,2014-03-01,2014-03-03,2014-02-28,2,2026-09-25,3142,
FRED,E02,1,2016-09-29,2016-09-29,2016-09-28,0,2026-09-25,2493,
FRED,E03,1,2017-06-30,2017-06-30,2017-06-29,0,2026-09-25,2306,
FRED,E04,1,2019-02-15,2019-02-15,2019-02-14,0,2026-09-25,1902,
FRED,E05,1,2020-01-03,2020-01-03,2020-01-02,0,2026-09-25,1682,
FRED,E06,1,2020-06-16,2020-06-16,2020-06-15,0,2026-09-25,1568,
FRED,E07,1,2022-02-24,2022-02-24,2022-02-23,0,2026-09-25,1148,
FRED,E08,1,2023-10-09,2023-10-10,2023-10-06,1,2026-09-25,741,
FRED,E09,1,2024-04-15,2024-04-15,2024-04-12,0,2026-09-25,613,
FRED,E10,1,2025-04-23,2025-04-23,2025-04-22,0,2026-09-25,357,
FRED,E11,1,2025-06-13,2025-06-13,2025-06-12,0,2026-09-25,321,
FRED,E12,1,2026-02-28,2026-03-02,2026-02-27,2,2026-09-25,145,
FRED,E13,1,2026-07-08,2026-07-08,2026-07-07,0,2026-09-25,56,
