month,series_id,value,yoy_pct,mom_change,series_version
2013-01-01,US_CPI,231.679,1.684061762098299,,
2013-02-01,US_CPI,232.937,2.0181404902574807,,
2013-03-01,US_CPI,232.282,1.5187472411246183,,
2013-04-01,US_CPI,231.797,1.138808047576867,,
2013-05-01,US_CPI,231.893,1.3903888279197085,,
2013-06-01,US_CPI,232.445,1.7157935271568725,,
2013-07-01,US_CPI,232.9,1.885471805415806,,
2013-08-01,US_CPI,233.456,1.538809488600279,,
2013-09-01,US_CPI,233.544,1.0947341081747997,,
2013-10-01,US_CPI,233.669,0.8767991434911471,,
2013-11-01,US_CPI,234.1,1.2328701961954458,,
2013-12-01,US_CPI,234.719,1.5128383667573297,,
2014-01-01,US_CPI,235.288,1.557758795574915,,
2014-02-01,US_CPI,235.547,1.1204746347724948,,
2014-03-01,US_CPI,236.028,1.6126949139408042,,
2014-04-01,US_CPI,236.468,2.015125303606169,,
2014-05-01,US_CPI,236.918,2.166947687079812,,
2014-06-01,US_CPI,237.231,2.0589816945944195,,
2014-07-01,US_CPI,237.498,1.9742378703305974,,
2014-08-01,US_CPI,237.46,1.7150983482969062,,
2014-09-01,US_CPI,237.477,1.6840509711232077,,
2014-10-01,US_CPI,237.43,1.6095417021513292,,
2014-11-01,US_CPI,236.983,1.231524989320798,,
2014-12-01,US_CPI,236.252,0.6531213919623191,,
2015-01-01,US_CPI,234.747,-0.22993097820542818,,
2015-02-01,US_CPI,235.342,-0.08703146293520536,,
2015-03-01,US_CPI,235.976,-0.022031284423873476,,
2015-04-01,US_CPI,236.222,-0.10403098939391064,,
2015-05-01,US_CPI,237.001,0.03503321824429584,,
2015-06-01,US_CPI,237.657,0.1795718097550525,,
2015-07-01,US_CPI,238.034,0.22568611104094582,,
2015-08-01,US_CPI,238.033,0.2413037985344868,,
2015-09-01,US_CPI,237.498,0.008842961634170088,,
2015-10-01,US_CPI,237.733,0.12761656067050708,,
2015-11-01,US_CPI,238.017,0.4363182169185187,,
2015-12-01,US_CPI,237.761,0.6387247515364791,,
2016-01-01,US_CPI,237.652,1.2375025026943876,,
2016-02-01,US_CPI,237.336,0.8472775790126619,,
2016-03-01,US_CPI,238.08,0.8916160965521946,,
2016-04-01,US_CPI,238.992,1.1726257503534843,,
2016-05-01,US_CPI,239.557,1.0784764621246223,,
2016-06-01,US_CPI,240.222,1.0792865347959424,,
2016-07-01,US_CPI,240.101,0.8683633430518256,,
2016-08-01,US_CPI,240.545,1.0553158595656864,,
2016-09-01,US_CPI,241.176,1.5486446201652182,,
2016-10-01,US_CPI,241.741,1.685924966243646,,
2016-11-01,US_CPI,242.026,1.6843334719788938,,
2016-12-01,US_CPI,242.637,2.0507989115119862,,
2017-01-01,US_CPI,243.618,2.5103933482571117,,
2017-02-01,US_CPI,244.006,2.8103616813294208,,
2017-03-01,US_CPI,243.892,2.44119623655914,,
2017-04-01,US_CPI,244.193,2.176223471915395,,
2017-05-01,US_CPI,244.004,1.8563431667619756,,
2017-06-01,US_CPI,244.163,1.640565809959127,,
2017-07-01,US_CPI,244.243,1.7251073506566073,,
2017-08-01,US_CPI,245.183,1.92812155729698,,
2017-09-01,US_CPI,246.435,2.1805652303711787,,
2017-10-01,US_CPI,246.626,2.020757753132485,,
2017-11-01,US_CPI,247.284,2.172493864295566,,
2017-12-01,US_CPI,247.805,2.129930719552253,,
2018-01-01,US_CPI,248.859,2.151318868063945,,
2018-02-01,US_CPI,249.529,2.263468931091861,,
2018-03-01,US_CPI,249.577,2.3309497646499366,,
2018-04-01,US_CPI,250.227,2.4709963021052994,,
2018-05-01,US_CPI,250.792,2.781921607842497,,
2018-06-01,US_CPI,251.018,2.8075506935940187,,
2018-07-01,US_CPI,251.214,2.854124785561929,,
2018-08-01,US_CPI,251.663,2.6429238568742575,,
2018-09-01,US_CPI,252.182,2.332055105808828,,
2018-10-01,US_CPI,252.772,2.492032470218053,,
2018-11-01,US_CPI,252.594,2.147328577667773,,
2018-12-01,US_CPI,252.767,2.0023809043401064,,
2019-01-01,US_CPI,252.561,1.4875893578291333,,
2019-02-01,US_CPI,253.319,1.5188615351321877,,
2019-03-01,US_CPI,254.277,1.8831863513063984,,
2019-04-01,US_CPI,255.233,2.000583470209061,,
2019-05-01,US_CPI,255.296,1.7959105553606136,,
2019-06-01,US_CPI,255.213,1.671194894390049,,
2019-07-01,US_CPI,255.802,1.826331335037068,,
2019-08-01,US_CPI,256.036,1.7376412106666406,,
2019-09-01,US_CPI,256.43,1.6844977040391562,,
2019-10-01,US_CPI,257.155,1.7339736996186295,,
2019-11-01,US_CPI,257.879,2.092290394862917,,
2019-12-01,US_CPI,258.63,2.3195274699624457,,
2020-01-01,US_CPI,259.127,2.599767976845202,,
2020-02-01,US_CPI,259.25,2.3413166797595197,,
2020-03-01,US_CPI,258.076,1.4940399642909163,,
2020-04-01,US_CPI,256.032,0.3130472940411133,,
2020-05-01,US_CPI,255.802,0.1982013035848551,,
2020-06-01,US_CPI,257.042,0.7166562831830481,,
2020-07-01,US_CPI,258.352,0.9968647625897997,,
2020-08-01,US_CPI,259.316,1.2810698495523853,,
2020-09-01,US_CPI,259.997,1.3910228912373812,,
2020-10-01,US_CPI,260.319,1.2303863428671624,,
2020-11-01,US_CPI,260.911,1.1757452138405844,,
2020-12-01,US_CPI,262.045,1.3204191315779434,,
2021-01-01,US_CPI,262.687,1.3738437137002402,,
2021-02-01,US_CPI,263.579,1.6698167791706853,,
2021-03-01,US_CPI,264.961,2.6678187820641908,,
2021-04-01,US_CPI,266.614,4.133077115360573,,
2021-05-01,US_CPI,268.383,4.918257089467626,,
2021-06-01,US_CPI,270.654,5.295632620349999,,
2021-07-01,US_CPI,271.903,5.245169381309234,,
2021-08-01,US_CPI,272.676,5.152015301793966,,
2021-09-01,US_CPI,273.91,5.351215590949132,,
2021-10-01,US_CPI,276.55,6.235042390298062,,
2021-11-01,US_CPI,278.919,6.901970403700863,,
2021-12-01,US_CPI,280.845,7.174340285065539,,
2022-01-01,US_CPI,282.543,7.558805726967832,,
2022-02-01,US_CPI,284.5,7.937278766517819,,
2022-03-01,US_CPI,287.674,8.572204966013853,,
2022-04-01,US_CPI,288.561,8.231750770777225,,
2022-05-01,US_CPI,291.298,8.538171195642065,,
2022-06-01,US_CPI,294.957,8.979361103105798,,
2022-07-01,US_CPI,294.913,8.462576727730099,,
2022-08-01,US_CPI,295.097,8.222579178218826,,
2022-09-01,US_CPI,296.349,8.192106896425821,,
2022-10-01,US_CPI,298.007,7.758813957693,,
2022-11-01,US_CPI,298.786,7.122856456533988,,
2022-12-01,US_CPI,298.832,6.404600402357152,,
2023-01-01,US_CPI,300.42,6.327178517960097,,
2023-02-01,US_CPI,301.45,5.957820738137087,,
2023-03-01,US_CPI,301.821,4.917719362889961,,
2023-04-01,US_CPI,302.845,4.950079879124369,,
2023-05-01,US_CPI,303.334,4.131851231385042,,
2023-06-01,US_CPI,304.014,3.070617072997095,,
2023-07-01,US_CPI,304.609,3.287749268428297,,
2023-08-01,US_CPI,306.082,3.722504803505289,,
2023-09-01,US_CPI,307.276,3.687206638119256,,
2023-10-01,US_CPI,307.696,3.2512659098611785,,
2023-11-01,US_CPI,308.148,3.1333462745911866,,
2023-12-01,US_CPI,308.741,3.3159099427102934,,
2024-01-01,US_CPI,309.698,3.0883429864855705,,
2024-02-01,US_CPI,310.967,3.157074141648697,,
2024-03-01,US_CPI,312.345,3.4868349120836584,,
2024-04-01,US_CPI,313.023,3.3607951262196734,,
2024-05-01,US_CPI,313.175,3.244278584003113,,
2024-06-01,US_CPI,313.044,2.9702579486470926,,
2024-07-01,US_CPI,313.569,2.9414757935583014,,
2024-08-01,US_CPI,314.062,2.607144490692037,,
2024-09-01,US_CPI,314.732,2.4264830315416708,,
2024-10-01,US_CPI,315.631,2.578844053871343,,
2024-11-01,US_CPI,316.528,2.719472461284833,,
2024-12-01,US_CPI,317.604,2.870690967509981,,
2025-01-01,US_CPI,318.961,2.9909783078999608,,
2025-02-01,US_CPI,319.679,2.8015834477613355,,
2025-03-01,US_CPI,319.785,2.381981462805549,,
2025-04-01,US_CPI,320.302,2.32538823025783,,
2025-05-01,US_CPI,320.62,2.3772651073680873,,
2025-06-01,US_CPI,321.435,2.680453865910226,,
2025-07-01,US_CPI,322.169,2.742618052167134,,
2025-08-01,US_CPI,323.291,2.9385917430316155,,
2025-09-01,US_CPI,324.245,3.0225715847133294,,
2025-11-01,US_CPI,325.063,2.6964439164939513,,
2025-12-01,US_CPI,326.031,2.653304114557753,,
2026-01-01,US_CPI,326.588,2.391201432150014,,
2026-02-01,US_CPI,327.46,2.4340041103732224,,
2026-03-01,US_CPI,330.293,3.2859577528651984,,
2026-04-01,US_CPI,332.407,3.7792458367415627,,
2026-05-01,US_CPI,333.979,4.166614684049641,,
2026-06-01,US_CPI,332.568,3.463530729385411,,
2026-07-01,US_CPI,332.813,3.303856050706311,,
2026-08-01,US_CPI,334.131,3.353016322755642,,
2013-01-01,IN_CPI_OECD,84.53936999999999,11.616154281238922,,
2013-02-01,IN_CPI_OECD,85.30443000000001,12.060292925894721,,
2013-03-01,IN_CPI_OECD,85.68696,11.442779340280595,,
2013-04-01,IN_CPI_OECD,86.45203000000002,10.243911956395223,,
2013-05-01,IN_CPI_OECD,87.21709,10.679619905230098,,
2013-06-01,IN_CPI_OECD,88.36468,11.057685479825906,,
2013-07-01,IN_CPI_OECD,89.89480999999996,10.84906282742586,,
2013-08-01,IN_CPI_OECD,90.65987,10.747670001765197,,
2013-09-01,IN_CPI_OECD,91.0424,10.69768097876349,,
2013-10-01,IN_CPI_OECD,92.18999,11.059899950909102,,
2013-11-01,IN_CPI_OECD,92.95506,11.46789287865062,,
2013-12-01,IN_CPI_OECD,91.42493,9.132417802068439,,
2014-01-01,IN_CPI_OECD,90.65987,7.239822108918026,,
2014-02-01,IN_CPI_OECD,91.0424,6.72646191997297,,
2014-03-01,IN_CPI_OECD,91.42493,6.696433156223547,,
2014-04-01,IN_CPI_OECD,92.57253,7.079648679157646,,
2014-05-01,IN_CPI_OECD,93.33759,7.017546675771924,,
2014-06-01,IN_CPI_OECD,94.10265,6.493510755654852,,
2014-07-01,IN_CPI_OECD,96.39783,7.234032754505004,,
2014-08-01,IN_CPI_OECD,96.78036,6.751046521465343,,
2014-09-01,IN_CPI_OECD,96.78036,6.302513993479963,,
2014-10-01,IN_CPI_OECD,96.78036,4.9792499163954895,,
2014-11-01,IN_CPI_OECD,96.78036,4.1152143842411615,,
2014-12-01,IN_CPI_OECD,96.78036,5.85773486509642,,
2015-01-01,IN_CPI_OECD,97.1629,7.172997269905634,,
2015-02-01,IN_CPI_OECD,96.78036,6.302513993479963,,
2015-03-01,IN_CPI_OECD,97.1629,6.27615465497211,,
2015-04-01,IN_CPI_OECD,97.92796,5.785117896205283,,
2015-05-01,IN_CPI_OECD,98.69302,5.737699034226185,,
2015-06-01,IN_CPI_OECD,99.84061,6.09755410713726,,
2015-07-01,IN_CPI_OECD,100.6057,4.365108633669457,,
2015-08-01,IN_CPI_OECD,100.9882,4.347824289969582,,
2015-09-01,IN_CPI_OECD,101.7533,5.138377249268333,,
2015-10-01,IN_CPI_OECD,102.9009,6.324155024841804,,
2015-11-01,IN_CPI_OECD,103.2834,6.719379841116524,,
2015-12-01,IN_CPI_OECD,102.9009,6.324155024841804,,
2016-01-01,IN_CPI_OECD,102.9009,5.905546252736382,,
2016-02-01,IN_CPI_OECD,102.1358,5.533602065543053,,
2016-03-01,IN_CPI_OECD,102.5183,5.511774555926174,,
2016-04-01,IN_CPI_OECD,103.6659,5.859348035024925,,
2016-05-01,IN_CPI_OECD,105.196,6.58909819559681,,
2016-06-01,IN_CPI_OECD,105.9611,6.130261023044636,,
2016-07-01,IN_CPI_OECD,107.1087,6.463848469818312,,
2016-08-01,IN_CPI_OECD,106.3436,5.302995795548382,,
2016-09-01,IN_CPI_OECD,105.9611,4.135295857726495,,
2016-10-01,IN_CPI_OECD,106.3436,3.3456461508111213,,
2016-11-01,IN_CPI_OECD,105.9611,2.592575379973927,,
2016-12-01,IN_CPI_OECD,105.196,2.230398373580811,,
2017-01-01,IN_CPI_OECD,104.8135,1.858681508130644,,
2017-02-01,IN_CPI_OECD,104.8135,2.6217056115485526,,
2017-03-01,IN_CPI_OECD,105.196,2.6119239199245525,,
2017-04-01,IN_CPI_OECD,105.9611,2.2140356665017125,,
2017-05-01,IN_CPI_OECD,106.3436,1.0909160044108024,,
2017-06-01,IN_CPI_OECD,107.1087,1.0830389642991545,,
2017-07-01,IN_CPI_OECD,109.0214,1.785755965668523,,
2017-08-01,IN_CPI_OECD,109.0214,2.518064086602312,,
2017-09-01,IN_CPI_OECD,109.0214,2.8881353628831707,,
2017-10-01,IN_CPI_OECD,109.7864,3.2374303672247473,,
2017-11-01,IN_CPI_OECD,110.169,3.971174327182325,,
2017-12-01,IN_CPI_OECD,109.4039,4.000057036389215,,
2018-01-01,IN_CPI_OECD,110.169,5.109551727592332,,
2018-02-01,IN_CPI_OECD,109.7864,4.744522413620378,,
2018-03-01,IN_CPI_OECD,109.7864,4.363664017643254,,
2018-04-01,IN_CPI_OECD,110.169,3.971174327182325,,
2018-05-01,IN_CPI_OECD,110.5515,3.956890682655101,,
2018-06-01,IN_CPI_OECD,111.3165,3.928532416134267,,
2018-07-01,IN_CPI_OECD,115.1419,5.614035409561802,,
2018-08-01,IN_CPI_OECD,115.1419,5.614035409561802,,
2018-09-01,IN_CPI_OECD,115.1419,5.614035409561802,,
2018-10-01,IN_CPI_OECD,115.5244,5.22651257350637,,
2018-11-01,IN_CPI_OECD,115.5244,4.8610770724977215,,
2018-12-01,IN_CPI_OECD,115.1419,5.244785606363234,,
2019-01-01,IN_CPI_OECD,117.437,6.5971371256887235,,
2019-02-01,IN_CPI_OECD,117.437,6.968622707366312,,
2019-03-01,IN_CPI_OECD,118.2021,7.665521412488241,,
2019-04-01,IN_CPI_OECD,119.3497,8.333287948515466,,
2019-05-01,IN_CPI_OECD,120.1148,8.650538436837119,,
2019-06-01,IN_CPI_OECD,120.8798,8.591089371297155,,
2019-07-01,IN_CPI_OECD,122.0274,5.980012488937558,,
2019-08-01,IN_CPI_OECD,122.4099,6.3122112801681896,,
2019-09-01,IN_CPI_OECD,123.175,6.976695711986669,,
2019-10-01,IN_CPI_OECD,124.3226,7.61588028156821,,
2019-11-01,IN_CPI_OECD,125.4702,8.609263497581466,,
2019-12-01,IN_CPI_OECD,126.2353,9.634546589903415,,
2020-01-01,IN_CPI_OECD,126.2353,7.4919318443080085,,
2020-02-01,IN_CPI_OECD,125.4702,6.840433594182427,,
2020-03-01,IN_CPI_OECD,124.7051,5.501594303316093,,
2020-04-01,IN_CPI_OECD,125.8527,5.448694047827529,,
2020-05-01,IN_CPI_OECD,126.2353,5.09554193155215,,
2020-06-01,IN_CPI_OECD,127.0003,5.063294280764863,,
2020-07-01,IN_CPI_OECD,128.5304,5.329130998447873,,
2020-08-01,IN_CPI_OECD,129.2955,5.625035229993669,,
2020-09-01,IN_CPI_OECD,130.1179,5.636614572762322,,
2020-10-01,IN_CPI_OECD,131.6603,5.902144903661943,,
2020-11-01,IN_CPI_OECD,132.101,5.28476084361067,,
2020-12-01,IN_CPI_OECD,130.8891,3.686607470335179,,
2021-01-01,IN_CPI_OECD,130.22799999999998,3.162902928103306,,
2021-02-01,IN_CPI_OECD,131.1094,4.494453663100861,,
2021-03-01,IN_CPI_OECD,131.7705,5.66568648756145,,
2021-04-01,IN_CPI_OECD,132.3214,5.139897674026872,,
2021-05-01,IN_CPI_OECD,132.8723,5.257641879886221,,
2021-06-01,IN_CPI_OECD,134.0842,5.577860839698823,,
2021-07-01,IN_CPI_OECD,135.2961,5.263890877177713,,
2021-08-01,IN_CPI_OECD,135.5165,4.811459022162423,,
2021-09-01,IN_CPI_OECD,135.847,4.403006811514798,,
2021-10-01,IN_CPI_OECD,137.6098,4.518826100198758,,
2021-11-01,IN_CPI_OECD,138.4912,4.837359293268029,,
2021-12-01,IN_CPI_OECD,138.1607,5.5555428221295555,,
2022-01-01,IN_CPI_OECD,137.8302,5.837607887704643,,
2022-02-01,IN_CPI_OECD,137.72,5.042048853857928,,
2022-03-01,IN_CPI_OECD,138.8218,5.351197726349977,,
2022-04-01,IN_CPI_OECD,140.6947,6.328001366370062,,
2022-05-01,IN_CPI_OECD,142.127,6.965108604276438,,
2022-06-01,IN_CPI_OECD,142.3474,6.162694784322076,,
2022-07-01,IN_CPI_OECD,143.1186,5.7817631106883205,,
2022-08-01,IN_CPI_OECD,143.4492,5.8536783343725585,,
2022-09-01,IN_CPI_OECD,144.6611,6.488255169418533,,
2022-10-01,IN_CPI_OECD,145.9832,6.084886396172373,,
2022-11-01,IN_CPI_OECD,145.9832,5.409730004505708,,
2022-12-01,IN_CPI_OECD,145.7628,5.5023606568293415,,
2023-01-01,IN_CPI_OECD,146.3137,6.155037139901132,,
2023-02-01,IN_CPI_OECD,146.2036,6.160034853325591,,
2023-03-01,IN_CPI_OECD,146.8646,5.793614547571058,,
2023-04-01,IN_CPI_OECD,147.8562,5.090099342761301,,
2023-05-01,IN_CPI_OECD,148.4071,4.418653739261358,,
2023-06-01,IN_CPI_OECD,150.2801,5.572774774951994,,
2023-07-01,IN_CPI_OECD,153.9159,7.54430241771511,,
2023-08-01,IN_CPI_OECD,153.365,6.912412198882967,,
2023-09-01,IN_CPI_OECD,151.492,4.722001975652046,,
2023-10-01,IN_CPI_OECD,152.4836,4.452841148844522,,
2023-11-01,IN_CPI_OECD,153.2548,4.981121115306397,,
2023-12-01,IN_CPI_OECD,152.9243,4.913119122300058,,
2024-01-01,IN_CPI_OECD,153.0345,4.59341811463998,,
2024-02-01,IN_CPI_OECD,153.365,4.898237799890026,,
2024-03-01,IN_CPI_OECD,153.0345,4.201080450973227,,
2024-04-01,IN_CPI_OECD,153.5853,3.8747783319197815,,
2024-05-01,IN_CPI_OECD,154.1362,3.8603948193853155,,
2024-06-01,IN_CPI_OECD,155.7889,3.665688271434475,,
2024-07-01,IN_CPI_OECD,157.2212,2.1474714438209475,,
2024-08-01,IN_CPI_OECD,157.111,2.4425390408502556,,
2024-09-01,IN_CPI_OECD,157.8822,4.218176537374929,,
2024-10-01,IN_CPI_OECD,159.2043,4.407490379293244,,
2024-11-01,IN_CPI_OECD,159.2043,3.8820970044657566,,
2024-12-01,IN_CPI_OECD,158.3229,3.530243394934618,,
2025-01-01,IN_CPI_OECD,157.772,3.0957071771397837,,
2025-02-01,IN_CPI_OECD,157.3313,2.5861832882339453,,
2025-03-01,IN_CPI_OECD,157.5517,2.9517527093563922,,
2013-01-01,IN_FX_RESERVES,270765.0327519005,,178.52583471586695,
2013-02-01,IN_FX_RESERVES,266795.0405032266,,-3969.992248673865,
2013-03-01,IN_FX_RESERVES,268506.7833584399,,1711.7428552132915,
2013-04-01,IN_FX_RESERVES,272057.7115785939,,3550.928220153961,
2013-05-01,IN_FX_RESERVES,267186.3985828406,,-4871.312995753309,
2013-06-01,IN_FX_RESERVES,263126.4412126116,,-4059.957370228949,
2013-07-01,IN_FX_RESERVES,259061.2931137395,,-4065.1480988721305,
2013-08-01,IN_FX_RESERVES,256039.5298162577,,-3021.7632974817825,
2013-09-01,IN_FX_RESERVES,257753.2810602818,,1713.7512440240826,
2013-10-01,IN_FX_RESERVES,262567.8217465063,,4814.540686224529,
2013-11-01,IN_FX_RESERVES,272378.0091624218,,9810.187415915483,
2013-12-01,IN_FX_RESERVES,276493.2670923738,,4115.257929952,
2014-01-01,IN_FX_RESERVES,273388.1592724818,,-3105.1078198920004,
2014-02-01,IN_FX_RESERVES,275731.104855813,,2342.945583331224,
2014-03-01,IN_FX_RESERVES,285031.6676485117,,9300.562792698678,
2014-04-01,IN_FX_RESERVES,292401.9494356026,,7370.281787090877,
2014-05-01,IN_FX_RESERVES,293860.5460018609,,1458.5965662582894,
2014-06-01,IN_FX_RESERVES,298024.4460089414,,4163.90000708052,
2014-07-01,IN_FX_RESERVES,301131.7971170087,,3107.3511080673197,
2014-08-01,IN_FX_RESERVES,299915.889183565,,-1215.9079334437265,
2014-09-01,IN_FX_RESERVES,296204.4844455284,,-3711.4047380365664,
2014-10-01,IN_FX_RESERVES,298472.8806980663,,2268.396252537903,
2014-11-01,IN_FX_RESERVES,298852.1735298734,,379.29283180710627,
2014-12-01,IN_FX_RESERVES,303454.87492727,,4602.701397396566,
2015-01-01,IN_FX_RESERVES,310606.5163301843,,7151.641402914305,
2015-02-01,IN_FX_RESERVES,319300.4885468092,,8693.972216624883,
2015-03-01,IN_FX_RESERVES,323824.8291685807,,4524.340621771524,
2015-04-01,IN_FX_RESERVES,333725.5036945151,,9900.674525934388,
2015-05-01,IN_FX_RESERVES,334317.6921386608,,592.1884441457223,
2015-06-01,IN_FX_RESERVES,338106.6663673441,,3788.974228683277,
2015-07-01,IN_FX_RESERVES,336336.7366987448,,-1769.929668599274,
2015-08-01,IN_FX_RESERVES,334620.8091691186,,-1715.927529626235,
2015-09-01,IN_FX_RESERVES,333344.7986545899,,-1276.0105145286652,
2015-10-01,IN_FX_RESERVES,336654.2461370837,,3309.4474824937643,
2015-11-01,IN_FX_RESERVES,333851.9540050084,,-2802.292132075294,
2015-12-01,IN_FX_RESERVES,334310.9930251884,,459.0390201800037,
2016-01-01,IN_FX_RESERVES,333077.5921737024,,-1233.400851486018,
2016-02-01,IN_FX_RESERVES,330199.4053241946,,-2878.1868495077942,
2016-03-01,IN_FX_RESERVES,341189.2700798519,,10989.864755657327,
2016-04-01,IN_FX_RESERVES,344140.7161690705,,2951.4460892186034,
2016-05-01,IN_FX_RESERVES,342399.0705308493,,-1741.6456382212345,
2016-06-01,IN_FX_RESERVES,344029.5470949927,,1630.476564143435,
2016-07-01,IN_FX_RESERVES,346011.7643496187,,1982.2172546259826,
2016-08-01,IN_FX_RESERVES,346250.4561215532,,238.69177193450741,
2016-09-01,IN_FX_RESERVES,351667.2923203448,,5416.8361987915705,
2016-10-01,IN_FX_RESERVES,346822.9983555302,,-4844.293964814569,
2016-11-01,IN_FX_RESERVES,341975.7173939801,,-4847.280961550074,
2016-12-01,IN_FX_RESERVES,341145.1946923631,,-830.5227016170393,
2017-01-01,IN_FX_RESERVES,344544.9247719886,,3399.7300796255004,
2017-02-01,IN_FX_RESERVES,345181.1758998174,,636.2511278287857,
2017-03-01,IN_FX_RESERVES,350923.6076402506,,5742.4317404332105,
2017-04-01,IN_FX_RESERVES,353698.2653010083,,2774.6576607577153,
2017-05-01,IN_FX_RESERVES,360819.6896978859,,7121.4243968775845,
2017-06-01,IN_FX_RESERVES,366986.7619843135,,6167.072286427603,
2017-07-01,IN_FX_RESERVES,374514.7350025762,,7527.97301826271,
2017-08-01,IN_FX_RESERVES,377934.6603293904,,3419.9253268141765,
2017-09-01,IN_FX_RESERVES,379771.135767886,,1836.4754384956323,
2017-10-01,IN_FX_RESERVES,379329.7434796033,,-441.39228828268824,
2017-11-01,IN_FX_RESERVES,382005.6833289219,,2675.939849318587,
2017-12-01,IN_FX_RESERVES,389350.1479121338,,7344.4645832118695,
2018-01-01,IN_FX_RESERVES,401550.0659680832,,12199.918055949442,
2018-02-01,IN_FX_RESERVES,400132.9039010464,,-1417.162067036843,
2018-03-01,IN_FX_RESERVES,403750.6607822373,,3617.7568811909296,
2018-04-01,IN_FX_RESERVES,399532.82321407,,-4217.837568167306,
2018-05-01,IN_FX_RESERVES,391849.9983583844,,-7682.824855685583,
2018-06-01,IN_FX_RESERVES,385400.0775111541,,-6449.9208472303,
2018-07-01,IN_FX_RESERVES,383776.8959723016,,-1623.1815388525138,
2018-08-01,IN_FX_RESERVES,380573.7399033883,,-3203.1560689132893,
2018-09-01,IN_FX_RESERVES,380813.0694537453,,239.3295503570116,
2018-10-01,IN_FX_RESERVES,371888.8060877125,,-8924.2633660328,
2018-11-01,IN_FX_RESERVES,373187.9689807842,,1299.1628930716543,
2018-12-01,IN_FX_RESERVES,374425.187183508,,1237.2182027238305,
2019-01-01,IN_FX_RESERVES,378006.4287110781,,3581.2415275700623,
2019-02-01,IN_FX_RESERVES,379583.8342397808,,1577.405528702715,
2019-03-01,IN_FX_RESERVES,390267.6777629451,,10683.843523164338,
2019-04-01,IN_FX_RESERVES,396238.1766839887,,5970.498921043589,
2019-05-01,IN_FX_RESERVES,399309.6083261927,,3071.431642203999,
2019-06-01,IN_FX_RESERVES,405936.7702127024,,6627.1618865096825,
2019-07-01,IN_FX_RESERVES,403714.7365460517,,-2222.0336666507064,
2019-08-01,IN_FX_RESERVES,401408.3857197943,,-2306.350826257374,
2019-09-01,IN_FX_RESERVES,407452.4531192852,,6044.0673994908575,
2019-10-01,IN_FX_RESERVES,418505.1218817366,,11052.668762451445,
2019-11-01,IN_FX_RESERVES,424853.3076903011,,6348.185808564478,
2019-12-01,IN_FX_RESERVES,432378.3845239692,,7525.076833668107,
2020-01-01,IN_FX_RESERVES,442647.713931224,,10269.329407254816,
2020-02-01,IN_FX_RESERVES,451702.9054675404,,9055.191536316357,
2020-03-01,IN_FX_RESERVES,447527.444119671,,-4175.4613478693645,
2020-04-01,IN_FX_RESERVES,449107.9959661214,,1580.5518464503693,
2020-05-01,IN_FX_RESERVES,460963.5369406314,,11855.540974510019,
2020-06-01,IN_FX_RESERVES,472094.3074183697,,11130.77047773829,
2020-07-01,IN_FX_RESERVES,497249.2625508705,,25154.955132500792,
2020-08-01,IN_FX_RESERVES,505303.5654792023,,8054.302928331832,
2020-09-01,IN_FX_RESERVES,508526.9454232154,,3223.3799440130824,
2020-10-01,IN_FX_RESERVES,523969.5585234248,,15442.61310020939,
2020-11-01,IN_FX_RESERVES,539921.508599295,,15951.950075870263,
2020-12-01,IN_FX_RESERVES,549086.8680748652,,9165.359475570149,
2021-01-01,IN_FX_RESERVES,554103.7987820038,,5016.930707138614,
2021-02-01,IN_FX_RESERVES,549399.4096628075,,-4704.389119196334,
2021-03-01,IN_FX_RESERVES,543284.1055792198,,-6115.304083587718,
2021-04-01,IN_FX_RESERVES,552737.3451469374,,9453.239567717654,
2021-05-01,IN_FX_RESERVES,560787.7258979689,,8050.380751031451,
2021-06-01,IN_FX_RESERVES,575510.57922103,,14722.853323061136,
2021-07-01,IN_FX_RESERVES,582672.086473192,,7161.507252161973,
2021-08-01,IN_FX_RESERVES,603136.2428272762,,20464.15635408426,
2021-09-01,IN_FX_RESERVES,598057.1210068922,,-5079.121820384054,
2021-10-01,IN_FX_RESERVES,602272.9253405688,,4215.804333676584,
2021-11-01,IN_FX_RESERVES,599403.7303765339,,-2869.194964034832,
2021-12-01,IN_FX_RESERVES,594356.4840085487,,-5047.246367985266,
2022-01-01,IN_FX_RESERVES,591020.1800199442,,-3336.303988604457,
2022-02-01,IN_FX_RESERVES,590657.7179543489,,-362.46206559531856,
2022-03-01,IN_FX_RESERVES,564868.3496422351,,-25789.368312113802,
2022-04-01,IN_FX_RESERVES,554647.5255724041,,-10220.824069830938,
2022-05-01,IN_FX_RESERVES,562226.718595029,,7579.193022624822,
2022-06-01,IN_FX_RESERVES,548773.9848661596,,-13452.733728869352,
2022-07-01,IN_FX_RESERVES,534690.4129986393,,-14083.571867520339,
2022-08-01,IN_FX_RESERVES,520844.7558656284,,-13845.657133010856,
2022-09-01,IN_FX_RESERVES,495189.2496051697,,-25655.50626045873,
2022-10-01,IN_FX_RESERVES,496564.0139463198,,1374.7643411501194,
2022-11-01,IN_FX_RESERVES,513369.4160423274,,16805.4020960076,
2022-12-01,IN_FX_RESERVES,521419.38395761,,8049.967915282585,
2023-01-01,IN_FX_RESERVES,530592.7187835735,,9173.33482596348,
2023-02-01,IN_FX_RESERVES,521182.6282926304,,-9410.090490943054,
2023-03-01,IN_FX_RESERVES,533279.8183173318,,12097.190024701413,
2023-04-01,IN_FX_RESERVES,544545.9525229732,,11266.134205641341,
2023-05-01,IN_FX_RESERVES,545704.7296607002,,1158.777137727011,
2023-06-01,IN_FX_RESERVES,551201.1058225575,,5496.376161857275,
2023-07-01,IN_FX_RESERVES,560733.7501759918,,9532.644353434327,
2023-08-01,IN_FX_RESERVES,553212.330477409,,-7521.419698582846,
2023-09-01,IN_FX_RESERVES,544405.4482623904,,-8806.8822150185,
2023-10-01,IN_FX_RESERVES,542079.54407151,,-2325.9041908804793,
2023-11-01,IN_FX_RESERVES,556543.0689485712,,14463.524877061252,
2023-12-01,IN_FX_RESERVES,574508.789079883,,17965.7201313118,
2024-01-01,IN_FX_RESERVES,572003.9131293512,,-2504.875950531801,
2024-02-01,IN_FX_RESERVES,577133.1148335566,,5129.201704205363,
2024-03-01,IN_FX_RESERVES,593744.0118690542,,16610.89703549759,
2024-04-01,IN_FX_RESERVES,584311.1562429786,,-9432.855626075529,
2024-05-01,IN_FX_RESERVES,595021.5549090067,,10710.39866602805,
2024-06-01,IN_FX_RESERVES,595473.4339699339,,451.8790609271964,
2024-07-01,IN_FX_RESERVES,612132.4834865757,,16659.049516641768,
2024-08-01,IN_FX_RESERVES,620488.4630147265,,8355.97952815087,
2024-09-01,IN_FX_RESERVES,640051.704087684,,19563.24107295752,
2024-10-01,IN_FX_RESERVES,612406.9933615507,,-27644.710726133315,
2024-11-01,IN_FX_RESERVES,592220.8181869639,,-20186.175174586824,
2024-12-01,IN_FX_RESERVES,569544.2795053157,,-22676.538681648206,
2025-01-01,IN_FX_RESERVES,559693.6301498095,,-9850.649355506175,
2025-02-01,IN_FX_RESERVES,565369.2043951096,,5675.5742453000275,
2025-03-01,IN_FX_RESERVES,590192.6469987696,,24823.44260366005,
2025-04-01,IN_FX_RESERVES,604297.1721817167,,14104.52518294705,
2025-05-01,IN_FX_RESERVES,607890.834996649,,3593.6628149322933,
2025-06-01,IN_FX_RESERVES,614818.1658092883,,6927.330812639324,
2025-07-01,IN_FX_RESERVES,605883.8946697812,,-8934.271139507066,
2025-08-01,IN_FX_RESERVES,608042.1458108865,,2158.251141105313,
2025-09-01,IN_FX_RESERVES,602643.6848127457,,-5398.460998140858,
2025-10-01,IN_FX_RESERVES,587985.1497333471,,-14658.535079398542,
2025-11-01,IN_FX_RESERVES,581189.4126638076,,-6795.737069539493,
2025-12-01,IN_FX_RESERVES,576448.951366709,,-4740.461297098664,
2026-01-01,IN_FX_RESERVES,584638.9998012318,,8190.048434522818,
2026-02-01,IN_FX_RESERVES,596852.3033294611,,12213.303528229357,
2026-03-01,IN_FX_RESERVES,575692.8475779619,,-21159.455751499278,
2026-04-01,IN_FX_RESERVES,575504.3959861646,,-188.45159179728944,
2026-05-01,IN_FX_RESERVES,570524.1366495116,,-4980.259336652933,
2026-06-01,IN_FX_RESERVES,566002.4051291485,,-4521.73152036313,
2026-07-01,IN_FX_RESERVES,588163.2609846845,,22160.85585553595,
2013-01-01,IN_RBI_FX_NET,-18.0,,,
2013-02-01,IN_RBI_FX_NET,-280.0,,,
2013-03-01,IN_RBI_FX_NET,820.0,,,
2013-04-01,IN_RBI_FX_NET,518.0,,,
2013-05-01,IN_RBI_FX_NET,-107.0,,,
2013-06-01,IN_RBI_FX_NET,-2252.0,,,
2013-07-01,IN_RBI_FX_NET,-5976.0,,,
2013-08-01,IN_RBI_FX_NET,-2464.0,,,
2013-09-01,IN_RBI_FX_NET,-3548.0,,,
2013-10-01,IN_RBI_FX_NET,3928.0,,,
2013-11-01,IN_RBI_FX_NET,10087.0,,,
2013-12-01,IN_RBI_FX_NET,3483.0,,,
2014-01-01,IN_RBI_FX_NET,-1929.0,,,
2014-02-01,IN_RBI_FX_NET,-530.0,,,
2014-03-01,IN_RBI_FX_NET,7782.0,,,
2014-04-01,IN_RBI_FX_NET,5870.0,,,
2014-05-01,IN_RBI_FX_NET,1786.0,,,
2014-06-01,IN_RBI_FX_NET,597.0,,,
2014-07-01,IN_RBI_FX_NET,5453.0,,,
2014-08-01,IN_RBI_FX_NET,-511.0,,,
2014-09-01,IN_RBI_FX_NET,1437.0,,,
2014-10-01,IN_RBI_FX_NET,2703.0,,,
2014-11-01,IN_RBI_FX_NET,3081.0,,,
2014-12-01,IN_RBI_FX_NET,6739.0,,,
2015-01-01,IN_RBI_FX_NET,12137.0,,,
2015-02-01,IN_RBI_FX_NET,7874.0,,,
2015-03-01,IN_RBI_FX_NET,7671.0,,,
2015-04-01,IN_RBI_FX_NET,5431.0,,,
2015-05-01,IN_RBI_FX_NET,2578.0,,,
2015-06-01,IN_RBI_FX_NET,565.0,,,
2015-07-01,IN_RBI_FX_NET,169.0,,,
2015-08-01,IN_RBI_FX_NET,-1559.0,,,
2015-09-01,IN_RBI_FX_NET,-60.0,,,
2015-10-01,IN_RBI_FX_NET,1934.0,,,
2015-11-01,IN_RBI_FX_NET,15.0,,,
2015-12-01,IN_RBI_FX_NET,-179.0,,,
2016-01-01,IN_RBI_FX_NET,-30.0,,,
2016-02-01,IN_RBI_FX_NET,-3341.0,,,
2016-03-01,IN_RBI_FX_NET,4686.0,,,
2016-04-01,IN_RBI_FX_NET,1339.0,,,
2016-05-01,IN_RBI_FX_NET,554.0,,,
2016-06-01,IN_RBI_FX_NET,1918.0,,,
2016-07-01,IN_RBI_FX_NET,1400.0,,,
2016-08-01,IN_RBI_FX_NET,850.0,,,
2016-09-01,IN_RBI_FX_NET,4649.0,,,
2016-10-01,IN_RBI_FX_NET,-418.0,,,
2016-11-01,IN_RBI_FX_NET,-2718.0,,,
2016-12-01,IN_RBI_FX_NET,463.0,,,
2017-01-01,IN_RBI_FX_NET,-414.0,,,
2017-02-01,IN_RBI_FX_NET,1190.0,,,
2017-03-01,IN_RBI_FX_NET,3538.0,,,
2017-04-01,IN_RBI_FX_NET,566.0,,,
2017-05-01,IN_RBI_FX_NET,5006.0,,,
2017-06-01,IN_RBI_FX_NET,3291.0,,,
2017-07-01,IN_RBI_FX_NET,2953.0,,,
2017-08-01,IN_RBI_FX_NET,3226.0,,,
2017-09-01,IN_RBI_FX_NET,1259.0,,,
2017-10-01,IN_RBI_FX_NET,852.0,,,
2017-11-01,IN_RBI_FX_NET,864.0,,,
2017-12-01,IN_RBI_FX_NET,5647.0,,,
2018-01-01,IN_RBI_FX_NET,7364.0,,,
2018-02-01,IN_RBI_FX_NET,1665.0,,,
2018-03-01,IN_RBI_FX_NET,996.0,,,
2018-04-01,IN_RBI_FX_NET,-2483.0,,,
2018-05-01,IN_RBI_FX_NET,-5767.0,,,
2018-06-01,IN_RBI_FX_NET,-6184.0,,,
2018-07-01,IN_RBI_FX_NET,-1874.0,,,
2018-08-01,IN_RBI_FX_NET,-2323.0,,,
2018-09-01,IN_RBI_FX_NET,-31.0,,,
2018-10-01,IN_RBI_FX_NET,-7204.0,,,
2018-11-01,IN_RBI_FX_NET,-644.0,,,
2018-12-01,IN_RBI_FX_NET,607.0,,,
2019-01-01,IN_RBI_FX_NET,293.0,,,
2019-02-01,IN_RBI_FX_NET,825.0,,,
2019-03-01,IN_RBI_FX_NET,9408.0,,,
2019-04-01,IN_RBI_FX_NET,4901.0,,,
2019-05-01,IN_RBI_FX_NET,2538.0,,,
2019-06-01,IN_RBI_FX_NET,2463.0,,,
2019-07-01,IN_RBI_FX_NET,-93.0,,,
2019-08-01,IN_RBI_FX_NET,-4072.0,,,
2019-09-01,IN_RBI_FX_NET,5614.0,,,
2019-10-01,IN_RBI_FX_NET,7102.0,,,
2019-11-01,IN_RBI_FX_NET,6928.0,,,
2019-12-01,IN_RBI_FX_NET,4360.0,,,
2020-01-01,IN_RBI_FX_NET,10266.0,,,
2020-02-01,IN_RBI_FX_NET,9144.0,,,
2020-03-01,IN_RBI_FX_NET,-4054.0,,,
2020-04-01,IN_RBI_FX_NET,-1142.0,,,
2020-05-01,IN_RBI_FX_NET,4363.0,,,
2020-06-01,IN_RBI_FX_NET,9814.0,,,
2020-07-01,IN_RBI_FX_NET,15973.0,,,
2020-08-01,IN_RBI_FX_NET,5307.0,,,
2020-09-01,IN_RBI_FX_NET,8172.0,,,
2020-10-01,IN_RBI_FX_NET,15640.0,,,
2020-11-01,IN_RBI_FX_NET,10261.0,,,
2020-12-01,IN_RBI_FX_NET,3991.0,,,
2021-01-01,IN_RBI_FX_NET,2854.0,,,
2021-02-01,IN_RBI_FX_NET,-1219.0,,,
2021-03-01,IN_RBI_FX_NET,-5699.0,,,
2021-04-01,IN_RBI_FX_NET,4212.0,,,
2021-05-01,IN_RBI_FX_NET,5842.0,,,
2021-06-01,IN_RBI_FX_NET,18633.0,,,
2021-07-01,IN_RBI_FX_NET,7205.0,,,
2021-08-01,IN_RBI_FX_NET,3747.0,,,
2021-09-01,IN_RBI_FX_NET,791.0,,,
2021-10-01,IN_RBI_FX_NET,-100.0,,,
2021-11-01,IN_RBI_FX_NET,0.0,,,
2021-12-01,IN_RBI_FX_NET,-2917.0,,,
2022-01-01,IN_RBI_FX_NET,-771.0,,,
2022-02-01,IN_RBI_FX_NET,771.0,,,
2022-03-01,IN_RBI_FX_NET,-20101.0,,,
2022-04-01,IN_RBI_FX_NET,1965.0,,,
2022-05-01,IN_RBI_FX_NET,2001.0,,,
2022-06-01,IN_RBI_FX_NET,-3719.0,,,
2022-07-01,IN_RBI_FX_NET,-19049.0,,,
2022-08-01,IN_RBI_FX_NET,-4254.0,,,
2022-09-01,IN_RBI_FX_NET,-10361.0,,,
2022-10-01,IN_RBI_FX_NET,-922.0,,,
2022-11-01,IN_RBI_FX_NET,4361.0,,,
2022-12-01,IN_RBI_FX_NET,3842.0,,,
2023-01-01,IN_RBI_FX_NET,-384.0,,,
2023-02-01,IN_RBI_FX_NET,254.0,,,
2023-03-01,IN_RBI_FX_NET,750.0,,,
2023-04-01,IN_RBI_FX_NET,7704.0,,,
2023-05-01,IN_RBI_FX_NET,7371.0,,,
2023-06-01,IN_RBI_FX_NET,4504.0,,,
2023-07-01,IN_RBI_FX_NET,3472.0,,,
2023-08-01,IN_RBI_FX_NET,-3856.0,,,
2023-09-01,IN_RBI_FX_NET,-1508.0,,,
2023-10-01,IN_RBI_FX_NET,-310.0,,,
2023-11-01,IN_RBI_FX_NET,-1929.0,,,
2023-12-01,IN_RBI_FX_NET,2067.0,,,
2024-01-01,IN_RBI_FX_NET,1950.0,,,
2024-02-01,IN_RBI_FX_NET,8557.0,,,
2024-03-01,IN_RBI_FX_NET,13249.0,,,
2024-04-01,IN_RBI_FX_NET,-3647.0,,,
2024-05-01,IN_RBI_FX_NET,4222.0,,,
2024-06-01,IN_RBI_FX_NET,-2107.0,,,
2024-07-01,IN_RBI_FX_NET,6934.0,,,
2024-08-01,IN_RBI_FX_NET,-6494.0,,,
2024-09-01,IN_RBI_FX_NET,9639.0,,,
2024-10-01,IN_RBI_FX_NET,-9275.0,,,
2024-11-01,IN_RBI_FX_NET,-20228.0,,,
2024-12-01,IN_RBI_FX_NET,-15150.0,,,
2025-01-01,IN_RBI_FX_NET,-11139.0,,,
2025-02-01,IN_RBI_FX_NET,-1621.0,,,
2025-03-01,IN_RBI_FX_NET,14355.0,,,
2025-04-01,IN_RBI_FX_NET,-1660.0,,,
2025-05-01,IN_RBI_FX_NET,1764.0,,,
2025-06-01,IN_RBI_FX_NET,-3661.0,,,
2025-07-01,IN_RBI_FX_NET,-2540.0,,,
2025-08-01,IN_RBI_FX_NET,-7695.0,,,
2025-09-01,IN_RBI_FX_NET,-7910.0,,,
2025-10-01,IN_RBI_FX_NET,-11877.0,,,
2025-11-01,IN_RBI_FX_NET,-9710.0,,,
2025-12-01,IN_RBI_FX_NET,-10020.0,,,
2026-01-01,IN_RBI_FX_NET,2526.0,,,
2026-02-01,IN_RBI_FX_NET,7409.0,,,
2026-03-01,IN_RBI_FX_NET,-9758.0,,,
2026-04-01,IN_RBI_FX_NET,-8944.0,,,
2026-05-01,IN_RBI_FX_NET,-6104.0,,,
2026-06-01,IN_RBI_FX_NET,561.0,,,
2026-07-01,IN_RBI_FX_NET,18652.0,,,
2013-01-01,IN_RBI_FX_PURCHASE,2039.0,,,
2013-02-01,IN_RBI_FX_PURCHASE,3021.0,,,
2013-03-01,IN_RBI_FX_PURCHASE,3165.0,,,
2013-04-01,IN_RBI_FX_PURCHASE,3298.0,,,
2013-05-01,IN_RBI_FX_PURCHASE,3003.0,,,
2013-06-01,IN_RBI_FX_PURCHASE,469.0,,,
2013-07-01,IN_RBI_FX_PURCHASE,50.0,,,
2013-08-01,IN_RBI_FX_PURCHASE,724.0,,,
2013-09-01,IN_RBI_FX_PURCHASE,3369.0,,,
2013-10-01,IN_RBI_FX_PURCHASE,9510.0,,,
2013-11-01,IN_RBI_FX_PURCHASE,17787.0,,,
2013-12-01,IN_RBI_FX_PURCHASE,5057.0,,,
2014-01-01,IN_RBI_FX_PURCHASE,375.0,,,
2014-02-01,IN_RBI_FX_PURCHASE,0.0,,,
2014-03-01,IN_RBI_FX_PURCHASE,9462.0,,,
2014-04-01,IN_RBI_FX_PURCHASE,7850.0,,,
2014-05-01,IN_RBI_FX_PURCHASE,7981.0,,,
2014-06-01,IN_RBI_FX_PURCHASE,3332.0,,,
2014-07-01,IN_RBI_FX_PURCHASE,9348.0,,,
2014-08-01,IN_RBI_FX_PURCHASE,3964.0,,,
2014-09-01,IN_RBI_FX_PURCHASE,11207.0,,,
2014-10-01,IN_RBI_FX_PURCHASE,14257.0,,,
2014-11-01,IN_RBI_FX_PURCHASE,13027.0,,,
2014-12-01,IN_RBI_FX_PURCHASE,17908.0,,,
2015-01-01,IN_RBI_FX_PURCHASE,15259.0,,,
2015-02-01,IN_RBI_FX_PURCHASE,9630.0,,,
2015-03-01,IN_RBI_FX_PURCHASE,10651.0,,,
2015-04-01,IN_RBI_FX_PURCHASE,9756.0,,,
2015-05-01,IN_RBI_FX_PURCHASE,6013.0,,,
2015-06-01,IN_RBI_FX_PURCHASE,5530.0,,,
2015-07-01,IN_RBI_FX_PURCHASE,4123.0,,,
2015-08-01,IN_RBI_FX_PURCHASE,4486.0,,,
2015-09-01,IN_RBI_FX_PURCHASE,6035.0,,,
2015-10-01,IN_RBI_FX_PURCHASE,6996.0,,,
2015-11-01,IN_RBI_FX_PURCHASE,3004.0,,,
2015-12-01,IN_RBI_FX_PURCHASE,2620.0,,,
2016-01-01,IN_RBI_FX_PURCHASE,3240.0,,,
2016-02-01,IN_RBI_FX_PURCHASE,3462.0,,,
2016-03-01,IN_RBI_FX_PURCHASE,8034.0,,,
2016-04-01,IN_RBI_FX_PURCHASE,2639.0,,,
2016-05-01,IN_RBI_FX_PURCHASE,4369.0,,,
2016-06-01,IN_RBI_FX_PURCHASE,3948.0,,,
2016-07-01,IN_RBI_FX_PURCHASE,4465.0,,,
2016-08-01,IN_RBI_FX_PURCHASE,5070.0,,,
2016-09-01,IN_RBI_FX_PURCHASE,9041.0,,,
2016-10-01,IN_RBI_FX_PURCHASE,9548.0,,,
2016-11-01,IN_RBI_FX_PURCHASE,19127.0,,,
2016-12-01,IN_RBI_FX_PURCHASE,4997.0,,,
2017-01-01,IN_RBI_FX_PURCHASE,1335.0,,,
2017-02-01,IN_RBI_FX_PURCHASE,2201.0,,,
2017-03-01,IN_RBI_FX_PURCHASE,5024.0,,,
2017-04-01,IN_RBI_FX_PURCHASE,1751.0,,,
2017-05-01,IN_RBI_FX_PURCHASE,7020.0,,,
2017-06-01,IN_RBI_FX_PURCHASE,4971.0,,,
2017-07-01,IN_RBI_FX_PURCHASE,4893.0,,,
2017-08-01,IN_RBI_FX_PURCHASE,4556.0,,,
2017-09-01,IN_RBI_FX_PURCHASE,3788.0,,,
2017-10-01,IN_RBI_FX_PURCHASE,1910.0,,,
2017-11-01,IN_RBI_FX_PURCHASE,2570.0,,,
2017-12-01,IN_RBI_FX_PURCHASE,6008.0,,,
2018-01-01,IN_RBI_FX_PURCHASE,7953.0,,,
2018-02-01,IN_RBI_FX_PURCHASE,3320.0,,,
2018-03-01,IN_RBI_FX_PURCHASE,3328.0,,,
2018-04-01,IN_RBI_FX_PURCHASE,5536.0,,,
2018-05-01,IN_RBI_FX_PURCHASE,4101.0,,,
2018-06-01,IN_RBI_FX_PURCHASE,4020.0,,,
2018-07-01,IN_RBI_FX_PURCHASE,4129.0,,,
2018-08-01,IN_RBI_FX_PURCHASE,3680.0,,,
2018-09-01,IN_RBI_FX_PURCHASE,1012.0,,,
2018-10-01,IN_RBI_FX_PURCHASE,945.0,,,
2018-11-01,IN_RBI_FX_PURCHASE,3127.0,,,
2018-12-01,IN_RBI_FX_PURCHASE,837.0,,,
2019-01-01,IN_RBI_FX_PURCHASE,1025.0,,,
2019-02-01,IN_RBI_FX_PURCHASE,2086.0,,,
2019-03-01,IN_RBI_FX_PURCHASE,10306.0,,,
2019-04-01,IN_RBI_FX_PURCHASE,7724.0,,,
2019-05-01,IN_RBI_FX_PURCHASE,5118.0,,,
2019-06-01,IN_RBI_FX_PURCHASE,4434.0,,,
2019-07-01,IN_RBI_FX_PURCHASE,1592.0,,,
2019-08-01,IN_RBI_FX_PURCHASE,615.0,,,
2019-09-01,IN_RBI_FX_PURCHASE,6514.0,,,
2019-10-01,IN_RBI_FX_PURCHASE,7302.0,,,
2019-11-01,IN_RBI_FX_PURCHASE,7458.0,,,
2019-12-01,IN_RBI_FX_PURCHASE,5374.0,,,
2020-01-01,IN_RBI_FX_PURCHASE,11486.0,,,
2020-02-01,IN_RBI_FX_PURCHASE,10604.0,,,
2020-03-01,IN_RBI_FX_PURCHASE,3984.0,,,
2020-04-01,IN_RBI_FX_PURCHASE,2450.0,,,
2020-05-01,IN_RBI_FX_PURCHASE,4663.0,,,
2020-06-01,IN_RBI_FX_PURCHASE,14847.0,,,
2020-07-01,IN_RBI_FX_PURCHASE,16903.0,,,
2020-08-01,IN_RBI_FX_PURCHASE,8524.0,,,
2020-09-01,IN_RBI_FX_PURCHASE,13322.0,,,
2020-10-01,IN_RBI_FX_PURCHASE,15640.0,,,
2020-11-01,IN_RBI_FX_PURCHASE,14289.0,,,
2020-12-01,IN_RBI_FX_PURCHASE,10014.0,,,
2021-01-01,IN_RBI_FX_PURCHASE,18225.0,,,
2021-02-01,IN_RBI_FX_PURCHASE,23352.0,,,
2021-03-01,IN_RBI_FX_PURCHASE,20250.0,,,
2021-04-01,IN_RBI_FX_PURCHASE,8182.0,,,
2021-05-01,IN_RBI_FX_PURCHASE,7142.0,,,
2021-06-01,IN_RBI_FX_PURCHASE,21923.0,,,
2021-07-01,IN_RBI_FX_PURCHASE,16160.0,,,
2021-08-01,IN_RBI_FX_PURCHASE,10887.0,,,
2021-09-01,IN_RBI_FX_PURCHASE,9169.0,,,
2021-10-01,IN_RBI_FX_PURCHASE,7755.0,,,
2021-11-01,IN_RBI_FX_PURCHASE,8489.0,,,
2021-12-01,IN_RBI_FX_PURCHASE,7475.0,,,
2022-01-01,IN_RBI_FX_PURCHASE,6548.0,,,
2022-02-01,IN_RBI_FX_PURCHASE,5946.0,,,
2022-03-01,IN_RBI_FX_PURCHASE,4315.0,,,
2022-04-01,IN_RBI_FX_PURCHASE,11965.0,,,
2022-05-01,IN_RBI_FX_PURCHASE,10143.0,,,
2022-06-01,IN_RBI_FX_PURCHASE,18960.0,,,
2022-07-01,IN_RBI_FX_PURCHASE,19721.0,,,
2022-08-01,IN_RBI_FX_PURCHASE,18858.0,,,
2022-09-01,IN_RBI_FX_PURCHASE,23265.0,,,
2022-10-01,IN_RBI_FX_PURCHASE,24855.0,,,
2022-11-01,IN_RBI_FX_PURCHASE,22281.0,,,
2022-12-01,IN_RBI_FX_PURCHASE,12817.0,,,
2023-01-01,IN_RBI_FX_PURCHASE,12902.0,,,
2023-02-01,IN_RBI_FX_PURCHASE,4381.0,,,
2023-03-01,IN_RBI_FX_PURCHASE,6906.0,,,
2023-04-01,IN_RBI_FX_PURCHASE,8404.0,,,
2023-05-01,IN_RBI_FX_PURCHASE,7371.0,,,
2023-06-01,IN_RBI_FX_PURCHASE,7785.0,,,
2023-07-01,IN_RBI_FX_PURCHASE,5315.0,,,
2023-08-01,IN_RBI_FX_PURCHASE,500.0,,,
2023-09-01,IN_RBI_FX_PURCHASE,27757.0,,,
2023-10-01,IN_RBI_FX_PURCHASE,36650.0,,,
2023-11-01,IN_RBI_FX_PURCHASE,34986.0,,,
2023-12-01,IN_RBI_FX_PURCHASE,31730.0,,,
2024-01-01,IN_RBI_FX_PURCHASE,10400.0,,,
2024-02-01,IN_RBI_FX_PURCHASE,8557.0,,,
2024-03-01,IN_RBI_FX_PURCHASE,14841.0,,,
2024-04-01,IN_RBI_FX_PURCHASE,8006.0,,,
2024-05-01,IN_RBI_FX_PURCHASE,23647.0,,,
2024-06-01,IN_RBI_FX_PURCHASE,15936.0,,,
2024-07-01,IN_RBI_FX_PURCHASE,23569.0,,,
2024-08-01,IN_RBI_FX_PURCHASE,16141.0,,,
2024-09-01,IN_RBI_FX_PURCHASE,28930.0,,,
2024-10-01,IN_RBI_FX_PURCHASE,27503.0,,,
2024-11-01,IN_RBI_FX_PURCHASE,30880.0,,,
2024-12-01,IN_RBI_FX_PURCHASE,53898.0,,,
2025-01-01,IN_RBI_FX_PURCHASE,49145.0,,,
2025-02-01,IN_RBI_FX_PURCHASE,45030.0,,,
2025-03-01,IN_RBI_FX_PURCHASE,41515.0,,,
2025-04-01,IN_RBI_FX_PURCHASE,10110.0,,,
2025-05-01,IN_RBI_FX_PURCHASE,9124.0,,,
2025-06-01,IN_RBI_FX_PURCHASE,1164.0,,,
2025-07-01,IN_RBI_FX_PURCHASE,0.0,,,
2025-08-01,IN_RBI_FX_PURCHASE,0.0,,,
2025-09-01,IN_RBI_FX_PURCHASE,2200.0,,,
2025-10-01,IN_RBI_FX_PURCHASE,17685.0,,,
2025-11-01,IN_RBI_FX_PURCHASE,14350.0,,,
2025-12-01,IN_RBI_FX_PURCHASE,18330.0,,,
2026-01-01,IN_RBI_FX_PURCHASE,27999.0,,,
2026-02-01,IN_RBI_FX_PURCHASE,21403.0,,,
2026-03-01,IN_RBI_FX_PURCHASE,19880.0,,,
2026-04-01,IN_RBI_FX_PURCHASE,16225.0,,,
2026-05-01,IN_RBI_FX_PURCHASE,22229.0,,,
2026-06-01,IN_RBI_FX_PURCHASE,30891.0,,,
2026-07-01,IN_RBI_FX_PURCHASE,38417.0,,,
2013-01-01,IN_RBI_FX_SALE,2057.0,,,
2013-02-01,IN_RBI_FX_SALE,3301.0,,,
2013-03-01,IN_RBI_FX_SALE,2345.0,,,
2013-04-01,IN_RBI_FX_SALE,2780.0,,,
2013-05-01,IN_RBI_FX_SALE,3110.0,,,
2013-06-01,IN_RBI_FX_SALE,2721.0,,,
2013-07-01,IN_RBI_FX_SALE,6026.0,,,
2013-08-01,IN_RBI_FX_SALE,3188.0,,,
2013-09-01,IN_RBI_FX_SALE,6917.0,,,
2013-10-01,IN_RBI_FX_SALE,5582.0,,,
2013-11-01,IN_RBI_FX_SALE,7700.0,,,
2013-12-01,IN_RBI_FX_SALE,1574.0,,,
2014-01-01,IN_RBI_FX_SALE,2304.0,,,
2014-02-01,IN_RBI_FX_SALE,530.0,,,
2014-03-01,IN_RBI_FX_SALE,9462.0,,,
2014-04-01,IN_RBI_FX_SALE,1980.0,,,
2014-05-01,IN_RBI_FX_SALE,6195.0,,,
2014-06-01,IN_RBI_FX_SALE,2735.0,,,
2014-07-01,IN_RBI_FX_SALE,3895.0,,,
2014-08-01,IN_RBI_FX_SALE,4475.0,,,
2014-09-01,IN_RBI_FX_SALE,9770.0,,,
2014-10-01,IN_RBI_FX_SALE,11554.0,,,
2014-11-01,IN_RBI_FX_SALE,9946.0,,,
2014-12-01,IN_RBI_FX_SALE,11169.0,,,
2015-01-01,IN_RBI_FX_SALE,3122.0,,,
2015-02-01,IN_RBI_FX_SALE,1756.0,,,
2015-03-01,IN_RBI_FX_SALE,2980.0,,,
2015-04-01,IN_RBI_FX_SALE,4325.0,,,
2015-05-01,IN_RBI_FX_SALE,3435.0,,,
2015-06-01,IN_RBI_FX_SALE,4965.0,,,
2015-07-01,IN_RBI_FX_SALE,3954.0,,,
2015-08-01,IN_RBI_FX_SALE,6045.0,,,
2015-09-01,IN_RBI_FX_SALE,6095.0,,,
2015-10-01,IN_RBI_FX_SALE,5062.0,,,
2015-11-01,IN_RBI_FX_SALE,2989.0,,,
2015-12-01,IN_RBI_FX_SALE,2799.0,,,
2016-01-01,IN_RBI_FX_SALE,3270.0,,,
2016-02-01,IN_RBI_FX_SALE,6803.0,,,
2016-03-01,IN_RBI_FX_SALE,3348.0,,,
2016-04-01,IN_RBI_FX_SALE,1300.0,,,
2016-05-01,IN_RBI_FX_SALE,3815.0,,,
2016-06-01,IN_RBI_FX_SALE,2030.0,,,
2016-07-01,IN_RBI_FX_SALE,3065.0,,,
2016-08-01,IN_RBI_FX_SALE,4220.0,,,
2016-09-01,IN_RBI_FX_SALE,4392.0,,,
2016-10-01,IN_RBI_FX_SALE,9966.0,,,
2016-11-01,IN_RBI_FX_SALE,21845.0,,,
2016-12-01,IN_RBI_FX_SALE,4534.0,,,
2017-01-01,IN_RBI_FX_SALE,1749.0,,,
2017-02-01,IN_RBI_FX_SALE,1011.0,,,
2017-03-01,IN_RBI_FX_SALE,1486.0,,,
2017-04-01,IN_RBI_FX_SALE,1185.0,,,
2017-05-01,IN_RBI_FX_SALE,2014.0,,,
2017-06-01,IN_RBI_FX_SALE,1680.0,,,
2017-07-01,IN_RBI_FX_SALE,1940.0,,,
2017-08-01,IN_RBI_FX_SALE,1330.0,,,
2017-09-01,IN_RBI_FX_SALE,2529.0,,,
2017-10-01,IN_RBI_FX_SALE,1058.0,,,
2017-11-01,IN_RBI_FX_SALE,1706.0,,,
2017-12-01,IN_RBI_FX_SALE,361.0,,,
2018-01-01,IN_RBI_FX_SALE,589.0,,,
2018-02-01,IN_RBI_FX_SALE,1655.0,,,
2018-03-01,IN_RBI_FX_SALE,2332.0,,,
2018-04-01,IN_RBI_FX_SALE,8019.0,,,
2018-05-01,IN_RBI_FX_SALE,9868.0,,,
2018-06-01,IN_RBI_FX_SALE,10204.0,,,
2018-07-01,IN_RBI_FX_SALE,6003.0,,,
2018-08-01,IN_RBI_FX_SALE,6003.0,,,
2018-09-01,IN_RBI_FX_SALE,1043.0,,,
2018-10-01,IN_RBI_FX_SALE,8149.0,,,
2018-11-01,IN_RBI_FX_SALE,3771.0,,,
2018-12-01,IN_RBI_FX_SALE,230.0,,,
2019-01-01,IN_RBI_FX_SALE,732.0,,,
2019-02-01,IN_RBI_FX_SALE,1261.0,,,
2019-03-01,IN_RBI_FX_SALE,898.0,,,
2019-04-01,IN_RBI_FX_SALE,2823.0,,,
2019-05-01,IN_RBI_FX_SALE,2580.0,,,
2019-06-01,IN_RBI_FX_SALE,1971.0,,,
2019-07-01,IN_RBI_FX_SALE,1685.0,,,
2019-08-01,IN_RBI_FX_SALE,4687.0,,,
2019-09-01,IN_RBI_FX_SALE,900.0,,,
2019-10-01,IN_RBI_FX_SALE,200.0,,,
2019-11-01,IN_RBI_FX_SALE,530.0,,,
2019-12-01,IN_RBI_FX_SALE,1014.0,,,
2020-01-01,IN_RBI_FX_SALE,1220.0,,,
2020-02-01,IN_RBI_FX_SALE,1460.0,,,
2020-03-01,IN_RBI_FX_SALE,8038.0,,,
2020-04-01,IN_RBI_FX_SALE,3592.0,,,
2020-05-01,IN_RBI_FX_SALE,300.0,,,
2020-06-01,IN_RBI_FX_SALE,5033.0,,,
2020-07-01,IN_RBI_FX_SALE,930.0,,,
2020-08-01,IN_RBI_FX_SALE,3217.0,,,
2020-09-01,IN_RBI_FX_SALE,5150.0,,,
2020-10-01,IN_RBI_FX_SALE,0.0,,,
2020-11-01,IN_RBI_FX_SALE,4028.0,,,
2020-12-01,IN_RBI_FX_SALE,6023.0,,,
2021-01-01,IN_RBI_FX_SALE,15371.0,,,
2021-02-01,IN_RBI_FX_SALE,24571.0,,,
2021-03-01,IN_RBI_FX_SALE,25949.0,,,
2021-04-01,IN_RBI_FX_SALE,3970.0,,,
2021-05-01,IN_RBI_FX_SALE,1300.0,,,
2021-06-01,IN_RBI_FX_SALE,3290.0,,,
2021-07-01,IN_RBI_FX_SALE,8955.0,,,
2021-08-01,IN_RBI_FX_SALE,7140.0,,,
2021-09-01,IN_RBI_FX_SALE,8378.0,,,
2021-10-01,IN_RBI_FX_SALE,7855.0,,,
2021-11-01,IN_RBI_FX_SALE,8489.0,,,
2021-12-01,IN_RBI_FX_SALE,10392.0,,,
2022-01-01,IN_RBI_FX_SALE,7319.0,,,
2022-02-01,IN_RBI_FX_SALE,5175.0,,,
2022-03-01,IN_RBI_FX_SALE,24416.0,,,
2022-04-01,IN_RBI_FX_SALE,10000.0,,,
2022-05-01,IN_RBI_FX_SALE,8142.0,,,
2022-06-01,IN_RBI_FX_SALE,22679.0,,,
2022-07-01,IN_RBI_FX_SALE,38770.0,,,
2022-08-01,IN_RBI_FX_SALE,23112.0,,,
2022-09-01,IN_RBI_FX_SALE,33626.0,,,
2022-10-01,IN_RBI_FX_SALE,25777.0,,,
2022-11-01,IN_RBI_FX_SALE,17920.0,,,
2022-12-01,IN_RBI_FX_SALE,8975.0,,,
2023-01-01,IN_RBI_FX_SALE,13286.0,,,
2023-02-01,IN_RBI_FX_SALE,4127.0,,,
2023-03-01,IN_RBI_FX_SALE,6156.0,,,
2023-04-01,IN_RBI_FX_SALE,700.0,,,
2023-05-01,IN_RBI_FX_SALE,0.0,,,
2023-06-01,IN_RBI_FX_SALE,3281.0,,,
2023-07-01,IN_RBI_FX_SALE,1843.0,,,
2023-08-01,IN_RBI_FX_SALE,4356.0,,,
2023-09-01,IN_RBI_FX_SALE,29265.0,,,
2023-10-01,IN_RBI_FX_SALE,36960.0,,,
2023-11-01,IN_RBI_FX_SALE,36915.0,,,
2023-12-01,IN_RBI_FX_SALE,29663.0,,,
2024-01-01,IN_RBI_FX_SALE,8450.0,,,
2024-02-01,IN_RBI_FX_SALE,0.0,,,
2024-03-01,IN_RBI_FX_SALE,1592.0,,,
2024-04-01,IN_RBI_FX_SALE,11653.0,,,
2024-05-01,IN_RBI_FX_SALE,19425.0,,,
2024-06-01,IN_RBI_FX_SALE,18043.0,,,
2024-07-01,IN_RBI_FX_SALE,16635.0,,,
2024-08-01,IN_RBI_FX_SALE,22635.0,,,
2024-09-01,IN_RBI_FX_SALE,19291.0,,,
2024-10-01,IN_RBI_FX_SALE,36778.0,,,
2024-11-01,IN_RBI_FX_SALE,51108.0,,,
2024-12-01,IN_RBI_FX_SALE,69048.0,,,
2025-01-01,IN_RBI_FX_SALE,60284.0,,,
2025-02-01,IN_RBI_FX_SALE,46651.0,,,
2025-03-01,IN_RBI_FX_SALE,27160.0,,,
2025-04-01,IN_RBI_FX_SALE,11770.0,,,
2025-05-01,IN_RBI_FX_SALE,7360.0,,,
2025-06-01,IN_RBI_FX_SALE,4825.0,,,
2025-07-01,IN_RBI_FX_SALE,2540.0,,,
2025-08-01,IN_RBI_FX_SALE,7695.0,,,
2025-09-01,IN_RBI_FX_SALE,10110.0,,,
2025-10-01,IN_RBI_FX_SALE,29562.0,,,
2025-11-01,IN_RBI_FX_SALE,24060.0,,,
2025-12-01,IN_RBI_FX_SALE,28350.0,,,
2026-01-01,IN_RBI_FX_SALE,25473.0,,,
2026-02-01,IN_RBI_FX_SALE,13994.0,,,
2026-03-01,IN_RBI_FX_SALE,29638.0,,,
2026-04-01,IN_RBI_FX_SALE,25169.0,,,
2026-05-01,IN_RBI_FX_SALE,28333.0,,,
2026-06-01,IN_RBI_FX_SALE,30330.0,,,
2026-07-01,IN_RBI_FX_SALE,19765.0,,,
2013-01-01,IN_RBI_FWD_BOOK,-12809.0,,,
2013-02-01,IN_RBI_FWD_BOOK,-12110.0,,,
2013-03-01,IN_RBI_FWD_BOOK,-11006.0,,,
2013-04-01,IN_RBI_FWD_BOOK,-8233.0,,,
2013-05-01,IN_RBI_FWD_BOOK,-5800.0,,,
2013-06-01,IN_RBI_FWD_BOOK,-4914.0,,,
2013-07-01,IN_RBI_FWD_BOOK,-4739.0,,,
2013-08-01,IN_RBI_FWD_BOOK,-9051.0,,,
2013-09-01,IN_RBI_FWD_BOOK,-9581.0,,,
2013-10-01,IN_RBI_FWD_BOOK,-14459.0,,,
2013-11-01,IN_RBI_FWD_BOOK,-32549.0,,,
2013-12-01,IN_RBI_FWD_BOOK,-32607.0,,,
2014-01-01,IN_RBI_FWD_BOOK,-31848.0,,,
2014-02-01,IN_RBI_FWD_BOOK,-31318.0,,,
2014-03-01,IN_RBI_FWD_BOOK,-31030.0,,,
2014-04-01,IN_RBI_FWD_BOOK,-32062.0,,,
2014-05-01,IN_RBI_FWD_BOOK,-11463.0,,,
2014-06-01,IN_RBI_FWD_BOOK,-154.0,,,
2014-07-01,IN_RBI_FWD_BOOK,5397.0,,,
2014-08-01,IN_RBI_FWD_BOOK,5818.0,,,
2014-09-01,IN_RBI_FWD_BOOK,8421.0,,,
2014-10-01,IN_RBI_FWD_BOOK,10217.0,,,
2014-11-01,IN_RBI_FWD_BOOK,13236.0,,,
2014-12-01,IN_RBI_FWD_BOOK,6853.0,,,
2015-01-01,IN_RBI_FWD_BOOK,5576.0,,,
2015-02-01,IN_RBI_FWD_BOOK,5832.0,,,
2015-03-01,IN_RBI_FWD_BOOK,8322.0,,,
2015-04-01,IN_RBI_FWD_BOOK,5172.0,,,
2015-05-01,IN_RBI_FWD_BOOK,1862.0,,,
2015-06-01,IN_RBI_FWD_BOOK,2592.0,,,
2015-07-01,IN_RBI_FWD_BOOK,4599.0,,,
2015-08-01,IN_RBI_FWD_BOOK,2901.0,,,
2015-09-01,IN_RBI_FWD_BOOK,1711.0,,,
2015-10-01,IN_RBI_FWD_BOOK,2452.0,,,
2015-11-01,IN_RBI_FWD_BOOK,1487.0,,,
2015-12-01,IN_RBI_FWD_BOOK,1987.0,,,
2016-01-01,IN_RBI_FWD_BOOK,-318.0,,,
2016-02-01,IN_RBI_FWD_BOOK,-2410.0,,,
2016-03-01,IN_RBI_FWD_BOOK,-4253.0,,,
2016-04-01,IN_RBI_FWD_BOOK,-4053.0,,,
2016-05-01,IN_RBI_FWD_BOOK,-5748.0,,,
2016-06-01,IN_RBI_FWD_BOOK,-7431.0,,,
2016-07-01,IN_RBI_FWD_BOOK,-5066.0,,,
2016-08-01,IN_RBI_FWD_BOOK,94.0,,,
2016-09-01,IN_RBI_FWD_BOOK,4890.0,,,
2016-10-01,IN_RBI_FWD_BOOK,5632.0,,,
2016-11-01,IN_RBI_FWD_BOOK,2944.0,,,
2016-12-01,IN_RBI_FWD_BOOK,586.0,,,
2017-01-01,IN_RBI_FWD_BOOK,501.0,,,
2017-02-01,IN_RBI_FWD_BOOK,2842.0,,,
2017-03-01,IN_RBI_FWD_BOOK,10835.0,,,
2017-04-01,IN_RBI_FWD_BOOK,13553.0,,,
2017-05-01,IN_RBI_FWD_BOOK,13601.0,,,
2017-06-01,IN_RBI_FWD_BOOK,17081.0,,,
2017-07-01,IN_RBI_FWD_BOOK,26450.0,,,
2017-08-01,IN_RBI_FWD_BOOK,32823.0,,,
2017-09-01,IN_RBI_FWD_BOOK,31131.0,,,
2017-10-01,IN_RBI_FWD_BOOK,31374.0,,,
2017-11-01,IN_RBI_FWD_BOOK,30615.0,,,
2017-12-01,IN_RBI_FWD_BOOK,29099.0,,,
2018-01-01,IN_RBI_FWD_BOOK,26051.0,,,
2018-02-01,IN_RBI_FWD_BOOK,22668.0,,,
2018-03-01,IN_RBI_FWD_BOOK,20853.0,,,
2018-04-01,IN_RBI_FWD_BOOK,17393.0,,,
2018-05-01,IN_RBI_FWD_BOOK,11252.0,,,
2018-06-01,IN_RBI_FWD_BOOK,10689.0,,,
2018-07-01,IN_RBI_FWD_BOOK,10689.0,,,
2018-08-01,IN_RBI_FWD_BOOK,5730.0,,,
2018-09-01,IN_RBI_FWD_BOOK,-1358.0,,,
2018-10-01,IN_RBI_FWD_BOOK,-2888.0,,,
2018-11-01,IN_RBI_FWD_BOOK,-1924.0,,,
2018-12-01,IN_RBI_FWD_BOOK,-2426.0,,,
2019-01-01,IN_RBI_FWD_BOOK,-3032.0,,,
2019-02-01,IN_RBI_FWD_BOOK,-4372.0,,,
2019-03-01,IN_RBI_FWD_BOOK,-13774.0,,,
2019-04-01,IN_RBI_FWD_BOOK,-18512.0,,,
2019-05-01,IN_RBI_FWD_BOOK,-18288.0,,,
2019-06-01,IN_RBI_FWD_BOOK,-13406.0,,,
2019-07-01,IN_RBI_FWD_BOOK,-8609.0,,,
2019-08-01,IN_RBI_FWD_BOOK,-7848.0,,,
2019-09-01,IN_RBI_FWD_BOOK,-7483.0,,,
2019-10-01,IN_RBI_FWD_BOOK,-7473.0,,,
2019-11-01,IN_RBI_FWD_BOOK,-6143.0,,,
2019-12-01,IN_RBI_FWD_BOOK,-1875.0,,,
2020-01-01,IN_RBI_FWD_BOOK,-1215.0,,,
2020-02-01,IN_RBI_FWD_BOOK,-2295.0,,,
2020-03-01,IN_RBI_FWD_BOOK,-4939.0,,,
2020-04-01,IN_RBI_FWD_BOOK,-1739.0,,,
2020-05-01,IN_RBI_FWD_BOOK,-1958.0,,,
2020-06-01,IN_RBI_FWD_BOOK,2459.0,,,
2020-07-01,IN_RBI_FWD_BOOK,-379.0,,,
2020-08-01,IN_RBI_FWD_BOOK,10351.0,,,
2020-09-01,IN_RBI_FWD_BOOK,13881.0,,,
2020-10-01,IN_RBI_FWD_BOOK,13556.0,,,
2020-11-01,IN_RBI_FWD_BOOK,28344.0,,,
2020-12-01,IN_RBI_FWD_BOOK,39792.0,,,
2021-01-01,IN_RBI_FWD_BOOK,47383.0,,,
2021-02-01,IN_RBI_FWD_BOOK,73201.0,,,
2021-03-01,IN_RBI_FWD_BOOK,72751.0,,,
2021-04-01,IN_RBI_FWD_BOOK,64944.0,,,
2021-05-01,IN_RBI_FWD_BOOK,59852.0,,,
2021-06-01,IN_RBI_FWD_BOOK,49573.0,,,
2021-07-01,IN_RBI_FWD_BOOK,49010.0,,,
2021-08-01,IN_RBI_FWD_BOOK,49606.0,,,
2021-09-01,IN_RBI_FWD_BOOK,49606.0,,,
2021-10-01,IN_RBI_FWD_BOOK,49106.0,,,
2021-11-01,IN_RBI_FWD_BOOK,49106.0,,,
2021-12-01,IN_RBI_FWD_BOOK,49106.0,,,
2022-01-01,IN_RBI_FWD_BOOK,49877.0,,,
2022-02-01,IN_RBI_FWD_BOOK,49106.0,,,
2022-03-01,IN_RBI_FWD_BOOK,65791.0,,,
2022-04-01,IN_RBI_FWD_BOOK,63826.0,,,
2022-05-01,IN_RBI_FWD_BOOK,49191.0,,,
2022-06-01,IN_RBI_FWD_BOOK,30856.0,,,
2022-07-01,IN_RBI_FWD_BOOK,22019.0,,,
2022-08-01,IN_RBI_FWD_BOOK,20164.0,,,
2022-09-01,IN_RBI_FWD_BOOK,10423.0,,,
2022-10-01,IN_RBI_FWD_BOOK,241.0,,,
2022-11-01,IN_RBI_FWD_BOOK,8493.0,,,
2022-12-01,IN_RBI_FWD_BOOK,10968.0,,,
2023-01-01,IN_RBI_FWD_BOOK,21729.0,,,
2023-02-01,IN_RBI_FWD_BOOK,20470.0,,,
2023-03-01,IN_RBI_FWD_BOOK,23600.0,,,
2023-04-01,IN_RBI_FWD_BOOK,19932.0,,,
2023-05-01,IN_RBI_FWD_BOOK,19268.0,,,
2023-06-01,IN_RBI_FWD_BOOK,19468.0,,,
2023-07-01,IN_RBI_FWD_BOOK,19468.0,,,
2023-08-01,IN_RBI_FWD_BOOK,10068.0,,,
2023-09-01,IN_RBI_FWD_BOOK,4642.0,,,
2023-10-01,IN_RBI_FWD_BOOK,-14608.0,,,
2023-11-01,IN_RBI_FWD_BOOK,-11901.0,,,
2023-12-01,IN_RBI_FWD_BOOK,2184.0,,,
2024-01-01,IN_RBI_FWD_BOOK,9974.0,,,
2024-02-01,IN_RBI_FWD_BOOK,9694.0,,,
2024-03-01,IN_RBI_FWD_BOOK,-541.0,,,
2024-04-01,IN_RBI_FWD_BOOK,-16257.0,,,
2024-05-01,IN_RBI_FWD_BOOK,-10360.0,,,
2024-06-01,IN_RBI_FWD_BOOK,-15835.0,,,
2024-07-01,IN_RBI_FWD_BOOK,-9100.0,,,
2024-08-01,IN_RBI_FWD_BOOK,-18980.0,,,
2024-09-01,IN_RBI_FWD_BOOK,-14580.0,,,
2024-10-01,IN_RBI_FWD_BOOK,-49180.0,,,
2024-11-01,IN_RBI_FWD_BOOK,-58850.0,,,
2024-12-01,IN_RBI_FWD_BOOK,-67938.0,,,
2025-01-01,IN_RBI_FWD_BOOK,-77528.0,,,
2025-02-01,IN_RBI_FWD_BOOK,-88753.0,,,
2025-03-01,IN_RBI_FWD_BOOK,-84345.0,,,
2025-04-01,IN_RBI_FWD_BOOK,-72575.0,,,
2025-05-01,IN_RBI_FWD_BOOK,-65215.0,,,
2025-06-01,IN_RBI_FWD_BOOK,-60390.0,,,
2025-07-01,IN_RBI_FWD_BOOK,-57850.0,,,
2025-08-01,IN_RBI_FWD_BOOK,-53355.0,,,
2025-09-01,IN_RBI_FWD_BOOK,-59405.0,,,
2025-10-01,IN_RBI_FWD_BOOK,-63605.0,,,
2025-11-01,IN_RBI_FWD_BOOK,-66045.0,,,
2025-12-01,IN_RBI_FWD_BOOK,-62353.0,,,
2026-01-01,IN_RBI_FWD_BOOK,-67772.0,,,
2026-02-01,IN_RBI_FWD_BOOK,-77666.0,,,
2026-03-01,IN_RBI_FWD_BOOK,-103064.0,,,
2026-04-01,IN_RBI_FWD_BOOK,-95304.0,,,
2026-05-01,IN_RBI_FWD_BOOK,-106658.0,,,
2026-06-01,IN_RBI_FWD_BOOK,-103326.0,,,
2026-07-01,IN_RBI_FWD_BOOK,-136768.0,,,
2013-01-01,IN_CPI_MOSPI,126.3,10.79,,base 2010=100 (Final)
2013-02-01,IN_CPI_MOSPI,127.1,10.91,,base 2010=100 (Final)
2013-03-01,IN_CPI_MOSPI,127.5,10.39,,base 2010=100 (Final)
2013-04-01,IN_CPI_MOSPI,128.1,9.39,,base 2010=100 (Final)
2013-05-01,IN_CPI_MOSPI,129.2,9.31,,base 2010=100 (Final)
2013-06-01,IN_CPI_MOSPI,131.4,9.87,,base 2010=100 (Final)
2013-07-01,IN_CPI_MOSPI,133.1,9.64,,base 2010=100 (Final)
2013-08-01,IN_CPI_MOSPI,134.6,9.52,,base 2010=100 (Final)
2013-09-01,IN_CPI_MOSPI,136.2,9.84,,base 2010=100 (Final)
2013-10-01,IN_CPI_MOSPI,137.6,10.17,,base 2010=100 (Final)
2013-11-01,IN_CPI_MOSPI,139.4,11.16,,base 2010=100 (Final)
2013-12-01,IN_CPI_MOSPI,138.0,9.87,,base 2010=100 (Final)
2014-01-01,IN_CPI_MOSPI,113.6,8.6,,base 2012=100 (Final)
2014-02-01,IN_CPI_MOSPI,113.6,7.88,,base 2012=100 (Final)
2014-03-01,IN_CPI_MOSPI,114.2,8.25,,base 2012=100 (Final)
2014-04-01,IN_CPI_MOSPI,115.1,8.48,,base 2012=100 (Final)
2014-05-01,IN_CPI_MOSPI,115.8,8.33,,base 2012=100 (Final)
2014-06-01,IN_CPI_MOSPI,116.7,6.77,,base 2012=100 (Final)
2014-07-01,IN_CPI_MOSPI,119.2,7.39,,base 2012=100 (Final)
2014-08-01,IN_CPI_MOSPI,120.3,7.03,,base 2012=100 (Final)
2014-09-01,IN_CPI_MOSPI,120.1,5.63,,base 2012=100 (Final)
2014-10-01,IN_CPI_MOSPI,120.1,4.62,,base 2012=100 (Final)
2014-11-01,IN_CPI_MOSPI,120.1,3.27,,base 2012=100 (Final)
2014-12-01,IN_CPI_MOSPI,119.4,4.28,,base 2012=100 (Final)
2015-01-01,IN_CPI_MOSPI,119.5,5.19,,base 2012=100 (Final)
2015-02-01,IN_CPI_MOSPI,119.7,5.37,,base 2012=100 (Final)
2015-03-01,IN_CPI_MOSPI,120.2,5.25,,base 2012=100 (Final)
2015-04-01,IN_CPI_MOSPI,120.7,4.87,,base 2012=100 (Final)
2015-05-01,IN_CPI_MOSPI,121.6,5.01,,base 2012=100 (Final)
2015-06-01,IN_CPI_MOSPI,123.0,5.4,,base 2012=100 (Final)
2015-07-01,IN_CPI_MOSPI,123.6,3.69,,base 2012=100 (Final)
2015-08-01,IN_CPI_MOSPI,124.8,3.74,,base 2012=100 (Final)
2015-09-01,IN_CPI_MOSPI,125.4,4.41,,base 2012=100 (Final)
2015-10-01,IN_CPI_MOSPI,126.1,5.0,,base 2012=100 (Final)
2015-11-01,IN_CPI_MOSPI,126.6,5.41,,base 2012=100 (Final)
2015-12-01,IN_CPI_MOSPI,126.1,5.61,,base 2012=100 (Final)
2016-01-01,IN_CPI_MOSPI,126.3,5.69,,base 2012=100 (Final)
2016-02-01,IN_CPI_MOSPI,126.0,5.26,,base 2012=100 (Final)
2016-03-01,IN_CPI_MOSPI,126.0,4.83,,base 2012=100 (Final)
2016-04-01,IN_CPI_MOSPI,127.3,5.47,,base 2012=100 (Final)
2016-05-01,IN_CPI_MOSPI,128.6,5.76,,base 2012=100 (Final)
2016-06-01,IN_CPI_MOSPI,130.1,5.77,,base 2012=100 (Final)
2016-07-01,IN_CPI_MOSPI,131.1,6.07,,base 2012=100 (Final)
2016-08-01,IN_CPI_MOSPI,131.1,5.05,,base 2012=100 (Final)
2016-09-01,IN_CPI_MOSPI,130.9,4.39,,base 2012=100 (Final)
2016-10-01,IN_CPI_MOSPI,131.4,4.2,,base 2012=100 (Final)
2016-11-01,IN_CPI_MOSPI,131.2,3.63,,base 2012=100 (Final)
2016-12-01,IN_CPI_MOSPI,130.4,3.41,,base 2012=100 (Final)
2017-01-01,IN_CPI_MOSPI,130.3,3.17,,base 2012=100 (Final)
2017-02-01,IN_CPI_MOSPI,130.6,3.65,,base 2012=100 (Final)
2017-03-01,IN_CPI_MOSPI,130.9,3.89,,base 2012=100 (Final)
2017-04-01,IN_CPI_MOSPI,131.1,2.99,,base 2012=100 (Final)
2017-05-01,IN_CPI_MOSPI,131.4,2.18,,base 2012=100 (Final)
2017-06-01,IN_CPI_MOSPI,132.0,1.46,,base 2012=100 (Final)
2017-07-01,IN_CPI_MOSPI,134.2,2.36,,base 2012=100 (Final)
2017-08-01,IN_CPI_MOSPI,135.4,3.28,,base 2012=100 (Final)
2017-09-01,IN_CPI_MOSPI,135.2,3.28,,base 2012=100 (Final)
2017-10-01,IN_CPI_MOSPI,136.1,3.58,,base 2012=100 (Final)
2017-11-01,IN_CPI_MOSPI,137.6,4.88,,base 2012=100 (Final)
2017-12-01,IN_CPI_MOSPI,137.2,5.21,,base 2012=100 (Final)
2018-01-01,IN_CPI_MOSPI,136.9,5.07,,base 2012=100 (Final)
2018-02-01,IN_CPI_MOSPI,136.4,4.44,,base 2012=100 (Final)
2018-03-01,IN_CPI_MOSPI,136.5,4.28,,base 2012=100 (Final)
2018-04-01,IN_CPI_MOSPI,137.1,4.58,,base 2012=100 (Final)
2018-05-01,IN_CPI_MOSPI,137.8,4.87,,base 2012=100 (Final)
2018-06-01,IN_CPI_MOSPI,138.5,4.92,,base 2012=100 (Final)
2018-07-01,IN_CPI_MOSPI,139.8,4.17,,base 2012=100 (Final)
2018-08-01,IN_CPI_MOSPI,140.4,3.69,,base 2012=100 (Final)
2018-09-01,IN_CPI_MOSPI,140.2,3.7,,base 2012=100 (Final)
2018-10-01,IN_CPI_MOSPI,140.7,3.38,,base 2012=100 (Final)
2018-11-01,IN_CPI_MOSPI,140.8,2.33,,base 2012=100 (Final)
2018-12-01,IN_CPI_MOSPI,140.1,2.11,,base 2012=100 (Final)
2019-01-01,IN_CPI_MOSPI,139.6,1.97,,base 2012=100 (Final)
2019-02-01,IN_CPI_MOSPI,139.9,2.57,,base 2012=100 (Final)
2019-03-01,IN_CPI_MOSPI,140.4,2.86,,base 2012=100 (Final)
2019-04-01,IN_CPI_MOSPI,141.2,2.99,,base 2012=100 (Final)
2019-05-01,IN_CPI_MOSPI,142.0,3.05,,base 2012=100 (Final)
2019-06-01,IN_CPI_MOSPI,142.9,3.18,,base 2012=100 (Final)
2019-07-01,IN_CPI_MOSPI,144.2,3.15,,base 2012=100 (Final)
2019-08-01,IN_CPI_MOSPI,145.0,3.28,,base 2012=100 (Final)
2019-09-01,IN_CPI_MOSPI,145.8,3.99,,base 2012=100 (Final)
2019-10-01,IN_CPI_MOSPI,147.2,4.62,,base 2012=100 (Final)
2019-11-01,IN_CPI_MOSPI,148.6,5.54,,base 2012=100 (Final)
2019-12-01,IN_CPI_MOSPI,150.4,7.35,,base 2012=100 (Final)
2020-01-01,IN_CPI_MOSPI,150.2,7.59,,base 2012=100 (Final)
2020-02-01,IN_CPI_MOSPI,149.1,6.58,,base 2012=100 (Final)
2020-03-01,IN_CPI_MOSPI,148.6,5.84,,base 2012=100 (Final)
2020-04-01,IN_CPI_MOSPI,151.4,7.22,,base 2012=100 (Final)
2020-05-01,IN_CPI_MOSPI,150.9,6.27,,base 2012=100 (Final)
2020-06-01,IN_CPI_MOSPI,151.8,6.23,,base 2012=100 (Final)
2020-07-01,IN_CPI_MOSPI,153.9,6.73,,base 2012=100 (Final)
2020-08-01,IN_CPI_MOSPI,154.7,6.69,,base 2012=100 (Final)
2020-09-01,IN_CPI_MOSPI,156.4,7.27,,base 2012=100 (Final)
2020-10-01,IN_CPI_MOSPI,158.4,7.61,,base 2012=100 (Final)
2020-11-01,IN_CPI_MOSPI,158.9,6.93,,base 2012=100 (Final)
2020-12-01,IN_CPI_MOSPI,157.3,4.59,,base 2012=100 (Final)
2021-01-01,IN_CPI_MOSPI,156.3,4.06,,base 2012=100 (Final)
2021-02-01,IN_CPI_MOSPI,156.6,5.03,,base 2012=100 (Final)
2021-03-01,IN_CPI_MOSPI,156.8,5.52,,base 2012=100 (Final)
2021-04-01,IN_CPI_MOSPI,157.8,4.23,,base 2012=100 (Final)
2021-05-01,IN_CPI_MOSPI,160.4,6.3,,base 2012=100 (Final)
2021-06-01,IN_CPI_MOSPI,161.3,6.26,,base 2012=100 (Final)
2021-07-01,IN_CPI_MOSPI,162.5,5.59,,base 2012=100 (Final)
2021-08-01,IN_CPI_MOSPI,162.9,5.3,,base 2012=100 (Final)
2021-09-01,IN_CPI_MOSPI,163.2,4.35,,base 2012=100 (Final)
2021-10-01,IN_CPI_MOSPI,165.5,4.48,,base 2012=100 (Final)
2021-11-01,IN_CPI_MOSPI,166.7,4.91,,base 2012=100 (Final)
2021-12-01,IN_CPI_MOSPI,166.2,5.66,,base 2012=100 (Final)
2022-01-01,IN_CPI_MOSPI,165.7,6.01,,base 2012=100 (Final)
2022-02-01,IN_CPI_MOSPI,166.1,6.07,,base 2012=100 (Final)
2022-03-01,IN_CPI_MOSPI,167.7,6.95,,base 2012=100 (Final)
2022-04-01,IN_CPI_MOSPI,170.1,7.79,,base 2012=100 (Final)
2022-05-01,IN_CPI_MOSPI,171.7,7.04,,base 2012=100 (Final)
2022-06-01,IN_CPI_MOSPI,172.6,7.01,,base 2012=100 (Final)
2022-07-01,IN_CPI_MOSPI,173.4,6.71,,base 2012=100 (Final)
2022-08-01,IN_CPI_MOSPI,174.3,7.0,,base 2012=100 (Final)
2022-09-01,IN_CPI_MOSPI,175.3,7.41,,base 2012=100 (Final)
2022-10-01,IN_CPI_MOSPI,176.7,6.77,,base 2012=100 (Final)
2022-11-01,IN_CPI_MOSPI,176.5,5.88,,base 2012=100 (Final)
2022-12-01,IN_CPI_MOSPI,175.7,5.72,,base 2012=100 (Final)
2023-01-01,IN_CPI_MOSPI,176.5,6.52,,base 2012=100 (Final)
2023-02-01,IN_CPI_MOSPI,176.8,6.44,,base 2012=100 (Final)
2023-03-01,IN_CPI_MOSPI,177.2,5.66,,base 2012=100 (Final)
2023-04-01,IN_CPI_MOSPI,178.1,4.7,,base 2012=100 (Final)
2023-05-01,IN_CPI_MOSPI,179.1,4.31,,base 2012=100 (Final)
2023-06-01,IN_CPI_MOSPI,181.0,4.87,,base 2012=100 (Final)
2023-07-01,IN_CPI_MOSPI,186.3,7.44,,base 2012=100 (Final)
2023-08-01,IN_CPI_MOSPI,186.2,6.83,,base 2012=100 (Final)
2023-09-01,IN_CPI_MOSPI,184.1,5.02,,base 2012=100 (Final)
2023-10-01,IN_CPI_MOSPI,185.3,4.87,,base 2012=100 (Final)
2023-11-01,IN_CPI_MOSPI,186.3,5.55,,base 2012=100 (Final)
2023-12-01,IN_CPI_MOSPI,185.7,5.69,,base 2012=100 (Final)
2024-01-01,IN_CPI_MOSPI,185.5,5.1,,base 2012=100 (Final)
2024-02-01,IN_CPI_MOSPI,185.8,5.09,,base 2012=100 (Final)
2024-03-01,IN_CPI_MOSPI,185.8,4.85,,base 2012=100 (Final)
2024-04-01,IN_CPI_MOSPI,186.7,4.83,,base 2012=100 (Final)
2024-05-01,IN_CPI_MOSPI,187.7,4.8,,base 2012=100 (Final)
2024-06-01,IN_CPI_MOSPI,190.2,5.08,,base 2012=100 (Final)
2024-07-01,IN_CPI_MOSPI,193.0,3.6,,base 2012=100 (Final)
2024-08-01,IN_CPI_MOSPI,193.0,3.65,,base 2012=100 (Final)
2024-09-01,IN_CPI_MOSPI,194.2,5.49,,base 2012=100 (Final)
2024-10-01,IN_CPI_MOSPI,196.8,6.21,,base 2012=100 (Final)
2024-11-01,IN_CPI_MOSPI,196.5,5.48,,base 2012=100 (Final)
2024-12-01,IN_CPI_MOSPI,195.4,5.22,,base 2012=100 (Final)
2025-01-01,IN_CPI_MOSPI,193.4,4.26,,base 2012=100 (Final)
2025-02-01,IN_CPI_MOSPI,192.5,3.61,,base 2012=100 (Final)
2025-03-01,IN_CPI_MOSPI,192.0,3.34,,base 2012=100 (Final)
2025-04-01,IN_CPI_MOSPI,192.6,3.16,,base 2012=100 (Final)
2025-05-01,IN_CPI_MOSPI,193.0,2.82,,base 2012=100 (Final)
2025-06-01,IN_CPI_MOSPI,194.2,2.1,,base 2012=100 (Final)
2025-07-01,IN_CPI_MOSPI,196.1,1.61,,base 2012=100 (Final)
2025-08-01,IN_CPI_MOSPI,197.0,2.07,,base 2012=100 (Final)
2025-09-01,IN_CPI_MOSPI,197.0,1.44,,base 2012=100 (Final)
2025-10-01,IN_CPI_MOSPI,197.3,0.25,,base 2012=100 (Final)
2025-11-01,IN_CPI_MOSPI,197.9,0.71,,base 2012=100 (Final)
2025-12-01,IN_CPI_MOSPI,198.0,1.33,,base 2012=100 (Provisional)
2026-01-01,IN_CPI_MOSPI,104.45,2.73,,base 2024=100 (Final)
2026-02-01,IN_CPI_MOSPI,104.57,3.21,,base 2024=100 (Final)
2026-03-01,IN_CPI_MOSPI,104.84,3.4,,base 2024=100 (Final)
2026-04-01,IN_CPI_MOSPI,105.12,3.48,,base 2024=100 (Final)
2026-05-01,IN_CPI_MOSPI,105.91,3.94,,base 2024=100 (Final)
2026-06-01,IN_CPI_MOSPI,107.0,4.38,,base 2024=100 (Final)
2026-07-01,IN_CPI_MOSPI,107.95,4.45,,base 2024=100 (Final)
2026-08-01,IN_CPI_MOSPI,108.74,4.82,,base 2024=100 (Provisional)
2013-01-01,IN_REPO,7.75,,,
2013-02-01,IN_REPO,7.75,,,
2013-03-01,IN_REPO,7.5,,,
2013-04-01,IN_REPO,7.5,,,
2013-05-01,IN_REPO,7.25,,,
2013-06-01,IN_REPO,7.25,,,
2013-07-01,IN_REPO,7.25,,,
2013-08-01,IN_REPO,7.25,,,
2013-09-01,IN_REPO,7.5,,,
2013-10-01,IN_REPO,7.75,,,
2013-11-01,IN_REPO,7.75,,,
2013-12-01,IN_REPO,7.75,,,
2014-01-01,IN_REPO,8.0,,,
2014-02-01,IN_REPO,8.0,,,
2014-03-01,IN_REPO,8.0,,,
2014-04-01,IN_REPO,8.0,,,
2014-05-01,IN_REPO,8.0,,,
2014-06-01,IN_REPO,8.0,,,
2014-07-01,IN_REPO,8.0,,,
2014-08-01,IN_REPO,8.0,,,
2014-09-01,IN_REPO,8.0,,,
2014-10-01,IN_REPO,8.0,,,
2014-11-01,IN_REPO,8.0,,,
2014-12-01,IN_REPO,8.0,,,
2015-01-01,IN_REPO,7.75,,,
2015-02-01,IN_REPO,7.75,,,
2015-03-01,IN_REPO,7.5,,,
2015-04-01,IN_REPO,7.5,,,
2015-05-01,IN_REPO,7.5,,,
2015-06-01,IN_REPO,7.25,,,
2015-07-01,IN_REPO,7.25,,,
2015-08-01,IN_REPO,7.25,,,
2015-09-01,IN_REPO,6.75,,,
2015-10-01,IN_REPO,6.75,,,
2015-11-01,IN_REPO,6.75,,,
2015-12-01,IN_REPO,6.75,,,
2016-01-01,IN_REPO,6.75,,,
2016-02-01,IN_REPO,6.75,,,
2016-03-01,IN_REPO,6.75,,,
2016-04-01,IN_REPO,6.5,,,
2016-05-01,IN_REPO,6.5,,,
2016-06-01,IN_REPO,6.5,,,
2016-07-01,IN_REPO,6.5,,,
2016-08-01,IN_REPO,6.5,,,
2016-09-01,IN_REPO,6.5,,,
2016-10-01,IN_REPO,6.25,,,
2016-11-01,IN_REPO,6.25,,,
2016-12-01,IN_REPO,6.25,,,
2017-01-01,IN_REPO,6.25,,,
2017-02-01,IN_REPO,6.25,,,
2017-03-01,IN_REPO,6.25,,,
2017-04-01,IN_REPO,6.25,,,
2017-05-01,IN_REPO,6.25,,,
2017-06-01,IN_REPO,6.25,,,
2017-07-01,IN_REPO,6.25,,,
2017-08-01,IN_REPO,6.0,,,
2017-09-01,IN_REPO,6.0,,,
2017-10-01,IN_REPO,6.0,,,
2017-11-01,IN_REPO,6.0,,,
2017-12-01,IN_REPO,6.0,,,
2018-01-01,IN_REPO,6.0,,,
2018-02-01,IN_REPO,6.0,,,
2018-03-01,IN_REPO,6.0,,,
2018-04-01,IN_REPO,6.0,,,
2018-05-01,IN_REPO,6.0,,,
2018-06-01,IN_REPO,6.25,,,
2018-07-01,IN_REPO,6.25,,,
2018-08-01,IN_REPO,6.5,,,
2018-09-01,IN_REPO,6.5,,,
2018-10-01,IN_REPO,6.5,,,
2018-11-01,IN_REPO,6.5,,,
2018-12-01,IN_REPO,6.5,,,
2019-01-01,IN_REPO,6.5,,,
2019-02-01,IN_REPO,6.25,,,
2019-03-01,IN_REPO,6.25,,,
2019-04-01,IN_REPO,6.0,,,
2019-05-01,IN_REPO,6.0,,,
2019-06-01,IN_REPO,5.75,,,
2019-07-01,IN_REPO,5.75,,,
2019-08-01,IN_REPO,5.4,,,
2019-09-01,IN_REPO,5.4,,,
2019-10-01,IN_REPO,5.15,,,
2019-11-01,IN_REPO,5.15,,,
2019-12-01,IN_REPO,5.15,,,
2020-01-01,IN_REPO,5.15,,,
2020-02-01,IN_REPO,5.15,,,
2020-03-01,IN_REPO,4.4,,,
2020-04-01,IN_REPO,4.4,,,
2020-05-01,IN_REPO,4.0,,,
2020-06-01,IN_REPO,4.0,,,
2020-07-01,IN_REPO,4.0,,,
2020-08-01,IN_REPO,4.0,,,
2020-09-01,IN_REPO,4.0,,,
2020-10-01,IN_REPO,4.0,,,
2020-11-01,IN_REPO,4.0,,,
2020-12-01,IN_REPO,4.0,,,
2021-01-01,IN_REPO,4.0,,,
2021-02-01,IN_REPO,4.0,,,
2021-03-01,IN_REPO,4.0,,,
2021-04-01,IN_REPO,4.0,,,
2021-05-01,IN_REPO,4.0,,,
2021-06-01,IN_REPO,4.0,,,
2021-07-01,IN_REPO,4.0,,,
2021-08-01,IN_REPO,4.0,,,
2021-09-01,IN_REPO,4.0,,,
2021-10-01,IN_REPO,4.0,,,
2021-11-01,IN_REPO,4.0,,,
2021-12-01,IN_REPO,4.0,,,
2022-01-01,IN_REPO,4.0,,,
2022-02-01,IN_REPO,4.0,,,
2022-03-01,IN_REPO,4.0,,,
2022-04-01,IN_REPO,4.0,,,
2022-05-01,IN_REPO,4.4,,,
2022-06-01,IN_REPO,4.9,,,
2022-07-01,IN_REPO,4.9,,,
2022-08-01,IN_REPO,5.4,,,
2022-09-01,IN_REPO,5.9,,,
2022-10-01,IN_REPO,5.9,,,
2022-11-01,IN_REPO,5.9,,,
2022-12-01,IN_REPO,6.25,,,
2023-01-01,IN_REPO,6.25,,,
2023-02-01,IN_REPO,6.5,,,
2023-03-01,IN_REPO,6.5,,,
2023-04-01,IN_REPO,6.5,,,
2023-05-01,IN_REPO,6.5,,,
2023-06-01,IN_REPO,6.5,,,
2023-07-01,IN_REPO,6.5,,,
2023-08-01,IN_REPO,6.5,,,
2023-09-01,IN_REPO,6.5,,,
2023-10-01,IN_REPO,6.5,,,
2023-11-01,IN_REPO,6.5,,,
2023-12-01,IN_REPO,6.5,,,
2024-01-01,IN_REPO,6.5,,,
2024-02-01,IN_REPO,6.5,,,
2024-03-01,IN_REPO,6.5,,,
2024-04-01,IN_REPO,6.5,,,
2024-05-01,IN_REPO,6.5,,,
2024-06-01,IN_REPO,6.5,,,
2024-07-01,IN_REPO,6.5,,,
2024-08-01,IN_REPO,6.5,,,
2024-09-01,IN_REPO,6.5,,,
2024-10-01,IN_REPO,6.5,,,
2024-11-01,IN_REPO,6.5,,,
2024-12-01,IN_REPO,6.5,,,
2025-01-01,IN_REPO,6.5,,,
2025-02-01,IN_REPO,6.25,,,
2025-03-01,IN_REPO,6.25,,,
2025-04-01,IN_REPO,6.0,,,
2025-05-01,IN_REPO,6.0,,,
2025-06-01,IN_REPO,5.5,,,
2025-07-01,IN_REPO,5.5,,,
2025-08-01,IN_REPO,5.5,,,
2025-09-01,IN_REPO,5.5,,,
2025-10-01,IN_REPO,5.5,,,
2025-11-01,IN_REPO,5.5,,,
2025-12-01,IN_REPO,5.25,,,
2026-01-01,IN_REPO,5.25,,,
2026-02-01,IN_REPO,5.25,,,
2026-03-01,IN_REPO,5.25,,,
2026-04-01,IN_REPO,5.25,,,
2026-05-01,IN_REPO,5.25,,,
2026-06-01,IN_REPO,5.25,,,
2026-07-01,IN_REPO,5.25,,,
2026-08-01,IN_REPO,5.25,,,
2026-09-01,IN_REPO,5.25,,,
2013-01-01,FFR_UPPER,0.25,,,
2013-02-01,FFR_UPPER,0.25,,,
2013-03-01,FFR_UPPER,0.25,,,
2013-04-01,FFR_UPPER,0.25,,,
2013-05-01,FFR_UPPER,0.25,,,
2013-06-01,FFR_UPPER,0.25,,,
2013-07-01,FFR_UPPER,0.25,,,
2013-08-01,FFR_UPPER,0.25,,,
2013-09-01,FFR_UPPER,0.25,,,
2013-10-01,FFR_UPPER,0.25,,,
2013-11-01,FFR_UPPER,0.25,,,
2013-12-01,FFR_UPPER,0.25,,,
2014-01-01,FFR_UPPER,0.25,,,
2014-02-01,FFR_UPPER,0.25,,,
2014-03-01,FFR_UPPER,0.25,,,
2014-04-01,FFR_UPPER,0.25,,,
2014-05-01,FFR_UPPER,0.25,,,
2014-06-01,FFR_UPPER,0.25,,,
2014-07-01,FFR_UPPER,0.25,,,
2014-08-01,FFR_UPPER,0.25,,,
2014-09-01,FFR_UPPER,0.25,,,
2014-10-01,FFR_UPPER,0.25,,,
2014-11-01,FFR_UPPER,0.25,,,
2014-12-01,FFR_UPPER,0.25,,,
2015-01-01,FFR_UPPER,0.25,,,
2015-02-01,FFR_UPPER,0.25,,,
2015-03-01,FFR_UPPER,0.25,,,
2015-04-01,FFR_UPPER,0.25,,,
2015-05-01,FFR_UPPER,0.25,,,
2015-06-01,FFR_UPPER,0.25,,,
2015-07-01,FFR_UPPER,0.25,,,
2015-08-01,FFR_UPPER,0.25,,,
2015-09-01,FFR_UPPER,0.25,,,
2015-10-01,FFR_UPPER,0.25,,,
2015-11-01,FFR_UPPER,0.25,,,
2015-12-01,FFR_UPPER,0.5,,,
2016-01-01,FFR_UPPER,0.5,,,
2016-02-01,FFR_UPPER,0.5,,,
2016-03-01,FFR_UPPER,0.5,,,
2016-04-01,FFR_UPPER,0.5,,,
2016-05-01,FFR_UPPER,0.5,,,
2016-06-01,FFR_UPPER,0.5,,,
2016-07-01,FFR_UPPER,0.5,,,
2016-08-01,FFR_UPPER,0.5,,,
2016-09-01,FFR_UPPER,0.5,,,
2016-10-01,FFR_UPPER,0.5,,,
2016-11-01,FFR_UPPER,0.5,,,
2016-12-01,FFR_UPPER,0.75,,,
2017-01-01,FFR_UPPER,0.75,,,
2017-02-01,FFR_UPPER,0.75,,,
2017-03-01,FFR_UPPER,1.0,,,
2017-04-01,FFR_UPPER,1.0,,,
2017-05-01,FFR_UPPER,1.0,,,
2017-06-01,FFR_UPPER,1.25,,,
2017-07-01,FFR_UPPER,1.25,,,
2017-08-01,FFR_UPPER,1.25,,,
2017-09-01,FFR_UPPER,1.25,,,
2017-10-01,FFR_UPPER,1.25,,,
2017-11-01,FFR_UPPER,1.25,,,
2017-12-01,FFR_UPPER,1.5,,,
2018-01-01,FFR_UPPER,1.5,,,
2018-02-01,FFR_UPPER,1.5,,,
2018-03-01,FFR_UPPER,1.75,,,
2018-04-01,FFR_UPPER,1.75,,,
2018-05-01,FFR_UPPER,1.75,,,
2018-06-01,FFR_UPPER,2.0,,,
2018-07-01,FFR_UPPER,2.0,,,
2018-08-01,FFR_UPPER,2.0,,,
2018-09-01,FFR_UPPER,2.25,,,
2018-10-01,FFR_UPPER,2.25,,,
2018-11-01,FFR_UPPER,2.25,,,
2018-12-01,FFR_UPPER,2.5,,,
2019-01-01,FFR_UPPER,2.5,,,
2019-02-01,FFR_UPPER,2.5,,,
2019-03-01,FFR_UPPER,2.5,,,
2019-04-01,FFR_UPPER,2.5,,,
2019-05-01,FFR_UPPER,2.5,,,
2019-06-01,FFR_UPPER,2.5,,,
2019-07-01,FFR_UPPER,2.5,,,
2019-08-01,FFR_UPPER,2.25,,,
2019-09-01,FFR_UPPER,2.0,,,
2019-10-01,FFR_UPPER,1.75,,,
2019-11-01,FFR_UPPER,1.75,,,
2019-12-01,FFR_UPPER,1.75,,,
2020-01-01,FFR_UPPER,1.75,,,
2020-02-01,FFR_UPPER,1.75,,,
2020-03-01,FFR_UPPER,0.25,,,
2020-04-01,FFR_UPPER,0.25,,,
2020-05-01,FFR_UPPER,0.25,,,
2020-06-01,FFR_UPPER,0.25,,,
2020-07-01,FFR_UPPER,0.25,,,
2020-08-01,FFR_UPPER,0.25,,,
2020-09-01,FFR_UPPER,0.25,,,
2020-10-01,FFR_UPPER,0.25,,,
2020-11-01,FFR_UPPER,0.25,,,
2020-12-01,FFR_UPPER,0.25,,,
2021-01-01,FFR_UPPER,0.25,,,
2021-02-01,FFR_UPPER,0.25,,,
2021-03-01,FFR_UPPER,0.25,,,
2021-04-01,FFR_UPPER,0.25,,,
2021-05-01,FFR_UPPER,0.25,,,
2021-06-01,FFR_UPPER,0.25,,,
2021-07-01,FFR_UPPER,0.25,,,
2021-08-01,FFR_UPPER,0.25,,,
2021-09-01,FFR_UPPER,0.25,,,
2021-10-01,FFR_UPPER,0.25,,,
2021-11-01,FFR_UPPER,0.25,,,
2021-12-01,FFR_UPPER,0.25,,,
2022-01-01,FFR_UPPER,0.25,,,
2022-02-01,FFR_UPPER,0.25,,,
2022-03-01,FFR_UPPER,0.5,,,
2022-04-01,FFR_UPPER,0.5,,,
2022-05-01,FFR_UPPER,1.0,,,
2022-06-01,FFR_UPPER,1.75,,,
2022-07-01,FFR_UPPER,2.5,,,
2022-08-01,FFR_UPPER,2.5,,,
2022-09-01,FFR_UPPER,3.25,,,
2022-10-01,FFR_UPPER,3.25,,,
2022-11-01,FFR_UPPER,4.0,,,
2022-12-01,FFR_UPPER,4.5,,,
2023-01-01,FFR_UPPER,4.5,,,
2023-02-01,FFR_UPPER,4.75,,,
2023-03-01,FFR_UPPER,5.0,,,
2023-04-01,FFR_UPPER,5.0,,,
2023-05-01,FFR_UPPER,5.25,,,
2023-06-01,FFR_UPPER,5.25,,,
2023-07-01,FFR_UPPER,5.5,,,
2023-08-01,FFR_UPPER,5.5,,,
2023-09-01,FFR_UPPER,5.5,,,
2023-10-01,FFR_UPPER,5.5,,,
2023-11-01,FFR_UPPER,5.5,,,
2023-12-01,FFR_UPPER,5.5,,,
2024-01-01,FFR_UPPER,5.5,,,
2024-02-01,FFR_UPPER,5.5,,,
2024-03-01,FFR_UPPER,5.5,,,
2024-04-01,FFR_UPPER,5.5,,,
2024-05-01,FFR_UPPER,5.5,,,
2024-06-01,FFR_UPPER,5.5,,,
2024-07-01,FFR_UPPER,5.5,,,
2024-08-01,FFR_UPPER,5.5,,,
2024-09-01,FFR_UPPER,5.0,,,
2024-10-01,FFR_UPPER,5.0,,,
2024-11-01,FFR_UPPER,4.75,,,
2024-12-01,FFR_UPPER,4.5,,,
2025-01-01,FFR_UPPER,4.5,,,
2025-02-01,FFR_UPPER,4.5,,,
2025-03-01,FFR_UPPER,4.5,,,
2025-04-01,FFR_UPPER,4.5,,,
2025-05-01,FFR_UPPER,4.5,,,
2025-06-01,FFR_UPPER,4.5,,,
2025-07-01,FFR_UPPER,4.5,,,
2025-08-01,FFR_UPPER,4.5,,,
2025-09-01,FFR_UPPER,4.25,,,
2025-10-01,FFR_UPPER,4.0,,,
2025-11-01,FFR_UPPER,4.0,,,
2025-12-01,FFR_UPPER,3.75,,,
2026-01-01,FFR_UPPER,3.75,,,
2026-02-01,FFR_UPPER,3.75,,,
2026-03-01,FFR_UPPER,3.75,,,
2026-04-01,FFR_UPPER,3.75,,,
2026-05-01,FFR_UPPER,3.75,,,
2026-06-01,FFR_UPPER,3.75,,,
2026-07-01,FFR_UPPER,3.75,,,
2026-08-01,FFR_UPPER,3.75,,,
2026-09-01,FFR_UPPER,4.0,,,
2013-01-01,RATE_DIFF_IN_US,7.5,,,
2013-02-01,RATE_DIFF_IN_US,7.5,,,
2013-03-01,RATE_DIFF_IN_US,7.25,,,
2013-04-01,RATE_DIFF_IN_US,7.25,,,
2013-05-01,RATE_DIFF_IN_US,7.0,,,
2013-06-01,RATE_DIFF_IN_US,7.0,,,
2013-07-01,RATE_DIFF_IN_US,7.0,,,
2013-08-01,RATE_DIFF_IN_US,7.0,,,
2013-09-01,RATE_DIFF_IN_US,7.25,,,
2013-10-01,RATE_DIFF_IN_US,7.5,,,
2013-11-01,RATE_DIFF_IN_US,7.5,,,
2013-12-01,RATE_DIFF_IN_US,7.5,,,
2014-01-01,RATE_DIFF_IN_US,7.75,,,
2014-02-01,RATE_DIFF_IN_US,7.75,,,
2014-03-01,RATE_DIFF_IN_US,7.75,,,
2014-04-01,RATE_DIFF_IN_US,7.75,,,
2014-05-01,RATE_DIFF_IN_US,7.75,,,
2014-06-01,RATE_DIFF_IN_US,7.75,,,
2014-07-01,RATE_DIFF_IN_US,7.75,,,
2014-08-01,RATE_DIFF_IN_US,7.75,,,
2014-09-01,RATE_DIFF_IN_US,7.75,,,
2014-10-01,RATE_DIFF_IN_US,7.75,,,
2014-11-01,RATE_DIFF_IN_US,7.75,,,
2014-12-01,RATE_DIFF_IN_US,7.75,,,
2015-01-01,RATE_DIFF_IN_US,7.5,,,
2015-02-01,RATE_DIFF_IN_US,7.5,,,
2015-03-01,RATE_DIFF_IN_US,7.25,,,
2015-04-01,RATE_DIFF_IN_US,7.25,,,
2015-05-01,RATE_DIFF_IN_US,7.25,,,
2015-06-01,RATE_DIFF_IN_US,7.0,,,
2015-07-01,RATE_DIFF_IN_US,7.0,,,
2015-08-01,RATE_DIFF_IN_US,7.0,,,
2015-09-01,RATE_DIFF_IN_US,6.5,,,
2015-10-01,RATE_DIFF_IN_US,6.5,,,
2015-11-01,RATE_DIFF_IN_US,6.5,,,
2015-12-01,RATE_DIFF_IN_US,6.25,,,
2016-01-01,RATE_DIFF_IN_US,6.25,,,
2016-02-01,RATE_DIFF_IN_US,6.25,,,
2016-03-01,RATE_DIFF_IN_US,6.25,,,
2016-04-01,RATE_DIFF_IN_US,6.0,,,
2016-05-01,RATE_DIFF_IN_US,6.0,,,
2016-06-01,RATE_DIFF_IN_US,6.0,,,
2016-07-01,RATE_DIFF_IN_US,6.0,,,
2016-08-01,RATE_DIFF_IN_US,6.0,,,
2016-09-01,RATE_DIFF_IN_US,6.0,,,
2016-10-01,RATE_DIFF_IN_US,5.75,,,
2016-11-01,RATE_DIFF_IN_US,5.75,,,
2016-12-01,RATE_DIFF_IN_US,5.5,,,
2017-01-01,RATE_DIFF_IN_US,5.5,,,
2017-02-01,RATE_DIFF_IN_US,5.5,,,
2017-03-01,RATE_DIFF_IN_US,5.25,,,
2017-04-01,RATE_DIFF_IN_US,5.25,,,
2017-05-01,RATE_DIFF_IN_US,5.25,,,
2017-06-01,RATE_DIFF_IN_US,5.0,,,
2017-07-01,RATE_DIFF_IN_US,5.0,,,
2017-08-01,RATE_DIFF_IN_US,4.75,,,
2017-09-01,RATE_DIFF_IN_US,4.75,,,
2017-10-01,RATE_DIFF_IN_US,4.75,,,
2017-11-01,RATE_DIFF_IN_US,4.75,,,
2017-12-01,RATE_DIFF_IN_US,4.5,,,
2018-01-01,RATE_DIFF_IN_US,4.5,,,
2018-02-01,RATE_DIFF_IN_US,4.5,,,
2018-03-01,RATE_DIFF_IN_US,4.25,,,
2018-04-01,RATE_DIFF_IN_US,4.25,,,
2018-05-01,RATE_DIFF_IN_US,4.25,,,
2018-06-01,RATE_DIFF_IN_US,4.25,,,
2018-07-01,RATE_DIFF_IN_US,4.25,,,
2018-08-01,RATE_DIFF_IN_US,4.5,,,
2018-09-01,RATE_DIFF_IN_US,4.25,,,
2018-10-01,RATE_DIFF_IN_US,4.25,,,
2018-11-01,RATE_DIFF_IN_US,4.25,,,
2018-12-01,RATE_DIFF_IN_US,4.0,,,
2019-01-01,RATE_DIFF_IN_US,4.0,,,
2019-02-01,RATE_DIFF_IN_US,3.75,,,
2019-03-01,RATE_DIFF_IN_US,3.75,,,
2019-04-01,RATE_DIFF_IN_US,3.5,,,
2019-05-01,RATE_DIFF_IN_US,3.5,,,
2019-06-01,RATE_DIFF_IN_US,3.25,,,
2019-07-01,RATE_DIFF_IN_US,3.25,,,
2019-08-01,RATE_DIFF_IN_US,3.1500000000000004,,,
2019-09-01,RATE_DIFF_IN_US,3.4000000000000004,,,
2019-10-01,RATE_DIFF_IN_US,3.4000000000000004,,,
2019-11-01,RATE_DIFF_IN_US,3.4000000000000004,,,
2019-12-01,RATE_DIFF_IN_US,3.4000000000000004,,,
2020-01-01,RATE_DIFF_IN_US,3.4000000000000004,,,
2020-02-01,RATE_DIFF_IN_US,3.4000000000000004,,,
2020-03-01,RATE_DIFF_IN_US,4.15,,,
2020-04-01,RATE_DIFF_IN_US,4.15,,,
2020-05-01,RATE_DIFF_IN_US,3.75,,,
2020-06-01,RATE_DIFF_IN_US,3.75,,,
2020-07-01,RATE_DIFF_IN_US,3.75,,,
2020-08-01,RATE_DIFF_IN_US,3.75,,,
2020-09-01,RATE_DIFF_IN_US,3.75,,,
2020-10-01,RATE_DIFF_IN_US,3.75,,,
2020-11-01,RATE_DIFF_IN_US,3.75,,,
2020-12-01,RATE_DIFF_IN_US,3.75,,,
2021-01-01,RATE_DIFF_IN_US,3.75,,,
2021-02-01,RATE_DIFF_IN_US,3.75,,,
2021-03-01,RATE_DIFF_IN_US,3.75,,,
2021-04-01,RATE_DIFF_IN_US,3.75,,,
2021-05-01,RATE_DIFF_IN_US,3.75,,,
2021-06-01,RATE_DIFF_IN_US,3.75,,,
2021-07-01,RATE_DIFF_IN_US,3.75,,,
2021-08-01,RATE_DIFF_IN_US,3.75,,,
2021-09-01,RATE_DIFF_IN_US,3.75,,,
2021-10-01,RATE_DIFF_IN_US,3.75,,,
2021-11-01,RATE_DIFF_IN_US,3.75,,,
2021-12-01,RATE_DIFF_IN_US,3.75,,,
2022-01-01,RATE_DIFF_IN_US,3.75,,,
2022-02-01,RATE_DIFF_IN_US,3.75,,,
2022-03-01,RATE_DIFF_IN_US,3.5,,,
2022-04-01,RATE_DIFF_IN_US,3.5,,,
2022-05-01,RATE_DIFF_IN_US,3.4000000000000004,,,
2022-06-01,RATE_DIFF_IN_US,3.1500000000000004,,,
2022-07-01,RATE_DIFF_IN_US,2.4000000000000004,,,
2022-08-01,RATE_DIFF_IN_US,2.9000000000000004,,,
2022-09-01,RATE_DIFF_IN_US,2.6500000000000004,,,
2022-10-01,RATE_DIFF_IN_US,2.6500000000000004,,,
2022-11-01,RATE_DIFF_IN_US,1.9000000000000004,,,
2022-12-01,RATE_DIFF_IN_US,1.75,,,
2023-01-01,RATE_DIFF_IN_US,1.75,,,
2023-02-01,RATE_DIFF_IN_US,1.75,,,
2023-03-01,RATE_DIFF_IN_US,1.5,,,
2023-04-01,RATE_DIFF_IN_US,1.5,,,
2023-05-01,RATE_DIFF_IN_US,1.25,,,
2023-06-01,RATE_DIFF_IN_US,1.25,,,
2023-07-01,RATE_DIFF_IN_US,1.0,,,
2023-08-01,RATE_DIFF_IN_US,1.0,,,
2023-09-01,RATE_DIFF_IN_US,1.0,,,
2023-10-01,RATE_DIFF_IN_US,1.0,,,
2023-11-01,RATE_DIFF_IN_US,1.0,,,
2023-12-01,RATE_DIFF_IN_US,1.0,,,
2024-01-01,RATE_DIFF_IN_US,1.0,,,
2024-02-01,RATE_DIFF_IN_US,1.0,,,
2024-03-01,RATE_DIFF_IN_US,1.0,,,
2024-04-01,RATE_DIFF_IN_US,1.0,,,
2024-05-01,RATE_DIFF_IN_US,1.0,,,
2024-06-01,RATE_DIFF_IN_US,1.0,,,
2024-07-01,RATE_DIFF_IN_US,1.0,,,
2024-08-01,RATE_DIFF_IN_US,1.0,,,
2024-09-01,RATE_DIFF_IN_US,1.5,,,
2024-10-01,RATE_DIFF_IN_US,1.5,,,
2024-11-01,RATE_DIFF_IN_US,1.75,,,
2024-12-01,RATE_DIFF_IN_US,2.0,,,
2025-01-01,RATE_DIFF_IN_US,2.0,,,
2025-02-01,RATE_DIFF_IN_US,1.75,,,
2025-03-01,RATE_DIFF_IN_US,1.75,,,
2025-04-01,RATE_DIFF_IN_US,1.5,,,
2025-05-01,RATE_DIFF_IN_US,1.5,,,
2025-06-01,RATE_DIFF_IN_US,1.0,,,
2025-07-01,RATE_DIFF_IN_US,1.0,,,
2025-08-01,RATE_DIFF_IN_US,1.0,,,
2025-09-01,RATE_DIFF_IN_US,1.25,,,
2025-10-01,RATE_DIFF_IN_US,1.5,,,
2025-11-01,RATE_DIFF_IN_US,1.5,,,
2025-12-01,RATE_DIFF_IN_US,1.5,,,
2026-01-01,RATE_DIFF_IN_US,1.5,,,
2026-02-01,RATE_DIFF_IN_US,1.5,,,
2026-03-01,RATE_DIFF_IN_US,1.5,,,
2026-04-01,RATE_DIFF_IN_US,1.5,,,
2026-05-01,RATE_DIFF_IN_US,1.5,,,
2026-06-01,RATE_DIFF_IN_US,1.5,,,
2026-07-01,RATE_DIFF_IN_US,1.5,,,
2026-08-01,RATE_DIFF_IN_US,1.5,,,
2026-09-01,RATE_DIFF_IN_US,1.25,,,
