observation_date,CPIAUCSL,TRESEGINM052N,INDCPIALLMINMEI
1950-12-01,,1810.0000000000,
1951-01-01,,,
1951-02-01,,,
1951-03-01,,,
1951-04-01,,,
1951-05-01,,,
1951-06-01,,,
1951-07-01,,,
1951-08-01,,,
1951-09-01,,,
1951-10-01,,,
1951-11-01,,,
1951-12-01,,1699.0000000000,
1952-01-01,,,
1952-02-01,,,
1952-03-01,,,
1952-04-01,,,
1952-05-01,,,
1952-06-01,,,
1952-07-01,,,
1952-08-01,,,
1952-09-01,,,
1952-10-01,,,
1952-11-01,,,
1952-12-01,,1550.0000000000,
1953-01-01,,,
1953-02-01,,,
1953-03-01,,,
1953-04-01,,,
1953-05-01,,,
1953-06-01,,,
1953-07-01,,,
1953-08-01,,,
1953-09-01,,,
1953-10-01,,,
1953-11-01,,,
1953-12-01,,1615.0000000000,
1954-01-01,,,
1954-02-01,,,
1954-03-01,,,
1954-04-01,,,
1954-05-01,,,
1954-06-01,,,
1954-07-01,,,
1954-08-01,,,
1954-09-01,,,
1954-10-01,,,
1954-11-01,,,
1954-12-01,,1621.0000000000,
1955-01-01,,,
1955-02-01,,,
1955-03-01,,,
1955-04-01,,,
1955-05-01,,,
1955-06-01,,,
1955-07-01,,,
1955-08-01,,,
1955-09-01,,,
1955-10-01,,,
1955-11-01,,,
1955-12-01,,1635.0000000000,
1956-01-01,,,
1956-02-01,,,
1956-03-01,,,
1956-04-01,,,
1956-05-01,,,
1956-06-01,,,
1956-07-01,,,
1956-08-01,,,
1956-09-01,,,
1956-10-01,,,
1956-11-01,,,
1956-12-01,,1216.5100000000,
1957-01-01,,1168.5100000000,1.4713879999999999
1957-02-01,,1159.0000000000,1.4713879999999999
1957-03-01,,1184.0000000000,1.4713879999999999
1957-04-01,,1121.0000000000,1.5005240000000000
1957-05-01,,1033.0000000000,1.5114500000000000
1957-06-01,,1027.0000000000,1.5405860000000000
1957-07-01,,921.0000000000,1.5405860000000000
1957-08-01,,876.0000000000,1.5551549999999998
1957-09-01,,815.0000000000,1.5660810000000001
1957-10-01,,770.0000000000,1.5551549999999998
1957-11-01,,735.0000000000,1.5660810000000001
1957-12-01,,695.0000000000,1.5551549999999998
1958-01-01,,672.0000000000,1.5260180000000001
1958-02-01,,664.0000000000,1.5114500000000000
1958-03-01,,638.0000000000,1.5114500000000000
1958-04-01,,629.0000000000,1.5260180000000001
1958-05-01,,585.0000000000,1.5551549999999998
1958-06-01,,534.0000000000,1.5952170000000001
1958-07-01,,480.0000000000,1.6352799999999998
1958-08-01,,468.0000000000,1.6498480000000000
1958-09-01,,457.0000000000,1.6644159999999999
1958-10-01,,447.0000000000,1.6899099999999998
1958-11-01,,458.0000000000,1.6789840000000000
1958-12-01,,475.0000000000,1.6352799999999998
1959-01-01,,482.0000000000,1.6097850000000000
1959-02-01,,532.0000000000,1.6243540000000001
1959-03-01,,549.0000000000,1.6097850000000000
1959-04-01,,523.0000000000,1.6097850000000000
1959-05-01,,511.0000000000,1.6352799999999998
1959-06-01,,501.0000000000,1.6644159999999999
1959-07-01,,487.0000000000,1.7044790000000001
1959-08-01,,492.0000000000,1.7190470000000002
1959-09-01,,492.0000000000,1.7044790000000001
1959-10-01,,536.0000000000,1.7336149999999999
1959-11-01,,546.0000000000,1.7336149999999999
1959-12-01,,567.0000000000,1.7044790000000001
1960-01-01,,565.0000000000,1.6789840000000000
1960-02-01,,525.0000000000,1.6789840000000000
1960-03-01,,515.0000000000,1.6644159999999999
1960-04-01,,496.0000000000,1.6789840000000000
1960-05-01,,465.0000000000,1.6899099999999998
1960-06-01,,440.0000000000,1.7044790000000001
1960-07-01,,426.0000000000,1.7336149999999999
1960-08-01,,406.0000000000,1.7336149999999999
1960-09-01,,400.0000000000,1.7190470000000002
1960-10-01,,409.0000000000,1.7190470000000002
1960-11-01,,430.0000000000,1.7044790000000001
1960-12-01,,423.0000000000,1.7044790000000001
1961-01-01,,418.0000000000,1.6899099999999998
1961-02-01,,427.0000000000,1.6899099999999998
1961-03-01,,391.0000000000,1.7044790000000001
1961-04-01,,360.0000000000,1.7044790000000001
1961-05-01,,374.0000000000,1.7044790000000001
1961-06-01,,345.1500000000,1.7190470000000002
1961-07-01,,299.1500000000,1.7481830000000005
1961-08-01,,388.0000000000,1.7591090000000000
1961-09-01,,367.0000000000,1.7591090000000000
1961-10-01,,389.0000000000,1.7591090000000000
1961-11-01,,406.0000000000,1.7591090000000000
1961-12-01,,418.0000000000,1.7591090000000000
1962-01-01,,392.0000000000,1.7481830000000005
1962-02-01,,388.0000000000,1.7481830000000005
1962-03-01,,378.0000000000,1.7481830000000005
1962-04-01,,329.0000000000,1.7591090000000000
1962-05-01,,279.0000000000,1.7736780000000001
1962-06-01,,260.0000000000,1.7882460000000000
1962-07-01,,264.0000000000,1.8137399999999999
1962-08-01,,258.0000000000,1.8283080000000005
1962-09-01,,269.0000000000,1.8283080000000005
1962-10-01,,269.0000000000,1.8428760000000000
1962-11-01,,256.0000000000,1.8283080000000005
1962-12-01,,265.0000000000,1.8028139999999999
1963-01-01,,287.0000000000,1.7882460000000000
1963-02-01,,338.0000000000,1.7736780000000001
1963-03-01,,373.0000000000,1.7882460000000000
1963-04-01,,372.0000000000,1.8028139999999999
1963-05-01,,397.0000000000,1.8137399999999999
1963-06-01,,360.0000000000,1.8428760000000000
1963-07-01,,304.0000000000,1.8574450000000000
1963-08-01,,293.0000000000,1.8720129999999999
1963-09-01,,314.0000000000,1.8829389999999999
1963-10-01,,337.0000000000,1.8975070000000001
1963-11-01,,328.0000000000,1.8975070000000001
1963-12-01,,360.0000000000,1.9266440000000000
1964-01-01,,353.0000000000,1.9266440000000000
1964-02-01,,373.0000000000,1.9521379999999999
1964-03-01,,395.0000000000,1.9667060000000001
1964-04-01,,398.0000000000,1.9812740000000000
1964-05-01,,418.0000000000,2.0213369999999999
1964-06-01,,338.0000000000,2.0613990000000002
1964-07-01,,269.0000000000,2.1196720000000000
1964-08-01,,268.0000000000,2.1451660000000001
1964-09-01,,279.0000000000,2.1852290000000001
1964-10-01,,274.0000000000,2.2435019999999999
1964-11-01,,255.0000000000,2.2435019999999999
1964-12-01,,251.0000000000,2.2544279999999999
1965-01-01,,210.0000000000,2.2689960000000000
1965-02-01,,219.0000000000,2.2289340000000002
1965-03-01,,244.0000000000,2.1852290000000001
1965-04-01,,244.0000000000,2.1997969999999998
1965-05-01,,230.0000000000,2.2143650000000004
1965-06-01,,238.0000000000,2.2435019999999999
1965-07-01,,205.0000000000,2.3090590000000000
1965-08-01,,213.0000000000,2.3381949999999998
1965-09-01,,226.0000000000,2.3673320000000002
1965-10-01,,262.0000000000,2.3673320000000002
1965-11-01,,298.0000000000,2.3782580000000002
1965-12-01,,319.0000000000,2.3782580000000002
1966-01-01,,337.0000000000,2.3782580000000002
1966-02-01,,370.0000000000,2.3928259999999999
1966-03-01,,383.0000000000,2.3928259999999999
1966-04-01,,567.0000000000,2.4073940000000000
1966-05-01,,554.0000000000,2.4875189999999998
1966-06-01,,532.0000000000,2.5457920000000001
1966-07-01,,438.0000000000,2.5858539999999999
1966-08-01,,417.0000000000,2.6113490000000001
1966-09-01,,414.0000000000,2.6259169999999998
1966-10-01,,387.0000000000,2.6404850000000000
1966-11-01,,363.0000000000,2.6696209999999998
1966-12-01,,365.0000000000,2.7096840000000002
1967-01-01,,350.0000000000,2.7096840000000002
1967-02-01,,379.0000000000,2.7242519999999999
1967-03-01,,395.0000000000,2.7497470000000002
1967-04-01,,400.0000000000,2.7788830000000000
1967-05-01,,391.0000000000,2.8335129999999999
1967-06-01,,372.0000000000,2.9027130000000003
1967-07-01,,350.0000000000,2.9282070000000000
1967-08-01,,346.0000000000,2.9573429999999998
1967-09-01,,336.0000000000,2.9427750000000001
1967-10-01,,341.0000000000,2.9828380000000001
1967-11-01,,334.0000000000,2.9719110000000000
1967-12-01,,419.0000000000,2.9427750000000001
1968-01-01,,458.0000000000,3.0265420000000001
1968-02-01,,484.0000000000,2.9828380000000001
1968-03-01,,475.0000000000,2.9282070000000000
1968-04-01,,483.0000000000,2.9427750000000001
1968-05-01,,495.0000000000,2.9172810000000000
1968-06-01,,477.0000000000,2.9427750000000001
1968-07-01,,476.0000000000,2.9282070000000000
1968-08-01,,471.0000000000,2.9937640000000001
1968-09-01,,511.0000000000,3.0119740000000004
1968-10-01,,533.0000000000,3.0265420000000001
1968-11-01,,490.0000000000,2.9609850000000000
1968-12-01,,439.0000000000,2.8772180000000001
1969-01-01,,435.0000000000,2.8590080000000002
1969-02-01,,466.0000000000,2.8444400000000001
1969-03-01,,526.0000000000,2.8590080000000002
1969-04-01,,596.0000000000,2.8772180000000001
1969-05-01,,611.0000000000,2.9099970000000002
1969-06-01,,595.0000000000,2.9937640000000001
1969-07-01,,617.0000000000,3.0119740000000004
1969-08-01,,626.0000000000,3.0119740000000004
1969-09-01,,647.0000000000,3.0119740000000004
1969-10-01,,671.0000000000,2.9937640000000001
1969-11-01,,722.0000000000,2.9791960000000000
1969-12-01,,683.0000000000,2.9791960000000000
1970-01-01,,778.0000000000,2.9791960000000000
1970-02-01,,783.0000000000,2.9791960000000000
1970-03-01,,851.7300000000,3.0119740000000004
1970-04-01,,852.2000000000,3.0447519999999999
1970-05-01,,883.9000000000,3.0775310000000000
1970-06-01,,873.3600000000,3.1139510000000001
1970-07-01,,854.3600000000,3.1285200000000000
1970-08-01,,842.5100000000,3.1467299999999998
1970-09-01,,837.5100000000,3.1612979999999999
1970-10-01,,882.5100000000,3.1795079999999998
1970-11-01,,869.1800000000,3.1795079999999998
1970-12-01,,763.3200000000,3.1285200000000000
1971-01-01,,840.2000000000,3.0957409999999999
1971-02-01,,819.5600000000,3.0957409999999999
1971-03-01,,809.0600000000,3.0957409999999999
1971-04-01,,865.2000000000,3.0957409999999999
1971-05-01,,886.2000000000,3.0957409999999999
1971-06-01,,883.2000000000,3.1467299999999998
1971-07-01,,880.2000000000,3.1977180000000001
1971-08-01,,874.2000000000,3.2632750000000001
1971-09-01,,885.2000000000,3.2960540000000003
1971-10-01,,916.2100000000,3.2960540000000003
1971-11-01,,891.2100000000,3.3142640000000001
1971-12-01,,942.4395529487,3.2814860000000001
1972-01-01,,1050.6204335830,3.2632750000000001
1972-02-01,,1040.6204335830,3.2450650000000003
1972-03-01,,1012.6204335830,3.2632750000000001
1972-04-01,,1018.3067155424,3.2814860000000001
1972-05-01,,1019.3067155424,3.2960540000000003
1972-06-01,,989.3175727163,3.3798210000000002
1972-07-01,,955.3175727163,3.4490199999999995
1972-08-01,,929.3175727163,3.4817980000000004
1972-09-01,,924.3175727163,3.5000079999999998
1972-10-01,,911.3175727163,3.5145770000000001
1972-11-01,,905.3175727163,3.5327870000000003
1972-12-01,,916.3175727163,3.5327870000000003
1973-01-01,,950.3284298902,3.5327870000000003
1973-02-01,,985.2514631633,3.5837760000000003
1973-03-01,,1018.2514631633,3.6347640000000001
1973-04-01,,1013.7797218020,3.7185310000000000
1973-05-01,,1041.7797218020,3.8350770000000001
1973-06-01,,1110.7797218020,3.9188440000000000
1973-07-01,,1118.7797218020,4.0863779999999998
1973-08-01,,1063.7917852558,4.1555770000000001
1973-09-01,,1026.7917852558,4.1737880000000001
1973-10-01,,960.7917852558,4.2721230000000006
1973-11-01,,881.7917852558,4.3558900000000005
1973-12-01,,848.7917852558,4.3741000000000003
1974-01-01,,882.7917852558,4.4396570000000004
1974-02-01,,1027.4178181886,4.4906449999999998
1974-03-01,,1123.4178181886,4.6254010000000001
1974-04-01,,1145.9863686519,4.7601570000000004
1974-05-01,,1272.5628811057,4.9459010000000001
1974-06-01,,1261.5628811057,5.0624469999999997
1974-07-01,,1167.7428547442,5.2336239999999998
1974-08-01,,1092.2288760406,5.4011580000000006
1974-09-01,,1049.8426348135,5.6196800000000007
1974-10-01,,1179.5704728705,5.6342489999999996
1974-11-01,,1214.4333304666,5.5686920000000004
1974-12-01,,1027.7337777239,5.4849249999999996
1975-01-01,,923.2236335558,5.4849249999999996
1975-02-01,,1027.3783419700,5.4667139999999996
1975-03-01,,1075.0939850466,5.4011580000000006
1975-04-01,,1102.9078362882,5.4339360000000001
1975-05-01,,1000.1679720240,5.4994930000000002
1975-06-01,,908.8130544144,5.5177030000000000
1975-07-01,,909.5321807793,5.4521470000000001
1975-08-01,,1102.5435750796,5.4011580000000006
1975-09-01,,1165.5344451183,5.3683790000000000
1975-10-01,,1291.2737602851,5.3173900000000005
1975-11-01,,1303.0214532976,5.2991809999999999
1975-12-01,,1089.1327998035,5.1462139999999996
1976-01-01,,1319.7267948946,5.0151000000000003
1976-02-01,,1552.7238996385,4.8803449999999993
1976-03-01,,1891.4676868150,4.8111459999999999
1976-04-01,,1718.4359755920,4.8621339999999993
1976-05-01,,1979.7711501071,4.8803449999999993
1976-06-01,,2170.3220407520,4.8949129999999998
1976-07-01,,2386.4815632906,4.9968900000000005
1976-08-01,,2532.2098554837,5.0151000000000003
1976-09-01,,2405.3470334830,5.0806570000000004
1976-10-01,,2506.9003027839,5.1134360000000001
1976-11-01,,2724.3309189678,5.1462139999999996
1976-12-01,,2791.7023390221,5.1462139999999996
1977-01-01,,2911.9048411725,5.1644240000000003
1977-02-01,,3191.6026082246,5.2154129999999999
1977-03-01,,3457.2622845023,5.2481920000000004
1977-04-01,,3842.6732333969,5.2664019999999994
1977-05-01,,4140.6610059691,5.3501690000000002
1977-06-01,,4268.2542177786,5.3829469999999997
1977-07-01,,4102.4254087383,5.4667139999999996
1977-08-01,,4235.4091349314,5.4994930000000002
1977-09-01,,4383.8017920330,5.5686920000000004
1977-10-01,,4561.7751164335,5.5504819999999997
1977-11-01,,4773.4338360872,5.5504819999999997
1977-12-01,,4872.0164717227,5.5504819999999997
1978-01-01,,5099.3049482348,5.4667139999999996
1978-02-01,,5248.2605284636,5.3829469999999997
1978-03-01,,5504.8713860650,5.4011580000000006
1978-04-01,,5749.1128007664,5.4157260000000003
1978-05-01,,5808.6228702046,5.4339360000000001
1978-06-01,,5784.5752891982,5.4994930000000002
1978-07-01,,5756.5379851432,5.5504819999999997
1978-08-01,,5988.4656250406,5.5686920000000004
1978-09-01,,6155.5534209333,5.6524590000000003
1978-10-01,,6429.6689961029,5.7216580000000006
1978-11-01,,6336.3442638271,5.7216580000000006
1978-12-01,,6426.3508173537,5.6342489999999996
1979-01-01,,6686.4361469843,5.5869019999999994
1979-02-01,,6796.0340344824,5.5359129999999999
1979-03-01,,6979.6210453586,5.5869019999999994
1979-04-01,,7183.8817427621,5.6706690000000002
1979-05-01,,7212.7265351970,5.7034480000000007
1979-06-01,,7327.5419224566,5.8054249999999996
1979-07-01,,7333.9686195635,5.9401809999999999
1979-08-01,,7506.4692161023,6.0567260000000003
1979-09-01,,7654.6095650989,6.1077149999999998
1979-10-01,,7364.5711998374,6.1404930000000002
1979-11-01,,7416.1759328962,6.1914819999999997
1979-12-01,,7432.4793649161,6.2934590000000004
1980-01-01,,7638.4656406595,6.2424710000000001
1980-02-01,,7409.7196882461,6.2060500000000003
1980-03-01,,7203.9109164705,6.2752489999999996
1980-04-01,,6966.7383969738,6.3080280000000002
1980-05-01,,7146.8607633571,6.4282159999999999
1980-06-01,,7077.0197345015,6.4937719999999999
1980-07-01,,6764.3198647616,6.6285280000000002
1980-08-01,,7710.4073720980,6.6795169999999997
1980-09-01,,7629.3882207659,6.7632839999999996
1980-10-01,,7370.5090766084,6.8288410000000006
1980-11-01,,7214.7822956640,6.9126080000000005
1980-12-01,,6943.8621800639,6.8652610000000003
1981-01-01,,6995.1119763908,6.9126080000000005
1981-02-01,,6992.3395733218,7.0327950000000001
1981-03-01,,6857.6290875903,7.0655740000000007
1981-04-01,,6486.3659039354,7.1821190000000001
1981-05-01,,6241.8643688188,7.2840970000000000
1981-06-01,,5853.0119328198,7.3860740000000016
1981-07-01,,5418.0824917589,7.5208300000000001
1981-08-01,,5187.7782621016,7.6373749999999996
1981-09-01,,5009.3692365806,7.6701539999999984
1981-10-01,,4886.6849022985,7.7393529999999986
1981-11-01,,5066.2627351905,7.7721309999999999
1981-12-01,,4692.8823718240,7.7393529999999986
1982-01-01,,4771.1657494412,7.7211419999999986
1982-02-01,,4346.4748714103,7.7065740000000016
1982-03-01,,4460.5841505772,7.6883640000000000
1982-04-01,,4765.2424406178,7.7211419999999986
1982-05-01,,4570.4640297409,7.7721309999999999
1982-06-01,,4279.1822410935,7.9068869999999984
1982-07-01,,4524.2314354428,8.0416429999999988
1982-08-01,,4603.6338280756,8.2091770000000004
1982-09-01,,4219.8325871039,8.2273870000000002
1982-10-01,,3979.6020469469,8.2601649999999989
1982-11-01,,4235.5349397726,8.3439329999999998
1982-12-01,,4315.1464052774,8.3621429999999997
1983-01-01,,4421.9389858131,8.3257230000000000
1983-02-01,,4877.5355110646,8.4131320000000009
1983-03-01,,4965.3819783667,8.4459100000000014
1983-04-01,,4927.7275920140,8.5478880000000004
1983-05-01,,5374.2581506855,8.7664100000000005
1983-06-01,,5389.0144448025,8.9667220000000007
1983-07-01,,5297.4571947149,9.1014789999999994
1983-08-01,,5366.9491282972,9.2362350000000006
1983-09-01,,5351.0258930534,9.3200020000000006
1983-10-01,,5572.7086569697,9.3855579999999996
1983-11-01,,5230.1382560882,9.4365469999999991
1983-12-01,,4937.2744601573,9.4037690000000005
1984-01-01,,4943.2337679268,9.4729679999999998
1984-02-01,,5549.5474522364,9.4365469999999991
1984-03-01,,5847.4116772361,9.3855579999999996
1984-04-01,,5925.3403150820,9.4037690000000005
1984-05-01,,5839.5594906030,9.4547580000000000
1984-06-01,,5957.2347148175,9.6550700000000003
1984-07-01,,5919.9611896438,9.8408149999999992
1984-08-01,,5966.8967508438,9.8590250000000008
1984-09-01,,5933.1428571429,9.9100129999999993
1984-10-01,,5913.2951848665,9.9610020000000006
1984-11-01,,5914.9348417543,10.0083500000000001
1984-12-01,,5842.3004154210,9.8918029999999995
1985-01-01,,5435.4792089801,9.8918029999999995
1985-02-01,,5361.7904633983,9.8408149999999992
1985-03-01,,6109.9738309159,9.8590250000000008
1985-04-01,,6374.3547690081,9.9937799999999992
1985-05-01,,6271.7334922053,10.0921199999999995
1985-06-01,,6198.3523140199,10.1940899999999992
1985-07-01,,6063.3753812320,10.3470600000000008
1985-08-01,,6005.9034208565,10.3980499999999996
1985-09-01,,6367.1627133368,10.4126200000000004
1985-10-01,,6502.7582142015,10.5145900000000001
1985-11-01,,6575.7086011631,10.5983599999999996
1985-12-01,,6420.3532513181,10.5983599999999996
1986-01-01,,5937.2794315366,10.5801499999999997
1986-02-01,,5857.0597339251,10.6493500000000001
1986-03-01,,6657.4859822658,10.7331199999999995
1986-04-01,,6956.4328233592,10.8168799999999994
1986-05-01,,6642.2675644162,10.9516399999999994
1986-06-01,,6427.9896021008,11.0681799999999999
1986-07-01,,5976.8754006840,11.2393599999999996
1986-08-01,,5961.1473605445,11.3049199999999992
1986-09-01,,6119.7971169247,11.3741199999999996
1986-10-01,,5869.7609910648,11.5234400000000008
1986-11-01,,5936.1650852053,11.6399899999999992
1986-12-01,,6395.7326581288,11.5744299999999996
1987-01-01,,6254.9173532767,11.5744299999999996
1987-02-01,,6128.1291497054,11.5416500000000006
1987-03-01,,6729.5616265765,11.5416500000000006
1987-04-01,,6496.0825038535,11.6254200000000001
1987-05-01,,6430.5422965584,11.8257300000000001
1987-06-01,,6427.0644122383,12.0296900000000004
1987-07-01,,5955.1822766844,12.1790099999999999
1987-08-01,,5762.5998551699,12.3829600000000006
1987-09-01,,5944.3442102704,12.5322899999999997
1987-10-01,,6140.9701433384,12.6160599999999992
1987-11-01,,6057.6664972318,12.6998200000000008
1987-12-01,,6453.5582431301,12.6524800000000006
1988-01-01,,5646.5549846961,12.6670400000000001
1988-02-01,,5738.9176590677,12.6014900000000001
1988-03-01,,6390.5538615207,12.6670400000000001
1988-04-01,,6197.8948024085,12.8345800000000008
1988-05-01,,5563.9054033766,12.9693299999999994
1988-06-01,,4876.6788990826,13.1550799999999981
1988-07-01,,4674.9900430431,13.3735999999999997
1988-08-01,,4418.0767754319,13.4573699999999992
1988-09-01,,4515.3812325797,13.5593500000000002
1988-10-01,,5081.5773025209,13.8470700000000004
1988-11-01,,4892.8130678946,13.9299800000000005
1988-12-01,,4899.2885037209,13.7641500000000008
1989-01-01,,4382.7063789623,13.6812299999999993
1989-02-01,,4362.9428057934,13.6812299999999993
1989-03-01,,4958.6292384658,13.7641500000000008
1989-04-01,,4535.2961350591,13.8470700000000004
1989-05-01,,4019.4250715085,14.0129000000000001
1989-06-01,,4399.1680127630,14.0958200000000016
1989-07-01,,4262.8842538947,14.2616499999999995
1989-08-01,,3567.2229535171,14.4274799999999992
1989-09-01,,3664.4099338342,14.5933200000000003
1989-10-01,,3861.5954662782,14.5933200000000003
1989-11-01,,3698.3751625739,14.5933200000000003
1989-12-01,,3858.5548137830,14.5104000000000006
1990-01-01,,3615.2029481163,14.4274799999999992
1990-02-01,,4001.4633992178,14.5104000000000006
1990-03-01,,4108.3673543721,14.6762300000000003
1990-04-01,,3772.6060278469,14.9249799999999997
1990-05-01,,3849.2373817552,15.0908200000000008
1990-06-01,,3835.0798559627,15.3395700000000019
1990-07-01,,3533.2248108595,15.6712299999999995
1990-08-01,,3578.7251950716,15.7541499999999992
1990-09-01,,2992.9974933853,15.8370700000000006
1990-10-01,,2533.4943054999,16.1687300000000000
1990-11-01,,2047.9398907104,16.4174799999999976
1990-12-01,,1520.9721728244,16.5003999999999991
1991-01-01,,2734.0041034176,16.7491500000000002
1991-02-01,,2441.8899369282,16.7491500000000002
1991-03-01,,2338.2119902527,16.6662299999999988
1991-04-01,,1448.8423212035,16.7491500000000002
1991-05-01,,1335.0117994100,16.9149799999999999
1991-06-01,,1186.7546862266,17.3295600000000007
1991-07-01,,1403.1260105120,17.7441500000000012
1991-08-01,,1190.2546293201,17.9928999999999988
1991-09-01,,1905.9808481532,18.3245600000000017
1991-10-01,,2464.2773746567,18.4904000000000011
1991-11-01,,2751.9700383840,18.6562300000000008
1991-12-01,,3626.5891373071,18.6562300000000008
1992-01-01,,3902.4426744917,18.9049799999999983
1992-02-01,,4253.0434158197,18.9878999999999998
1992-03-01,,5721.6995884774,18.9878999999999998
1992-04-01,,5636.0827329261,19.1537299999999995
1992-05-01,,5570.4593322814,19.4024800000000006
1992-06-01,,6336.3092038413,19.5683100000000003
1992-07-01,,6557.6018138756,20.0658099999999990
1992-08-01,,6344.1127719205,20.0658099999999990
1992-09-01,,5811.9210557323,20.1487300000000005
1992-10-01,,5497.1695980429,20.2316399999999987
1992-11-01,,4853.6685420528,20.2316399999999987
1992-12-01,,5757.1348605057,20.1487300000000005
1993-01-01,,5625.9725696124,19.9828900000000012
1993-02-01,,5558.0359162779,19.9828900000000012
1993-03-01,,6748.9067020756,20.1487300000000005
1993-04-01,,7329.7186829673,20.3145600000000002
1993-05-01,,6878.5615949741,20.3974800000000016
1993-06-01,,7038.3941037431,20.7291400000000010
1993-07-01,,7201.5727910816,20.9778899999999986
1993-08-01,,7647.9746072499,21.2266399999999997
1993-09-01,,7991.7419970242,21.4753900000000009
1993-10-01,,8372.3007788317,21.7241399999999985
1993-11-01,,8615.0716951058,21.9728899999999996
1993-12-01,,10199.1234718080,21.8899700000000017
1994-01-01,,10937.1723136228,21.8070599999999999
1994-02-01,,13506.5645040545,21.9728899999999996
1994-03-01,,15476.4100373491,22.1387299999999989
1994-04-01,,15435.7791869983,22.3045599999999986
1994-05-01,,15830.2342144426,22.5533099999999997
1994-06-01,,16724.7965100111,22.9678900000000006
1994-07-01,,17886.3165952730,23.2995599999999996
1994-08-01,,17992.3872602244,23.5483100000000007
1994-09-01,,19170.6063719578,23.8799700000000001
1994-10-01,,20163.0890530129,23.9628900000000016
1994-11-01,,19804.8062709771,24.1287200000000013
1994-12-01,,19698.4712694689,23.9628900000000016
1995-01-01,,20081.4376432402,23.9628900000000016
1995-02-01,,20268.2679047233,24.1287200000000013
1995-03-01,,21160.0838127964,24.2945600000000006
1995-04-01,,20890.9322935592,24.4603900000000003
1995-05-01,,20628.0589059402,24.8749700000000011
1995-06-01,,20029.2477241245,25.3724699999999999
1995-07-01,,20233.6515542345,25.9528900000000000
1995-08-01,,19353.5688621235,26.1187199999999997
1995-09-01,,19433.0269314776,26.2845499999999994
1995-10-01,,18109.6781911714,26.4503899999999987
1995-11-01,,17668.7502154916,26.6162199999999984
1995-12-01,,17921.8069130466,26.2845499999999994
1996-01-01,,16666.6954342944,26.1187199999999997
1996-02-01,,16304.7878119850,26.2016400000000012
1996-03-01,,17436.2940375385,26.4503899999999987
1996-04-01,,17407.9025780528,26.8649699999999996
1996-05-01,,17418.0408874057,27.1966399999999986
1996-06-01,,17961.1043448892,27.6112199999999994
1996-07-01,,18342.7436226995,28.1087200000000017
1996-08-01,,18295.8758587415,28.4403800000000011
1996-09-01,,18795.6618865024,28.5232999999999990
1996-10-01,,19560.2502888844,28.6891299999999987
1996-11-01,,19712.1413341038,28.9378799999999998
1996-12-01,,20170.1565055965,29.0208000000000013
1997-01-01,,20172.7864874251,29.0208000000000013
1997-02-01,,19991.3870574598,29.0208000000000013
1997-03-01,,22663.8038677520,29.1037200000000027
1997-04-01,,22991.6297359890,29.3524700000000003
1997-05-01,,24463.7190036980,29.1866300000000010
1997-06-01,,25702.4539366925,29.4353799999999985
1997-07-01,,26348.0718925389,29.6841299999999997
1997-08-01,,26790.2463217548,29.7670500000000011
1997-09-01,,26017.2569301571,29.9328800000000008
1997-10-01,,26570.5750738161,30.2645499999999998
1997-11-01,,24668.9396405561,30.3474700000000013
1997-12-01,,24688.3142945037,30.8449600000000004
1998-01-01,,24807.5770804324,31.8399600000000014
1998-02-01,,24335.1455525970,31.6741300000000017
1998-03-01,,26260.3260603259,31.5082999999999984
1998-04-01,,26554.0639553987,31.7570499999999996
1998-05-01,,25856.9033155774,32.2545500000000018
1998-06-01,,24297.3324704930,33.0837100000000035
1998-07-01,,24339.6206211636,34.0787100000000009
1998-08-01,,25109.6108956101,34.2445400000000006
1998-09-01,,26490.1070536722,34.8249599999999973
1998-10-01,,26994.9566805765,35.9028800000000032
1998-11-01,,26919.3275973672,36.3174599999999970
1998-12-01,,27340.7245834008,35.5712100000000007
1999-01-01,,27772.1355211169,34.8249599999999973
1999-02-01,,28454.1434566256,34.4103800000000035
1999-03-01,,30193.3252437665,34.3274599999999950
1999-04-01,,30278.9038954476,34.4103800000000035
1999-05-01,,31270.9014599177,34.7420400000000029
1999-06-01,,31211.9369868577,34.8249599999999973
1999-07-01,,31434.9714907793,35.1566299999999998
1999-08-01,,31271.4600604928,35.3224599999999995
1999-09-01,,31164.1899292416,35.5712100000000007
1999-10-01,,31263.4424184685,36.2345400000000026
1999-11-01,,31990.3234797829,36.3174599999999970
1999-12-01,,32666.7420418314,35.7370400000000004
2000-01-01,,32611.5002381062,35.7370400000000004
2000-02-01,,33452.9077718403,35.6541300000000021
2000-03-01,,35719.6383320314,35.9857900000000015
2000-04-01,,35645.5270714879,36.3174599999999970
2000-05-01,,35038.7159379962,36.4832899999999967
2000-06-01,,34435.8680065313,36.6491200000000035
2000-07-01,,33949.0225777304,36.8978800000000007
2000-08-01,,33426.3167058541,36.7320400000000049
2000-09-01,,33237.9321021544,36.8149599999999992
2000-10-01,,32724.2856057243,37.2295400000000001
2000-11-01,,36913.9859560645,37.3124600000000015
2000-12-01,,37902.2446457003,36.9807899999999989
2001-01-01,,39003.2263072309,36.8978800000000007
2001-02-01,,39529.8994867579,36.7320400000000049
2001-03-01,,40172.2909582334,36.8978800000000007
2001-04-01,,40449.3107887279,37.1466300000000018
2001-05-01,,40788.1234157568,37.3953699999999998
2001-06-01,,41265.0743639410,37.8928799999999981
2001-07-01,,41574.5514603240,38.3903699999999972
2001-08-01,,43171.1317005492,38.6391199999999984
2001-09-01,,42582.5166965287,38.5562100000000001
2001-10-01,,42943.2474662141,38.8049499999999981
2001-11-01,,44648.0788373863,39.1366200000000006
2001-12-01,,45870.4710839043,38.8878699999999995
2002-01-01,,47173.2317068778,38.7220399999999998
2002-02-01,,48332.8544417901,38.6391199999999984
2002-03-01,,51670.4896512511,38.8049499999999981
2002-04-01,,52738.7569806269,38.8878699999999995
2002-05-01,,53530.0880242334,39.1366200000000006
2002-06-01,,55362.8935974040,39.4682900000000032
2002-07-01,,57359.9350369568,39.8828699999999969
2002-08-01,,58931.7892532471,40.1316199999999981
2002-09-01,,60319.4399384683,40.2145399999999995
2002-10-01,,61880.9248333750,40.3803699999999992
2002-11-01,,64274.9540002357,40.5461999999999989
2002-12-01,,67665.4824920604,40.1316199999999981
2003-01-01,,70567.8882936109,40.0487099999999998
2003-02-01,,69822.1373410503,40.1316199999999981
2003-03-01,,72565.5839439824,40.3803699999999992
2003-04-01,,74933.4921774342,40.8778700000000015
2003-05-01,,78634.6148918919,40.9607900000000029
2003-06-01,,79519.4430130784,41.2095399999999970
2003-07-01,,81920.4370798059,41.5412000000000035
2003-08-01,,83583.2849164550,41.3753699999999967
2003-09-01,,88423.3845070503,41.3753699999999967
2003-10-01,,89886.0674940438,41.7070399999999992
2003-11-01,,93373.5539279319,41.7899499999999975
2003-12-01,,98937.9107823485,41.6241199999999978
2004-01-01,,102096.7704439642,41.7899499999999975
2004-02-01,,105384.1541792843,41.7899499999999975
2004-03-01,,108763.5435995985,41.7899499999999975
2004-04-01,,114300.9945657934,41.7899499999999975
2004-05-01,,115406.8069501586,42.1216200000000001
2004-06-01,,115453.4997074887,42.4532900000000026
2004-07-01,,114261.9788523381,42.8678700000000035
2004-08-01,,114014.2026576569,43.2824499999999972
2004-09-01,,115387.5391516266,43.3653699999999986
2004-10-01,,116985.8861273062,43.6141199999999998
2004-11-01,,123686.4705567041,43.5311999999999983
2004-12-01,,126593.2876433426,43.1995399999999989
2005-01-01,,125068.9191857451,43.6141199999999998
2005-02-01,,131519.8217989846,43.5311999999999983
2005-03-01,,137008.3404009730,43.5311999999999983
2005-04-01,,137392.9342536149,43.8628700000000009
2005-05-01,,134348.7812522585,43.6970299999999980
2005-06-01,,133787.2169407042,43.8628700000000009
2005-07-01,,136017.5285550848,44.6091199999999972
2005-08-01,,139545.5368258473,44.7749499999999969
2005-09-01,,138348.3381368584,44.9407799999999966
2005-10-01,,138710.7242344505,45.4382799999999989
2005-11-01,,137895.9602495087,45.8528599999999997
2005-12-01,,131924.3262870537,45.6041099999999986
2006-01-01,,134686.5560937254,45.5212000000000003
2006-02-01,,136640.0981472366,45.5212000000000003
2006-03-01,,145854.1178337754,45.5212000000000003
2006-04-01,,154362.6510361425,45.9037300000000030
2006-05-01,,156844.6422467700,46.2862599999999986
2006-06-01,,156731.9927644076,47.0513199999999969
2006-07-01,,158019.9918936485,47.4338499999999996
2006-08-01,,159707.6340074367,47.4338499999999996
2006-09-01,,159103.3515823042,47.8163800000000023
2006-10-01,,161326.2434135613,48.5814499999999967
2006-11-01,,168150.2163317000,48.5814499999999967
2006-12-01,,170737.9984444485,48.5814499999999967
2007-01-01,,173635.7206290830,48.5814499999999967
2007-02-01,,187683.4055843040,48.9639799999999994
2007-03-01,,192398.1227871997,48.5814499999999967
2007-04-01,,197375.9749119403,48.9639799999999994
2007-05-01,,201161.1605489250,49.3465100000000021
2007-06-01,,206578.9927510313,49.7290400000000048
2007-07-01,,220222.9674568807,50.4941000000000031
2007-08-01,,221969.3132507962,50.8766299999999987
2007-09-01,,240396.4620496416,50.8766299999999987
2007-10-01,,256883.7856342319,51.2591600000000014
2007-11-01,,265163.0825605063,51.2591600000000014
2007-12-01,,266988.3466732616,51.2591600000000014
2008-01-01,,284034.4837705690,51.2591600000000014
2008-02-01,,291676.7560959504,51.6417000000000002
2008-03-01,,299684.0687071608,52.4067599999999985
2008-04-01,,304725.2303526688,52.7892900000000012
2008-05-01,,305407.2672919280,53.1718199999999968
2008-06-01,,302874.4073094510,53.5543499999999995
2008-07-01,,296437.8545468986,54.7019499999999965
2008-08-01,,286613.4982519431,55.4670100000000019
2008-09-01,,277769.9945201341,55.8495400000000046
2008-10-01,,244499.4006867001,56.6146000000000029
2008-11-01,,239758.7270871370,56.6146000000000029
2008-12-01,,247418.9018571030,56.2320699999999931
2009-01-01,,239684.6946899486,56.6146000000000029
2009-02-01,,239490.8975530232,56.6146000000000029
2009-03-01,,242345.2240443858,56.6146000000000029
2009-04-01,,242657.8427247346,57.3796600000000012
2009-05-01,,252608.2688606662,57.7621899999999968
2009-06-01,,255248.3774160401,58.5272599999999983
2009-07-01,,261864.8659056383,61.2049700000000030
2009-08-01,,267318.2995063770,61.9700399999999973
2009-09-01,,270855.2546897478,62.3525699999999929
2009-10-01,,273460.3208256621,63.1176300000000055
2009-11-01,,269968.5849225825,64.2652199999999993
2009-12-01,,265181.7316772251,64.6477500000000020
2010-01-01,217.488,262903.9151084593,65.7953499999999991
2010-02-01,217.281,260441.9291011551,65.0302800000000047
2010-03-01,217.353,261393.4781335354,65.0302800000000047
2010-04-01,217.403,261413.6859716938,65.0302800000000047
2010-05-01,217.290,254636.4863233939,65.7953499999999991
2010-06-01,217.199,256334.1998816883,66.5604100000000045
2010-07-01,217.605,265512.7823663934,68.0905300000000011
2010-08-01,217.923,263145.0779202359,68.0905300000000011
2010-09-01,218.275,272490.4213496505,68.4730600000000038
2010-10-01,219.035,276456.9892630211,69.2381299999999982
2010-11-01,219.590,270429.7639340620,69.6206600000000009
2010-12-01,220.472,275276.6055056858,70.7682499999999948
2011-01-01,221.187,277726.3266154872,71.9158400000000029
2011-02-01,221.898,279878.0268625847,70.7682499999999948
2011-03-01,223.046,282517.2570871742,70.7682499999999948
2011-04-01,224.093,290407.5009090821,71.1507800000000117
2011-05-01,224.806,287804.8738450456,71.5333100000000002
2011-06-01,224.806,291724.4598331533,72.2983800000000230
2011-07-01,225.395,294418.7487423708,73.8285000000000053
2011-08-01,226.106,294347.9786524024,74.2110300000000223
2011-09-01,226.597,283820.5334846859,75.3586200000000019
2011-10-01,226.750,290334.8244488356,75.7411599999999936
2011-11-01,227.169,280841.4406684727,76.1236899999999963
2011-12-01,227.223,271285.4215521384,75.3586200000000019
2012-01-01,227.842,267267.9411380310,75.7411599999999936
2012-02-01,228.329,269029.4349784646,76.1236899999999963
2012-03-01,228.807,268720.6809690771,76.8887500000000017
2012-04-01,229.187,269568.9600107918,78.4188699999999983
2012-05-01,228.713,261740.3432446359,78.8014000000000010
2012-06-01,228.524,265327.6954002835,79.5664699999999954
2012-07-01,228.590,265145.8385760742,81.0965900000000062
2012-08-01,229.918,266324.6092834965,81.8616499999999974
2012-09-01,231.015,268824.5439437317,82.2441800000000001
2012-10-01,231.638,269208.1922272034,83.0092499999999944
2012-11-01,231.249,268828.8317078456,83.3917800000000113
2012-12-01,231.221,270586.5069171846,83.7743099999999998
2013-01-01,231.679,270765.0327519005,84.5393699999999910
2013-02-01,232.937,266795.0405032266,85.3044300000000106
2013-03-01,232.282,268506.7833584399,85.6869599999999991
2013-04-01,231.797,272057.7115785939,86.4520300000000219
2013-05-01,231.893,267186.3985828406,87.2170899999999989
2013-06-01,232.445,263126.4412126116,88.3646800000000070
2013-07-01,232.900,259061.2931137395,89.8948099999999783
2013-08-01,233.456,256039.5298162577,90.6598699999999980
2013-09-01,233.544,257753.2810602818,91.0424000000000007
2013-10-01,233.669,262567.8217465063,92.1899899999999946
2013-11-01,234.100,272378.0091624218,92.9550600000000031
2013-12-01,234.719,276493.2670923738,91.4249300000000034
2014-01-01,235.288,273388.1592724818,90.6598699999999980
2014-02-01,235.547,275731.1048558130,91.0424000000000007
2014-03-01,236.028,285031.6676485117,91.4249300000000034
2014-04-01,236.468,292401.9494356026,92.5725300000000004
2014-05-01,236.918,293860.5460018609,93.3375900000000058
2014-06-01,237.231,298024.4460089414,94.1026499999999970
2014-07-01,237.498,301131.7971170087,96.3978299999999990
2014-08-01,237.460,299915.8891835650,96.7803600000000017
2014-09-01,237.477,296204.4844455284,96.7803600000000017
2014-10-01,237.430,298472.8806980663,96.7803600000000017
2014-11-01,236.983,298852.1735298734,96.7803600000000017
2014-12-01,236.252,303454.8749272700,96.7803600000000017
2015-01-01,234.747,310606.5163301843,97.1628999999999934
2015-02-01,235.342,319300.4885468092,96.7803600000000017
2015-03-01,235.976,323824.8291685807,97.1628999999999934
2015-04-01,236.222,333725.5036945151,97.9279599999999988
2015-05-01,237.001,334317.6921386608,98.6930200000000042
2015-06-01,237.657,338106.6663673441,99.8406099999999981
2015-07-01,238.034,336336.7366987448,100.6056999999999988
2015-08-01,238.033,334620.8091691186,100.9882000000000062
2015-09-01,237.498,333344.7986545899,101.7532999999999959
2015-10-01,237.733,336654.2461370837,102.9008999999999929
2015-11-01,238.017,333851.9540050084,103.2834000000000003
2015-12-01,237.761,334310.9930251884,102.9008999999999929
2016-01-01,237.652,333077.5921737024,102.9008999999999929
2016-02-01,237.336,330199.4053241946,102.1358000000000033
2016-03-01,238.080,341189.2700798519,102.5182999999999964
2016-04-01,238.992,344140.7161690705,103.6658999999999935
2016-05-01,239.557,342399.0705308493,105.1959999999999980
2016-06-01,240.222,344029.5470949927,105.9611000000000018
2016-07-01,240.101,346011.7643496187,107.1086999999999989
2016-08-01,240.545,346250.4561215532,106.3435999999999950
2016-09-01,241.176,351667.2923203448,105.9611000000000018
2016-10-01,241.741,346822.9983555302,106.3435999999999950
2016-11-01,242.026,341975.7173939801,105.9611000000000018
2016-12-01,242.637,341145.1946923631,105.1959999999999980
2017-01-01,243.618,344544.9247719886,104.8135000000000048
2017-02-01,244.006,345181.1758998174,104.8135000000000048
2017-03-01,243.892,350923.6076402506,105.1959999999999980
2017-04-01,244.193,353698.2653010083,105.9611000000000018
2017-05-01,244.004,360819.6896978859,106.3435999999999950
2017-06-01,244.163,366986.7619843135,107.1086999999999989
2017-07-01,244.243,374514.7350025762,109.0213999999999999
2017-08-01,245.183,377934.6603293904,109.0213999999999999
2017-09-01,246.435,379771.1357678860,109.0213999999999999
2017-10-01,246.626,379329.7434796033,109.7864000000000004
2017-11-01,247.284,382005.6833289219,110.1689999999999969
2017-12-01,247.805,389350.1479121338,109.4038999999999930
2018-01-01,248.859,401550.0659680832,110.1689999999999969
2018-02-01,249.529,400132.9039010464,109.7864000000000004
2018-03-01,249.577,403750.6607822373,109.7864000000000004
2018-04-01,250.227,399532.8232140700,110.1689999999999969
2018-05-01,250.792,391849.9983583844,110.5515000000000043
2018-06-01,251.018,385400.0775111541,111.3165000000000049
2018-07-01,251.214,383776.8959723016,115.1419000000000068
2018-08-01,251.663,380573.7399033883,115.1419000000000068
2018-09-01,252.182,380813.0694537453,115.1419000000000068
2018-10-01,252.772,371888.8060877125,115.5244000000000000
2018-11-01,252.594,373187.9689807842,115.5244000000000000
2018-12-01,252.767,374425.1871835080,115.1419000000000068
2019-01-01,252.561,378006.4287110781,117.4369999999999976
2019-02-01,253.319,379583.8342397808,117.4369999999999976
2019-03-01,254.277,390267.6777629451,118.2021000000000015
2019-04-01,255.233,396238.1766839887,119.3496999999999986
2019-05-01,255.296,399309.6083261927,120.1148000000000025
2019-06-01,255.213,405936.7702127024,120.8798000000000030
2019-07-01,255.802,403714.7365460517,122.0274000000000001
2019-08-01,256.036,401408.3857197943,122.4098999999999933
2019-09-01,256.430,407452.4531192852,123.1749999999999972
2019-10-01,257.155,418505.1218817366,124.3225999999999942
2019-11-01,257.879,424853.3076903011,125.4702000000000055
2019-12-01,258.630,432378.3845239692,126.2352999999999952
2020-01-01,259.127,442647.7139312240,126.2352999999999952
2020-02-01,259.250,451702.9054675404,125.4702000000000055
2020-03-01,258.076,447527.4441196710,124.7051000000000016
2020-04-01,256.032,449107.9959661214,125.8526999999999987
2020-05-01,255.802,460963.5369406314,126.2352999999999952
2020-06-01,257.042,472094.3074183697,127.0002999999999957
2020-07-01,258.352,497249.2625508705,128.5303999999999860
2020-08-01,259.316,505303.5654792023,129.2955000000000041
2020-09-01,259.997,508526.9454232154,130.1178999999999917
2020-10-01,260.319,523969.5585234248,131.6603000000000065
2020-11-01,260.911,539921.5085992950,132.1009999999999991
2020-12-01,262.045,549086.8680748652,130.8891000000000133
2021-01-01,262.687,554103.7987820038,130.2279999999999802
2021-02-01,263.579,549399.4096628075,131.1093999999999937
2021-03-01,264.961,543284.1055792198,131.7704999999999984
2021-04-01,266.614,552737.3451469374,132.3214000000000112
2021-05-01,268.383,560787.7258979689,132.8722999999999956
2021-06-01,270.654,575510.5792210300,134.0842000000000098
2021-07-01,271.903,582672.0864731920,135.2960999999999956
2021-08-01,272.676,603136.2428272762,135.5165000000000077
2021-09-01,273.910,598057.1210068922,135.8470000000000084
2021-10-01,276.550,602272.9253405688,137.6098000000000070
2021-11-01,278.919,599403.7303765339,138.4911999999999921
2021-12-01,280.845,594356.4840085487,138.1606999999999914
2022-01-01,282.543,591020.1800199442,137.8301999999999907
2022-02-01,284.500,590657.7179543489,137.7199999999999989
2022-03-01,287.674,564868.3496422351,138.8217999999999961
2022-04-01,288.561,554647.5255724041,140.6947000000000116
2022-05-01,291.298,562226.7185950290,142.1270000000000095
2022-06-01,294.957,548773.9848661596,142.3473999999999933
2022-07-01,294.913,534690.4129986393,143.1185999999999865
2022-08-01,295.097,520844.7558656284,143.4491999999999905
2022-09-01,296.349,495189.2496051697,144.6611000000000047
2022-10-01,298.007,496564.0139463198,145.9832000000000107
2022-11-01,298.786,513369.4160423274,145.9832000000000107
2022-12-01,298.832,521419.3839576100,145.7627999999999986
2023-01-01,300.420,530592.7187835735,146.3137000000000114
2023-02-01,301.450,521182.6282926304,146.2035999999999945
2023-03-01,301.821,533279.8183173318,146.8645999999999958
2023-04-01,302.845,544545.9525229732,147.8562000000000012
2023-05-01,303.334,545704.7296607002,148.4071000000000140
2023-06-01,304.014,551201.1058225575,150.2801000000000045
2023-07-01,304.609,560733.7501759918,153.9158999999999935
2023-08-01,306.082,553212.3304774089,153.3650000000000091
2023-09-01,307.276,544405.4482623904,151.4920000000000186
2023-10-01,307.696,542079.5440715100,152.4835999999999956
2023-11-01,308.148,556543.0689485712,153.2547999999999888
2023-12-01,308.741,574508.7890798830,152.9242999999999881
2024-01-01,309.698,572003.9131293512,153.0345000000000084
2024-02-01,310.967,577133.1148335566,153.3650000000000091
2024-03-01,312.345,593744.0118690542,153.0345000000000084
2024-04-01,313.023,584311.1562429786,153.5852999999999895
2024-05-01,313.175,595021.5549090067,154.1362000000000023
2024-06-01,313.044,595473.4339699339,155.7889000000000124
2024-07-01,313.569,612132.4834865757,157.2212000000000103
2024-08-01,314.062,620488.4630147265,157.1109999999999900
2024-09-01,314.732,640051.7040876840,157.8822000000000116
2024-10-01,315.631,612406.9933615507,159.2042999999999893
2024-11-01,316.528,592220.8181869639,159.2042999999999893
2024-12-01,317.604,569544.2795053157,158.3229000000000042
2025-01-01,318.961,559693.6301498095,157.7720000000000198
2025-02-01,319.679,565369.2043951096,157.3312999999999988
2025-03-01,319.785,590192.6469987696,157.5517000000000110
2025-04-01,320.302,604297.1721817167,
2025-05-01,320.620,607890.8349966489,
2025-06-01,321.435,614818.1658092883,
2025-07-01,322.169,605883.8946697812,
2025-08-01,323.291,608042.1458108865,
2025-09-01,324.245,602643.6848127457,
2025-10-01,,587985.1497333471,
2025-11-01,325.063,581189.4126638076,
2025-12-01,326.031,576448.9513667090,
2026-01-01,326.588,584638.9998012318,
2026-02-01,327.460,596852.3033294611,
2026-03-01,330.293,575692.8475779619,
2026-04-01,332.407,575504.3959861646,
2026-05-01,333.979,570524.1366495116,
2026-06-01,332.568,566002.4051291485,
2026-07-01,332.813,588163.2609846845,
2026-08-01,334.131,,
