event_id,event_name,short_name,event_type,affected_region,india_direct,event_start_date,event_end_date,end_date_basis,anchor_date,anchor_rule,timing_note,source_org,source_title,source_url,source_pub_date,source_type,selection_rationale,known_concurrent_factors
E01,Russia authorises force in Ukraine / Crimea annexation,Crimea annexation,Interstate military intervention & annexation,Eastern Europe (Ukraine/Russia),N,2014-03-01,2014-03-18,Kremlin address and treaty on Crimea accession (18 Mar 2014),2014-03-01,First Indian FX trading day on/after event_start_date,Federation Council vote on Saturday 1 Mar 2014; first Indian trading day is Mon 3 Mar 2014,Radio Free Europe/Radio Liberty,Russia OKs Use Of Force In Ukraine,https://www.rferl.org/a/ukraine-crimea-forces-russian/25281291.html,2014-03-01,Wire/news (quotes official vote),First post-2013 use of force by a major power in Europe; unambiguous official date (parliamentary authorisation); involves a major energy exporter,Post-'taper tantrum' INR recovery through early 2014; Indian general election campaign (results 16 May 2014 fall inside +90 window); US Fed QE taper in progress
E02,Indian Army cross-LoC 'surgical strikes' (post-Uri),Surgical strikes after Uri,Cross-border military action,South Asia (India/Pakistan),Y,2016-09-29,2016-09-29,Single-day operation announced by DGMO,2016-09-29,First Indian FX trading day on/after event_start_date,DGMO briefing late morning IST on 29 Sep 2016 (Indian markets open); Uri attack of 18 Sep 2016 falls inside the pre-event windows,Press Information Bureau (via GlobalSecurity mirror),Statement by DGMO on surgical strikes,https://www.globalsecurity.org/wmd/library/news/india/2016/india-160929-pdo01.htm,2016-09-29,Official statement (mirror),First publicly acknowledged Indian cross-LoC strike; date and time of announcement are official and unambiguous,"OPEC's Algiers agreement to cut output (28 Sep 2016) - Brent spot +6.5% on 29 Sep, so oil moves in these windows coincide with an unrelated supply decision; RBI MPC first meeting 4 Oct 2016 (repo cut); US election 8 Nov 2016 and demonetisation 8 Nov 2016 fall inside +30/+90 windows; strong USD after US election"
E03,Doklam India-China standoff,Doklam standoff,Border military standoff,South Asia / Himalaya (India/China/Bhutan),Y,2017-06-16,2017-08-28,MEA announcement of disengagement understanding (28 Aug 2017),2017-06-30,"Anchor = first official Indian statement (MEA press release), not the unobserved start of the standoff","Standoff began 16 Jun 2017 per MEA; Chinese foreign-ministry comments circulated from about 26 Jun, so part of the information arrives inside the -7 window",Ministry of External Affairs (India),Recent Developments in Doklam Area,https://www.mea.gov.in/press-releases.htm?dtl/28572/Recent_Developments_in_Doklam_Area,2017-06-30,Official press release,Prolonged India-China military standoff with an official start and end; tests a slow-burn event rather than a shock,GST rollout 1 Jul 2017 (one trading day after anchor); RBI repo cut 2 Aug 2017; steady FPI debt inflows in 2017
E04,Pulwama attack and Balakot airstrike,Pulwama & Balakot,Terror attack followed by cross-border air strike,South Asia (India/Pakistan),Y,2019-02-14,2019-03-01,Return of captured IAF pilot (1 Mar 2019) - de-escalation,2019-02-15,First Indian FX trading day after event_start_date (attack occurred about 15:15 IST - effectively after market close),Balakot strike 26 Feb 2019 and aerial engagement 27 Feb 2019 are milestones inside the +7/+14 windows,Ministry of External Affairs (India),Statement by Foreign Secretary on 26 February 2019 on the Strike on JeM training camp at Balakot,https://www.mea.gov.in/media-briefings.htm?dtl/31090/Statement+by+Foreign+Secretary+on+26+February+2019+on+the+Strike+on+JeM+training+camp+at+Balakot,2019-02-26,Official statement,First Indian air strike across the international border into Pakistan since 1971; official dates for each step,RBI repo cut 7 Feb 2019 and 4 Apr 2019; Indian general election Apr-May 2019 (results 23 May fall inside +90); large FPI inflows in March 2019; Fed dovish pivot Jan-Mar 2019
E05,US strike kills IRGC commander Qassem Soleimani,Soleimani strike,Targeted military strike,Middle East (US/Iran/Iraq),N,2020-01-03,2020-01-08,Iran's retaliatory missile strike on US bases (8 Jan 2020) followed by de-escalation,2020-01-03,First Indian FX trading day on/after event_start_date,Strike about 01:00 Baghdad time on 3 Jan 2020 (about 03:30 IST) - before Indian market open,Military.com,Pentagon Confirms US Killed Gen. Soleimani Head of Iran's Elite Quds Force,https://www.military.com/daily-news/2020/01/02/pentagon-confirms-us-killed-gen-suleimani-head-irans-elite-quds-force.html,2020-01-02,News (quotes Pentagon statement),Direct US-Iran military confrontation with immediate oil-supply risk; unambiguous timestamp,COVID-19 global market crash (late Feb-Mar 2020) falls inside the +30/+90 windows - dominates any post-event reading; Union Budget 1 Feb 2020
E06,Galwan Valley clash,Galwan Valley clash,Border clash with fatalities,South Asia / Himalaya (India/China),Y,2020-06-15,2020-06-15,Single-night clash (standoff continued into 2021),2020-06-16,Anchor = date of official Indian Army statement (information not public on 15 Jun),Clash on the night of 15 Jun 2020; Army statement on 16 Jun 2020 during Indian trading hours,Zee News (quotes Indian Army statement),20 soldiers martyred in Galwan Valley face-off; Indian Army vows to protect nation's territorial integrity,https://zeenews.india.com/india/20-soldiers-martyred-in-galwan-valley-face-off-indian-army-vows-to-protect-nations-territorial-integrity-2290349.html,2020-06-16,News (quotes official statement),First fatal India-China border clash since 1975; clear public-information date,"Entire window sits in the COVID-19 period: record global monetary easing, RBI heavy FX intervention and reserve build-up, lockdown reopening; very large confounding"
E07,Russia's full-scale invasion of Ukraine,Russia invades Ukraine,Interstate war,Eastern Europe (Russia/Ukraine),N,2022-02-24,,Ongoing war (no end date),2022-02-24,First Indian FX trading day on/after event_start_date,Putin's televised address about 05:50 Moscow time (about 08:20 IST) - before Indian market open,President of Russia (Kremlin),Address by the President of the Russian Federation,http://www.en.kremlin.ru/events/president/transcripts/67843,2022-02-24,Official statement,"Largest interstate war in Europe since 1945; major commodity-supply shock (oil, gas, wheat); unambiguous start",US Fed began hiking 16 Mar 2022 (+14 window) and accelerated through 2022; RBI off-cycle hike 4 May 2022 (+90); record FPI equity outflows; broad USD rally in 2022
E08,Hamas attack on Israel and Israel-Gaza war,Hamas attack & Gaza war,Armed attack and war,Middle East (Israel/Gaza),N,2023-10-07,,Ongoing conflict (no single end date),2023-10-09,First Indian FX trading day after event_start_date (Saturday),Attack on Saturday 7 Oct 2023; first Indian trading day Mon 9 Oct 2023,United Nations,Secretary-General Strongly Condemns Attack by Hamas against Israeli Towns Near Gaza Strip,https://press.un.org/en/2023/sgsm21981.doc.htm,2023-10-07,Official statement (UN),Major Middle East war with oil-transit risk (later Red Sea shipping attacks); unambiguous date,US 10Y yield peak near 5% in Oct 2023 then sharp fall; Fed pause; RBI tightly managing INR (very low INR volatility in 2023)
E09,Iran's first direct missile and drone attack on Israel,Iran strikes Israel,Interstate military strike,Middle East (Iran/Israel),N,2024-04-13,2024-04-19,Israel's limited retaliation (19 Apr 2024) followed by de-escalation,2024-04-15,First Indian FX trading day after event_start_date (Saturday),Attack on the night of Saturday 13 Apr 2024; first Indian trading day Mon 15 Apr 2024,United Nations Secretary-General,Statement by the Secretary-General regarding attacks by the Islamic Republic of Iran targeting Israel,https://www.un.org/sg/en/content/sg/statements/2024-04-13/statement-the-secretary-general-regarding-attacks-the-islamic-republic-of-iran-targeting-israel,2024-04-13,Official statement (UN),First direct state-on-state Iran-Israel attack; oil-supply risk; unambiguous date,Indian general election Apr-Jun 2024 (results 4 Jun inside +90); US rate-cut expectations repriced in Apr 2024; strong USD
E10,Pahalgam attack and Operation Sindoor,Pahalgam & Op Sindoor,Terror attack followed by cross-border military operation,South Asia (India/Pakistan),Y,2025-04-22,2025-05-10,India-Pakistan understanding to stop firing (10 May 2025),2025-04-23,First Indian FX trading day after event_start_date (attack reported late afternoon IST),Operation Sindoor strikes 7 May 2025 (early morning IST) and cessation 10 May 2025 are milestones inside the +14 window,Ministry of External Affairs (India),Transcript of Special briefing by MEA (April 23 2025),https://www.globalsecurity.org/wmd/library/news/india/2025/india-250423-india-meab01.htm,2025-04-23,Official briefing (mirror),Widely described as the most serious India-Pakistan military exchange in decades; official dates for each step,US 'reciprocal' tariff shock 2 Apr 2025 and 90-day pause (pre-event and overlapping); RBI repo cuts 9 Apr and 6 Jun 2025; weak USD in H1 2025; overlaps E11 windows
E11,Israel-Iran '12-day war',Israel-Iran 12-day war,Interstate war,Middle East (Israel/Iran/US),N,2025-06-13,2025-06-24,Ceasefire announced by US President and in effect 24 Jun 2025,2025-06-13,First Indian FX trading day on/after event_start_date,Israeli strikes about 03:00 Tehran time on 13 Jun 2025 (about 04:30 IST) - before Indian market open; US strikes on Iran 22 Jun 2025 (Sunday),United Nations,Israel-Iran crisis: UN chief urges calm after overnight strikes,https://news.un.org/en/story/2025/06/1164351,2025-06-13,Official news (UN News),Direct Israel-Iran war with US participation; Strait of Hormuz risk; unambiguous dates,RBI 50bp repo cut 6 Jun 2025 (-7 window); US tariff negotiations and deadlines (Jul-Aug 2025) including higher US tariffs on India in Aug 2025 (+30/+90); overlaps E10 windows
E12,US-Israel war on Iran and Strait of Hormuz disruption,US-Israel war on Iran,Interstate war with chokepoint closure,Middle East / Persian Gulf (US/Israel/Iran),N,2026-02-28,2026-04-08,US-Iran ceasefire announced 8 Apr 2026 (Hormuz traffic stayed impaired afterwards),2026-02-28,First Indian FX trading day after event_start_date (Saturday),Strikes on Saturday 28 Feb 2026; first Indian trading day Mon 2 Mar 2026; Hormuz traffic largely halted by about 18-20 Mar 2026,United Nations Secretary-General,Secretary-General's remarks to the Security Council meeting on the situation in the Middle East,https://www.un.org/sg/en/content/sg/statements/2026-02-28/secretary-generals-remarks-the-security-council-meeting-the-situation-the-middle-east-delivered,2026-02-28,Official statement (UN),Largest oil-supply shock in the sample (World Bank: Brent's highest monthly rise on record in Mar 2026); India is a large net oil importer,Event occurs after the analyst's AI assistant's knowledge cutoff (Jun 2026) - facts taken only from cited sources; ceasefire and Hormuz reopening news through Apr-Jun 2026; RBI net FX sales of about US$11 bn over Feb-Apr 2026; +90 window contains E13
E13,Resumption of US strikes on Iran after ceasefire breakdown,US strikes on Iran resume,Resumed military strikes,Middle East / Persian Gulf (US/Iran),N,2026-07-08,,Ongoing at time of build (30 Sep 2026),2026-07-08,First Indian FX trading day on/after event_start_date,US strikes reported 8 Jul 2026 after attacks on commercial vessels in Hormuz,Al Jazeera,Oil surges as US strikes Iran reversing return to pre-war prices,https://www.aljazeera.com/news/2026/7/8/oil-prices-surge-as-us-strikes-iran-reversing-fall-to-pre-war-levels,2026-07-08,News,Re-escalation of the same conflict; tests whether a second shock looks like the first,+90 window not yet complete at build date (30 Sep 2026); RBI intervention data for Jul-Aug 2026 not yet published; post-event windows overlap the E12 aftermath
