effective_date,repo_rate_pct,change_bp,source_note
2013-01-29,7.75,-25,RBI Third Quarter Review of Monetary Policy 2012-13
2013-03-19,7.50,-25,RBI Mid-Quarter Monetary Policy Review
2013-05-03,7.25,-25,RBI Monetary Policy Statement 2013-14
2013-09-20,7.50,25,RBI Mid-Quarter Monetary Policy Review
2013-10-29,7.75,25,RBI Second Quarter Review 2013-14
2014-01-28,8.00,25,RBI Third Quarter Review 2013-14
2015-01-15,7.75,-25,RBI inter-meeting policy action
2015-03-04,7.50,-25,RBI inter-meeting policy action
2015-06-02,7.25,-25,RBI Second Bi-monthly Monetary Policy Statement 2015-16
2015-09-29,6.75,-50,RBI Fourth Bi-monthly Monetary Policy Statement 2015-16
2016-04-05,6.50,-25,RBI First Bi-monthly Monetary Policy Statement 2016-17
2016-10-04,6.25,-25,MPC resolution (first MPC meeting)
2017-08-02,6.00,-25,MPC resolution
2018-06-06,6.25,25,MPC resolution
2018-08-01,6.50,25,MPC resolution
2019-02-07,6.25,-25,MPC resolution
2019-04-04,6.00,-25,MPC resolution
2019-06-06,5.75,-25,MPC resolution
2019-08-07,5.40,-35,MPC resolution
2019-10-04,5.15,-25,MPC resolution
2020-03-27,4.40,-75,MPC resolution (off-cycle)
2020-05-22,4.00,-40,MPC resolution (off-cycle)
2022-05-04,4.40,40,MPC resolution (off-cycle)
2022-06-08,4.90,50,MPC resolution
2022-08-05,5.40,50,MPC resolution
2022-09-30,5.90,50,MPC resolution
2022-12-07,6.25,35,MPC resolution
2023-02-08,6.50,25,MPC resolution
2025-02-07,6.25,-25,MPC resolution
2025-04-09,6.00,-25,MPC resolution
2025-06-06,5.50,-50,MPC resolution
2025-12-05,5.25,-25,MPC resolution
