series_id,series_name,fact_table,category,unit,frequency,source_org,source_dataset,source_code,source_url,native_timestamp,role_in_analysis,notes
USDINR_RBI,USD/INR - RBI/FBIL Reference Rate,fact_fx,FX,INR per 1 USD,Daily (Indian FX trading days),Reserve Bank of India,DBIE > Statistics > Financial Market > Forex Market > Daily Exchange Rate of the Indian Rupee,US Dollar column (Rs per USD),https://data.rbi.org.in/DBIE/#/dbie/reports/Statistics/Financial%20Market/Forex%20Market,"Reference rate fixed around 13:30 IST (RBI to Jul 2018; computed and published by FBIL since 10 Jul 2018, still carried in DBIE)",PRIMARY currency series,"Export of 30 Sep 2026 covers 25 Aug 1998 - 29 Sep 2026. Cross-checked against the reference-rate column of the Daily Interbank Forex Rates table (USDINR_RBI_IBTABLE): 2,815 identical, 628 rounding differences (<=0.005), 29 conflicts logged in dq_issues."
USDINR_RBI_CLOSE,USD/INR - Interbank Close (RBI DBIE),fact_fx,FX,INR per 1 USD,Daily,Reserve Bank of India,Same DBIE table,Interbank Close Rate column,https://data.rbi.org.in/DBIE/#/dbie/reports/Statistics/Financial%20Market/Forex%20Market,End of Indian interbank session,Secondary (same source),Stored for completeness and for day-range checks
USDINR_FRED,USD/INR - Fed H.10 noon buying rate in New York,fact_fx,FX,INR per 1 USD,Daily (US business days),Board of Governors of the Federal Reserve System via FRED,H.10 Foreign Exchange Rates,DEXINUS,https://fred.stlouisfed.org/series/DEXINUS,12:00 New York time (about 21:30-22:30 IST),Cross-check series; fills Jul-Sep 2026 where RBI export ends,Different timestamp and market than RBI - never spliced silently into the RBI series
BRENT,Brent crude spot (Europe),fact_commodity,Commodity,USD per barrel,Daily,US Energy Information Administration via FRED,Spot prices,DCOILBRENTEU,https://fred.stlouisfed.org/series/DCOILBRENTEU,End-of-day spot assessment (Europe/US),Oil-price channel (India is a large net crude importer),FRED file last updated 23 Sep 2026 (EIA publishes with a lag)
GOLD_USD,LBMA Gold Price AM,fact_commodity,Commodity,USD per troy ounce,Daily (London business days),LBMA / ICE Benchmark Administration,LBMA Gold Price AM (public JSON feed),gold_am (USD field),https://prices.lbma.org.uk/json/gold_am.json,10:30 London time,Safe-haven channel,JSON also carries GBP and EUR fixes (not used)
NIFTY50,NIFTY 50 index (price return),fact_market,Equity,Index points,Daily (NSE trading days),NSE Indices Ltd,Historical index data,NIFTY 50,https://www.niftyindices.com/reports/historical-data,NSE close 15:30 IST,Domestic risk appetite / equity flows proxy,"Loaded from 14 yearly niftyindices.com CSVs, 2013 to 29 Sep 2026"
DXY_BROAD,Nominal Broad US Dollar Index,fact_market,FX,Index Jan 2006=100,Daily,Board of Governors of the Federal Reserve System via FRED,H.10,DTWEXBGS,https://fred.stlouisfed.org/series/DTWEXBGS,Based on noon NY rates,Confounder: global US-dollar strength,Trade-weighted against 26 currencies (includes INR with a small weight)
VIX,CBOE Volatility Index,fact_market,Risk sentiment,Index points,Daily,Cboe Options Exchange via FRED,VIX close,VIXCLS,https://fred.stlouisfed.org/series/VIXCLS,US market close,Confounder: global risk sentiment,
UST10Y,US 10-year Treasury yield,fact_market,Rates,Percent,Daily,Board of Governors of the Federal Reserve System via FRED,H.15,DGS10,https://fred.stlouisfed.org/series/DGS10,US close,Confounder: US rates / capital-flow pull,
FFR_UPPER,Fed funds target range - upper limit,fact_macro,Policy rate,Percent,Daily (step),Board of Governors of the Federal Reserve System via FRED,FOMC target range,DFEDTARU,https://fred.stlouisfed.org/series/DFEDTARU,FOMC decision date,US interest-rate indicator (policy stance),Step series - changes only on FOMC decisions
FFR_EFFECTIVE,Effective federal funds rate,fact_macro,Policy rate,Percent,Daily,Federal Reserve Bank of New York via FRED,EFFR,DFF,https://fred.stlouisfed.org/series/DFF,Published next business day,US interest-rate indicator (market),
IN_REPO,RBI policy repo rate,fact_macro,Policy rate,Percent,Event-based step series,Reserve Bank of India,Monetary policy statements / MPC resolutions,Hand-compiled (01_Data/2_Reference/RBI_Repo_Rate_History.csv),https://www.rbi.org.in/Scripts/Annualpolicy.aspx,Effective on announcement date,Indian policy-rate indicator,Hand-compiled from RBI policy statements; current value 5.25% cross-checked on DBIE homepage banner (30 Sep 2026) and Aug 2026 MPC coverage. Verify against DBIE 'Policy Rates' table before publishing.
US_CPI,US CPI-U all items (SA),fact_macro,Inflation,Index 1982-84=100,Monthly,US Bureau of Labor Statistics via FRED,CPI,CPIAUCSL,https://fred.stlouisfed.org/series/CPIAUCSL,Monthly (released mid following month),Inflation differential context,YoY computed in pipeline
IN_CPI_OECD,India CPI all items (OECD MEI) - superseded,fact_macro,Inflation,Index 2015=100,Monthly,OECD Main Economic Indicators via FRED,MEI,INDCPIALLMINMEI,https://fred.stlouisfed.org/series/INDCPIALLMINMEI,Monthly,Cross-check only,Stops Mar 2025 (OECD discontinued). Superseded by IN_CPI_MOSPI.
IN_FX_RESERVES,India total reserves excluding gold,fact_macro,External sector,USD millions,Monthly,IMF International Financial Statistics via FRED,IFS,TRESEGINM052N,https://fred.stlouisfed.org/series/TRESEGINM052N,End of month,Optional - RBI intervention capacity context,Weekly RBI WSS series is more granular but was not retrievable in this build
RATE_DIFF_IN_US,India repo minus Fed funds upper bound,fact_macro,Policy rate,Percentage points,Monthly (derived),Derived in pipeline,IN_REPO - FFR_UPPER at month end,derived,,Month end,Confounder: interest-rate differential / carry,Derived - not a published series
USDINR_RBI_OPEN,USD/INR - Interbank Open (RBI DBIE),fact_fx,FX,INR per 1 USD,Daily,Reserve Bank of India,Same DBIE table,Interbank Open Rate column,https://data.rbi.org.in/DBIE/#/dbie/reports/Statistics/Financial%20Market/Forex%20Market,Start of Indian interbank session,Stored as a column of fact_fx (RBI rows),
USDINR_RBI_IBTABLE,USD/INR - reference rate column of the Daily Interbank Forex Rates table,fact_fx,FX,INR per 1 USD,Daily,Reserve Bank of India,DBIE > Forex Market > Daily Interbank Forex Rates (USD vis-a-vis INR),RBI Reference Rate column,https://data.rbi.org.in/DBIE/#/dbie/reports/Statistics/Financial%20Market/Forex%20Market,~13:30 IST,Cross-check of the primary RBI series,Ends 30 Jun 2026. Contains carried-forward copies on 1 April (banks annual closing) - excluded.
IN_CPI_MOSPI,"India CPI - Combined, General Index (All India)",fact_macro,Inflation,Index (base varies) / YoY %,Monthly,MoSPI (NSO) via RBI DBIE,"DBIE > Statistics > Real Sector > Prices & Wages > Consumer Price Index - Rural, Urban, Combined (State-Wise), ALL INDIA rows",A) General Index - Combined,https://data.rbi.org.in/DBIE/,Released ~12th of following month,Indian inflation (domestic conditions confounder),"Base 2010=100 before 2014, 2012=100 for 2014-2025, 2024=100 from Jan-2026 (new MoSPI series). Published YoY used; index levels not comparable across bases (series_version column). Aug-2026 YoY 4.82% matches DBIE homepage banner."
IN_RBI_FX_NET,RBI net purchase(+)/sale(-) of foreign currency,fact_macro,FX intervention,USD millions,Monthly,Reserve Bank of India,RBI Bulletin Table No. 4: Sale/Purchase of U.S. Dollar by the RBI (via DBIE),Col 1 (1.1-1.2),https://data.rbi.org.in/DBIE/#/dbie/reports/Statistics/Financial%20Market/Forex%20Market,"Monthly, by value date, published with ~2-month lag",Central-bank intervention (confounder / smoothing),Includes swap and outright-forward legs. '-' in the table means nil and is loaded as 0.
IN_RBI_FX_PURCHASE,RBI gross purchases of foreign currency,fact_macro,FX intervention,USD millions,Monthly,Reserve Bank of India,RBI Bulletin Table No. 4,Col 1.1,https://data.rbi.org.in/DBIE/#/dbie/reports/Statistics/Financial%20Market/Forex%20Market,Monthly,Intervention detail,'-' = nil = 0
IN_RBI_FX_SALE,RBI gross sales of foreign currency,fact_macro,FX intervention,USD millions,Monthly,Reserve Bank of India,RBI Bulletin Table No. 4,Col 1.2,https://data.rbi.org.in/DBIE/#/dbie/reports/Statistics/Financial%20Market/Forex%20Market,Monthly,Intervention detail,Reported as a positive number; '-' = nil = 0
IN_RBI_FWD_BOOK,RBI outstanding net forward sales(-)/purchases(+),fact_macro,FX intervention,USD millions,Monthly (end of month),Reserve Bank of India,RBI Bulletin Table No. 4,Col 4,https://data.rbi.org.in/DBIE/#/dbie/reports/Statistics/Financial%20Market/Forex%20Market,End of month,Intervention detail (forward book),'-' = nil = 0
